timestamp,asset_id,actual_power,wind_speed_ms,ambient_temp_c,vibration_mm_s
2026-09-05 10:00:00,WTG-001,1468.4383493344903,10.908144643157824,22.1213175884175,1.0759874219193715
2026-09-05 10:15:00,WTG-001,646.3699414856353,7.826048706732409,25.47733392885612,0.8327931656015288
2026-09-05 10:30:00,WTG-001,902.8864409671778,9.140567753592606,24.952376884714386,0.8720833822525874
2026-09-05 10:45:00,WTG-001,414.62820964826005,7.05163196473562,26.406960148817205,0.6556557688326687
2026-09-05 11:00:00,WTG-001,462.17306406438615,7.370174899701709,25.028146311284235,0.626623725459518
2026-09-05 11:15:00,WTG-001,175.045262325001,5.394923447526704,25.204203286066758,0.5648599406247855
2026-09-05 11:30:00,WTG-001,234.13516452638126,6.125863486466101,24.753732562330416,0.6869295113064364
2026-09-05 11:45:00,WTG-001,84.62287412139926,4.640954831678405,24.208694388789702,0.4922923160485345
2026-09-05 12:00:00,WTG-001,115.30443551199576,5.652417142455135,24.964129579703044,0.6003210340715484
2026-09-05 12:15:00,WTG-001,952.9764788986123,9.241416059029643,26.719347331839035,0.824016082457284
2026-09-05 12:30:00,WTG-001,444.1590788141646,7.829192277445024,25.847711279405004,0.8841494178872351
2026-09-05 12:45:00,WTG-001,429.56818954438063,6.6397502324724655,25.67410983712661,0.6789305979026727
2026-09-05 13:00:00,WTG-001,307.12180973321546,6.706218969542128,24.520670566330477,0.6499451910788324
2026-09-05 13:15:00,WTG-001,220.55444708078036,5.859053431470512,25.614702096353202,0.6283658299369487
2026-09-05 13:30:00,WTG-001,161.89764530147704,5.222809085164601,25.162267897161165,0.44881624218811483
2026-09-05 13:45:00,WTG-001,164.6674234805102,5.325421110049659,23.14388916558967,0.6516145869466521
2026-09-05 14:00:00,WTG-001,395.07817099687793,6.868994890730292,24.335477921400212,0.7052526285363436
2026-09-05 14:15:00,WTG-001,100.88213688367304,5.201838708384331,25.42966284277543,0.4394211524231612
2026-09-05 14:30:00,WTG-001,50.75205618345507,3.1475220424843107,23.69794033309522,0.12482379326268395
2026-09-05 14:45:00,WTG-001,0.0,4.254574217989962,25.07162888322721,0.4614794938793595
2026-09-05 15:00:00,WTG-001,193.83479548598527,5.845296763929548,23.029727350447615,0.5746121779665142
2026-09-05 15:15:00,WTG-001,39.30446305633168,3.060392243431434,23.488035824654574,0.3079727475538374
2026-09-05 15:30:00,WTG-001,195.1322431746052,4.536928777498554,22.22468146240175,0.5591853845028265
2026-09-05 15:45:00,WTG-001,14.252984499014183,3.342710763379566,22.0723189406886,0.3046005921478762
2026-09-05 16:00:00,WTG-001,47.22378707680047,1.4736696323960297,24.19893813913985,0.1065000060157664
2026-09-05 16:15:00,WTG-001,370.4151419455739,5.949252281559822,22.61004521711709,0.5359318142577412
2026-09-05 16:30:00,WTG-001,85.22151836564181,4.426151623714626,20.084393770321725,0.3185706522467134
2026-09-05 16:45:00,WTG-001,0.0,2.576773300348236,22.049566779302374,0.2673648082920512
2026-09-05 17:00:00,WTG-001,0.0,3.3239294382404765,21.669811936156126,0.3175432698007827
2026-09-05 17:15:00,WTG-001,57.690608416721446,2.187070257791399,18.746327473317113,0.25677289452771196
2026-09-05 17:30:00,WTG-001,94.18767331514518,0.8784505039667518,21.784051117150316,0.12227230409590753
2026-09-05 17:45:00,WTG-001,0.0,1.3982212113542845,21.056944435565885,0.23963397965488284
2026-09-05 18:00:00,WTG-001,42.628620256687164,4.277790707362066,19.279464126137842,0.46580795489751564
2026-09-05 18:15:00,WTG-001,42.578121782362224,1.0348830853553372,19.641559130481262,0.14445493555163047
2026-09-05 18:30:00,WTG-001,0.0,3.404779981358663,18.843277890600543,0.21397812336156857
2026-09-05 18:45:00,WTG-001,10.372749456469144,3.4520034628091034,20.997558540077797,0.470765069758619
2026-09-05 19:00:00,WTG-001,46.5796639626083,2.6146842154648335,17.382789518396102,0.3215071761719278
2026-09-05 19:15:00,WTG-001,67.21610461566239,1.4915675264426922,18.070784982020488,0.13812741900631403
2026-09-05 19:30:00,WTG-001,140.44526204706713,4.27102009330623,18.957438663615026,0.5308826739797968
2026-09-05 19:45:00,WTG-001,0.0,2.2261370743852678,17.66988411091408,0.3375935561008713
2026-09-05 20:00:00,WTG-001,102.41204174022462,3.636340072966781,17.552413980708675,0.3113950129832962
2026-09-05 20:15:00,WTG-001,11.931312247961126,2.677795494029489,18.652238259348966,0.19269948778904356
2026-09-05 20:30:00,WTG-001,0.0,1.682474809125406,17.162674932551557,0.17313308729048513
2026-09-05 20:45:00,WTG-001,8.17161617151501,2.9791254319337828,17.264636995278092,0.21972113555988104
2026-09-05 21:00:00,WTG-001,74.28968860201776,4.147486786234425,16.716489540756154,0.47694855459275254
2026-09-05 21:15:00,WTG-001,81.16612809843345,4.514244176813556,16.135381052005215,0.5075254744147603
2026-09-05 21:30:00,WTG-001,0.0,3.533261942592885,15.824651577836606,0.3510196565717206
2026-09-05 21:45:00,WTG-001,104.4393620288071,4.623656301238527,16.28016773249468,0.4659120824950904
2026-09-05 22:00:00,WTG-001,143.19230840742856,4.75609257541653,15.789216772690114,0.4530737793207664
2026-09-05 22:15:00,WTG-001,74.90837032987287,4.336209538197402,17.455243373217414,0.4190919872291612
2026-09-05 22:30:00,WTG-001,0.6995502350550851,4.838239635177227,14.834414351695758,0.4794872343080304
2026-09-05 22:45:00,WTG-001,226.69464585502817,5.887176816788671,15.907677394688557,0.6720165334211187
2026-09-05 23:00:00,WTG-001,209.8429435943179,5.564391625470987,14.73595662103611,0.5481979302096758
2026-09-05 23:15:00,WTG-001,257.8432623879992,6.3838703079212795,15.837992503296288,0.6755900251131853
2026-09-05 23:30:00,WTG-001,45.779805766420765,4.047927391839826,16.173303031792287,0.544369469964059
2026-09-05 23:45:00,WTG-001,11.211319316961507,4.012517356156893,15.53182917194344,0.3748094353307987
2026-09-06 00:00:00,WTG-001,304.12303561640124,6.510276187853692,14.320527537974584,0.607033878288167
2026-09-06 00:15:00,WTG-001,133.20373176460382,4.886857178701798,13.495522994865933,0.45461981481518554
2026-09-06 00:30:00,WTG-001,285.4823687003211,6.419844644513796,15.03844959015114,0.6272053185509819
2026-09-06 00:45:00,WTG-001,224.81932522779374,5.1115793148955575,14.946530223929042,0.46754744473005916
2026-09-06 01:00:00,WTG-001,121.41324492016253,4.524255374550032,15.385417958377671,0.4784704900673288
2026-09-06 01:15:00,WTG-001,580.9069233542975,8.109621353023488,15.944635264245802,0.8122441570129223
2026-09-06 01:30:00,WTG-001,594.8755519324567,8.189709537596249,13.458246430864367,0.8064925639881375
2026-09-06 01:45:00,WTG-001,443.7693040091307,6.673913915999044,16.867524462099635,0.574833944739815
2026-09-06 02:00:00,WTG-001,1348.3370679562902,10.346010243161084,12.603325466228757,1.0791085699034233
2026-09-06 02:15:00,WTG-001,584.5947460469812,8.172392378481744,17.45047421102452,0.6607574946736438
2026-09-06 02:30:00,WTG-001,771.4553399725366,8.906192059655334,15.546394891715643,0.8579755913103274
2026-09-06 02:45:00,WTG-001,457.15705276223656,7.29642633406665,17.903957752382528,0.7276544934565846
2026-09-06 03:00:00,WTG-001,724.8663475419517,8.800896814045817,17.369312276796176,0.8208554153093824
2026-09-06 03:15:00,WTG-001,980.5011283379434,9.293253675503426,15.55221638246225,0.8958702076155941
2026-09-06 03:30:00,WTG-001,214.1939255481575,5.310613966241793,14.67634447511653,0.5507141217870731
2026-09-06 03:45:00,WTG-001,785.7630690368666,9.13379916980491,16.228904853284376,0.9055121882501603
2026-09-06 04:00:00,WTG-001,880.4335117617699,9.25032285049968,19.893969573881513,0.9476032912533988
2026-09-06 04:15:00,WTG-001,431.2190850279239,7.1357453461666385,18.092421272787423,0.692862903947222
2026-09-06 04:30:00,WTG-001,1101.994445424643,9.695970795780593,19.065972288258813,0.9613089532519649
2026-09-06 04:45:00,WTG-001,479.80696619858446,7.616276125664519,17.481253883579143,0.7515713376087214
2026-09-06 05:00:00,WTG-001,1104.4796765798164,9.934620798167831,19.392687234531945,0.97556251212336
2026-09-06 05:15:00,WTG-001,608.3764973271522,8.170683174710735,18.399697417513273,0.8005361905738995
2026-09-06 05:30:00,WTG-001,1500.8366743095335,10.74648719980679,18.48704165132725,1.052204753229217
2026-09-06 05:45:00,WTG-001,1539.3312488799997,10.985975616785085,19.91552699005977,1.0746582075763977
2026-09-06 06:00:00,WTG-001,1056.5555461412737,9.672620539945067,20.213754238788745,0.7876239245848019
2026-09-06 06:15:00,WTG-001,366.38574217209873,6.760311066072704,21.41209516847384,0.5947766348544484
2026-09-06 06:30:00,WTG-001,2000.0,12.133512553848105,19.749428874764654,1.1993062074900058
2026-09-06 06:45:00,WTG-001,533.4470869811385,7.891013236881995,19.64212494583474,0.7734797392705774
2026-09-06 07:00:00,WTG-001,1251.2404074672484,10.021858407488066,21.476553784631957,1.000152256257942
2026-09-06 07:15:00,WTG-001,752.1829815244811,8.470880213716303,21.486917954368305,0.8823030149043438
2026-09-06 07:30:00,WTG-001,929.7319992357714,9.206318138126719,20.714821553230912,0.9660655595258759
2026-09-06 07:45:00,WTG-001,426.0342782123448,6.9229753393273405,21.51872754803466,0.7136179241271935
2026-09-06 08:00:00,WTG-001,887.9512438579338,9.467871655952228,21.12830453740573,0.9923698586331167
2026-09-06 08:15:00,WTG-001,944.915611487679,9.264891952516555,22.20988851477445,0.952978261666581
2026-09-06 08:30:00,WTG-001,584.4421419734945,7.849144856227379,22.419742744262926,0.7754080657581776
2026-09-06 08:45:00,WTG-001,1234.8882515972352,10.32519075726256,24.20597208514532,1.0792527024612064
2026-09-06 09:00:00,WTG-001,239.76943828021945,6.318255679737436,25.074721435770773,0.5984956431372278
2026-09-06 09:15:00,WTG-001,516.0690362404542,7.425003243927371,22.4045238263133,0.628110904264031
2026-09-06 09:30:00,WTG-001,395.84382004607585,7.683729957492278,24.545663961015965,0.8333495434448289
2026-09-06 09:45:00,WTG-001,1161.7938690851126,10.129241399212791,24.87605779029465,0.9809275901227431
2026-09-06 10:00:00,WTG-001,481.76498673955706,7.432491474217682,24.080305190252385,0.7773253332855022
2026-09-06 10:15:00,WTG-001,9.586156239817711,4.059037631474791,23.778281751758005,0.3752910438696154
2026-09-06 10:30:00,WTG-001,440.24038775242286,7.341932262123171,25.352156588381085,0.6867587366709825
2026-09-06 10:45:00,WTG-001,180.47838431985227,4.917273159666436,24.259267869998563,0.5615692354811624
2026-09-06 11:00:00,WTG-001,115.16164314981106,4.496254304994885,24.861470234321107,0.4671174491893011
2026-09-06 11:15:00,WTG-001,450.54970513688863,7.13879687753451,26.56088448166788,0.8122000345789645
2026-09-06 11:30:00,WTG-001,347.2964438674019,6.32002447755193,27.04376038040165,0.6660454343541047
2026-09-06 11:45:00,WTG-001,361.4682668269729,6.878819611991963,25.776259972602126,0.7135504429984127
2026-09-06 12:00:00,WTG-001,58.93924371933156,5.554695040899323,23.651011360811527,0.5671453232502944
2026-09-06 12:15:00,WTG-001,134.92219707243657,4.720491869609418,25.13580709833459,0.37174774565840424
2026-09-06 12:30:00,WTG-001,270.9723219263413,7.23905075558792,25.682048002380146,0.7706977328674534
2026-09-06 12:45:00,WTG-001,104.88368251347019,5.525539014709698,24.381443710787618,0.525303742360589
2026-09-06 13:00:00,WTG-001,3.392461450890032,3.6391884084743156,24.50588472829273,0.4080432251844267
2026-09-06 13:15:00,WTG-001,27.91081424920019,2.6267417320086834,23.55042650232356,0.23081911194052646
2026-09-06 13:30:00,WTG-001,245.5464132751293,5.75693657102558,23.920648598433704,0.5075094455938031
2026-09-06 13:45:00,WTG-001,214.34540422142243,5.664270689618659,24.194391274283213,0.6340631818607176
2026-09-06 14:00:00,WTG-001,62.36535374762524,2.6553710231536893,24.107453396919254,0.3128019547851141
2026-09-06 14:15:00,WTG-001,42.35052802653762,2.5764488492502746,24.382683841304768,0.2195896603320446
2026-09-06 14:30:00,WTG-001,106.727938080195,5.18742585310669,23.45208303193941,0.46172480824187184
2026-09-06 14:45:00,WTG-001,129.3519223471065,3.5992355428235028,23.56299184784405,0.34809324368237704
2026-09-06 15:00:00,WTG-001,186.01307540170623,5.3876318311307045,22.70856029271531,0.5903953401881049
2026-09-06 15:15:00,WTG-001,0.0,2.4692372794543713,22.845805271326512,0.23086477276440703
2026-09-06 15:30:00,WTG-001,0.0,2.799539673267941,24.632167006220474,0.3053402219784938
2026-09-06 15:45:00,WTG-001,0.0,1.9141710712584827,21.719298739155363,0.2955823232819941
2026-09-06 16:00:00,WTG-001,85.51603896199518,3.695700370163611,23.359949608904486,0.39908841239828896
2026-09-06 16:15:00,WTG-001,132.8767801137317,5.167857516522973,22.253166658622447,0.41457265070851845
2026-09-06 16:30:00,WTG-001,0.0,0.5475742105087833,21.890777419467582,0.042938835731393746
2026-09-06 16:45:00,WTG-001,0.0,2.7074168153176754,21.996276400329794,0.21648419929281842
2026-09-06 17:00:00,WTG-001,158.61132837098853,6.078694221242679,21.56734455966916,0.5518173552262212
2026-09-06 17:15:00,WTG-001,87.46568111622217,3.3512206207697144,20.509679158644577,0.2784533102105303
2026-09-06 17:30:00,WTG-001,149.60090027212576,4.896678814518197,20.911447330231976,0.5636671203556154
2026-09-06 17:45:00,WTG-001,155.53895189826534,3.7646080500639716,20.914710648978268,0.3196434934266198
2026-09-06 18:00:00,WTG-001,144.55855363077734,4.9787164391123255,19.510282838855332,0.46385028403041145
2026-09-06 18:15:00,WTG-001,12.859617045413962,0.33336301045670025,20.384120399280743,0.07430699243691463
2026-09-06 18:30:00,WTG-001,76.46081934098869,1.8856293954590906,19.54843914681362,0.15021172610024355
2026-09-06 18:45:00,WTG-001,170.09418868246695,4.973856762562654,20.340159010757144,0.5147219446466266
2026-09-06 19:00:00,WTG-001,158.9872029476032,4.722508337343366,17.181448792946437,0.42085772514202363
2026-09-06 19:15:00,WTG-001,70.47645855599899,2.76023029445003,17.360931286661906,0.27562273591282155
2026-09-06 19:30:00,WTG-001,70.86738444807996,2.815983042195429,17.745964114644003,0.27629513889359814
2026-09-06 19:45:00,WTG-001,0.0,2.9773870578480874,18.624674428136746,0.33971889237410846
2026-09-06 20:00:00,WTG-001,2.4892406745955484,2.3948234065140896,17.232838724545218,0.28756375890056657
2026-09-06 20:15:00,WTG-001,95.20641956810292,4.316442917153723,16.538964222187975,0.42191161314328696
2026-09-06 20:30:00,WTG-001,40.50283712070765,3.6010645288740615,16.841424880343567,0.3595955437963664
2026-09-06 20:45:00,WTG-001,37.385984469967426,4.0213901784360715,16.90335483305029,0.4165409225194965
2026-09-06 21:00:00,WTG-001,59.44859323374527,4.58391628742593,18.89738757214262,0.43403727017215615
2026-09-06 21:15:00,WTG-001,0.0,0.612260329416511,16.61855011483444,0.057526205109837004
2026-09-06 21:30:00,WTG-001,19.085315611088085,3.4148730818658466,17.10505212019885,0.4064947158408873
2026-09-06 21:45:00,WTG-001,530.923602634628,8.116986854420002,16.578474478431467,0.8378228746707992
2026-09-06 22:00:00,WTG-001,31.591356503426695,4.125063347818959,16.76209498700111,0.357372694509838
2026-09-06 22:15:00,WTG-001,40.17884483049952,2.869518973625281,16.622136190891162,0.3008161335190771
2026-09-06 22:30:00,WTG-001,97.11271288614437,5.096222144602459,18.219912966577322,0.46556457822535374
2026-09-06 22:45:00,WTG-001,1067.3927119502298,9.51305259130213,13.475405047911872,0.9079829592594347
2026-09-06 23:00:00,WTG-001,357.33104640728044,7.106217135833843,15.754974489739592,0.6858347423478014
2026-09-06 23:15:00,WTG-001,59.720564513985686,2.8735739083453695,16.062893195094748,0.31010213150969174
2026-09-06 23:30:00,WTG-001,285.81403070202015,6.181375195778209,15.307272073393522,0.6082558253803895
2026-09-06 23:45:00,WTG-001,218.8394468788884,6.366200289241279,15.590399532975399,0.6569622063666176
2026-09-07 00:00:00,WTG-001,5.121199815516128,3.2949395659605107,15.477406703212583,0.3140577800391931
2026-09-07 00:15:00,WTG-001,72.06993846254362,3.7497721888348767,13.834009839761599,0.36455807561974807
2026-09-07 00:30:00,WTG-001,214.20319277372533,5.726529993961992,14.084843387094317,0.5668882410079549
2026-09-07 00:45:00,WTG-001,141.0646331271999,4.049698773817665,14.738104183111986,0.4032148812809548
2026-09-07 01:00:00,WTG-001,430.42622306505564,7.0751818353693805,14.363846645842868,0.7126179083592834
2026-09-07 01:15:00,WTG-001,243.89840007291906,6.325611040703745,16.411176755761712,0.692219118543604
2026-09-07 01:30:00,WTG-001,401.90067297236146,7.039013368519156,15.291664976745887,0.7140638517272823
2026-09-07 01:45:00,WTG-001,408.40772910104755,7.174596106337582,15.572493194009727,0.6505572203471597
2026-09-07 02:00:00,WTG-001,339.3385653883388,6.140505961311727,15.751914110168027,0.6703806688246319
2026-09-07 02:15:00,WTG-001,25.996073217241914,3.158200292897255,16.805091099941862,0.33052419212503076
2026-09-07 02:30:00,WTG-001,448.78895814549685,6.451979597269958,15.94058061543877,0.6390260492217626
2026-09-07 02:45:00,WTG-001,228.69378669595534,5.851910688775743,15.653890208133454,0.5266835811723888
2026-09-07 03:00:00,WTG-001,2000.0,12.006838683192884,14.888473692381556,1.1956897520328342
2026-09-07 03:15:00,WTG-001,1213.1035877251581,10.159086286611899,15.801605038130296,1.01795463651235
2026-09-07 03:30:00,WTG-001,1116.3457800829938,10.109637196534676,16.04547813528724,1.0083171601693435
2026-09-07 03:45:00,WTG-001,531.4714683359572,7.63082281621898,15.779855621869547,0.7688790132301845
2026-09-07 04:00:00,WTG-001,388.66468214868144,6.972620801910737,18.60578050170602,0.7576191096409759
2026-09-07 04:15:00,WTG-001,522.396435946366,7.5121926020378815,18.55156937823666,0.7174469258329969
2026-09-07 04:30:00,WTG-001,796.2801914391298,9.033592909641078,18.32167078553057,0.8875827866628521
2026-09-07 04:45:00,WTG-001,784.2807760751365,8.914816869810176,16.6475541503943,0.798056735825101
2026-09-07 05:00:00,WTG-001,1583.6018282835146,11.231977074055633,18.748304129846677,1.1399366333394598
2026-09-07 05:15:00,WTG-001,729.1681385449394,8.609631721755227,18.73339059755157,0.8435751213838676
2026-09-07 05:30:00,WTG-001,766.338595831147,8.659452318243037,19.659941233225243,0.8199040241765911
2026-09-07 05:45:00,WTG-001,1033.1217405347809,9.614182260692179,18.73873424837771,0.9258113363798621
2026-09-07 06:00:00,WTG-001,727.8813905760243,8.609214772366672,20.653486415486622,0.821564865805381
2026-09-07 06:15:00,WTG-001,1194.038681981782,10.012662321503083,19.869374015664416,1.0693543543705983
2026-09-07 06:30:00,WTG-001,714.5946289834798,8.284700860354361,20.004848468233877,0.8699033233046604
2026-09-07 06:45:00,WTG-001,844.0186567433848,8.947759268385274,22.180006362148255,0.8535942190193992
2026-09-07 07:00:00,WTG-001,361.62987596453337,6.894217172363173,22.231733069775554,0.7268485940309546
2026-09-07 07:15:00,WTG-001,1744.9172117491532,11.48292139313175,22.37496918947853,1.1580350757555777
2026-09-07 07:30:00,WTG-001,913.9348761448193,9.048005796444661,20.322073366093385,0.9755012767298284
2026-09-07 07:45:00,WTG-001,1075.578115421633,9.689949816895359,22.950529363894418,1.0268003293548964
2026-09-07 08:00:00,WTG-001,213.55223903182696,5.916223886658983,23.940553931024574,0.6291824582442976
2026-09-07 08:15:00,WTG-001,1173.1266492753216,10.092499623786654,22.87329790096545,1.072395551018001
2026-09-07 08:30:00,WTG-001,606.304871219645,8.224183824126227,22.734639346058906,0.6701957226129204
2026-09-07 08:45:00,WTG-001,437.59432169027156,7.219117263181536,23.555520312238173,0.6534777042671033
2026-09-07 09:00:00,WTG-001,799.1979041698194,8.594889475378116,24.250549574533387,0.817005508877069
2026-09-07 09:15:00,WTG-001,555.4866785326426,7.666816046777485,25.699896896651378,0.8233627227899987
2026-09-07 09:30:00,WTG-001,826.043858272579,8.874673037255944,24.14336127627185,0.9633798013649666
2026-09-07 09:45:00,WTG-001,435.34897761141013,7.853599076203336,25.06394934841164,0.7552175823394409
2026-09-07 10:00:00,WTG-001,400.73240891740033,7.258212837967214,24.62979785114337,0.7814657414782848
2026-09-07 10:15:00,WTG-001,419.8045660100842,7.35570867808929,24.782735508574234,0.7376397085102169
2026-09-07 10:30:00,WTG-001,642.9890665381631,7.909383655590468,25.67233458157787,0.7835569245264526
2026-09-07 10:45:00,WTG-001,768.6339261354592,8.594710501144608,24.220675049865257,0.9380490152339913
2026-09-07 11:00:00,WTG-001,464.48167356959516,7.821475614622074,22.896586951681652,0.8048744538334821
2026-09-07 11:15:00,WTG-001,282.2297954023698,5.864005298576747,24.68161348592029,0.5236617995061782
2026-09-07 11:30:00,WTG-001,493.4042485991048,7.352009986199871,25.02395855045282,0.7041653025736309
2026-09-07 11:45:00,WTG-001,381.6959174971911,7.0052648864761045,26.17572946267415,0.7048030601992549
2026-09-07 12:00:00,WTG-001,313.31002084093694,6.095723144116335,25.136982925795962,0.644815105826306
2026-09-07 12:15:00,WTG-001,627.5936317138207,8.192321838448771,24.61948524143267,0.802014599697823
2026-09-07 12:30:00,WTG-001,446.64710993246797,7.259988193707269,25.049472940394164,0.7080656521620141
2026-09-07 12:45:00,WTG-001,105.23508239017896,4.098443945818267,25.883272466609306,0.44410558161397407
2026-09-07 13:00:00,WTG-001,160.30926353314035,5.865752111698594,26.863263807998557,0.604952241181246
2026-09-07 13:15:00,WTG-001,240.85495692981883,6.1290011172281345,24.715453227889892,0.5768344920593502
2026-09-07 13:30:00,WTG-001,150.36160280156736,4.6365690970110816,24.98958629415879,0.48058498621965196
2026-09-07 13:45:00,WTG-001,65.1354611414317,4.861065155468594,24.854583878119065,0.45983421730508695
2026-09-07 14:00:00,WTG-001,178.21627281084,4.667638159331959,23.200194367303922,0.43312734416484233
2026-09-07 14:15:00,WTG-001,50.89698300247625,2.933250486549722,24.091495961488143,0.32125847617424785
2026-09-07 14:30:00,WTG-001,626.8523936582119,7.886734153493542,23.812394965114382,0.7603516702566565
2026-09-07 14:45:00,WTG-001,206.0240901821803,4.729123127524599,20.551032845026032,0.5466634188316893
2026-09-07 15:00:00,WTG-001,105.4516416864981,4.105917575374331,23.260979282758964,0.2732401397256887
2026-09-07 15:15:00,WTG-001,70.82099432114536,2.9097631058197093,21.247064989623656,0.2352219307051492
2026-09-07 15:30:00,WTG-001,119.58398833471989,3.064095108905693,23.776786763820752,0.2945540172524474
2026-09-07 15:45:00,WTG-001,121.94003151246773,4.865808346034502,23.679719310587892,0.46216301400868387
2026-09-07 16:00:00,WTG-001,175.44998603373443,4.462746453093639,22.227596522291392,0.4584153679626802
2026-09-07 16:15:00,WTG-001,101.0297746742135,3.6069098156158512,21.992486109654244,0.4258504938404864
2026-09-07 16:30:00,WTG-001,446.65920382118514,6.861191323954564,22.900429819367623,0.7115418535857427
2026-09-07 16:45:00,WTG-001,28.02233058885247,1.5768924862501459,20.311833846015215,0.15931056441253497
2026-09-07 17:00:00,WTG-001,1.9544754630744807,2.7246109473685443,21.362662620763995,0.18638430470620337
2026-09-07 17:15:00,WTG-001,210.30345803926554,5.595089504763344,22.222138935501885,0.6550095823099624
2026-09-07 17:30:00,WTG-001,14.147099831953454,3.9764570663641052,20.429541466830397,0.40732118151013263
2026-09-07 17:45:00,WTG-001,62.390579627932155,3.1113701216153165,19.72354090876937,0.3725478559704722
2026-09-07 18:00:00,WTG-001,0.0,1.3380757450521905,19.179389441207448,0.07465624951608699
2026-09-07 18:15:00,WTG-001,0.0,2.275245810138529,19.275832983594075,0.29079060946455654
2026-09-07 18:30:00,WTG-001,7.864879726985883,3.254576981981328,17.495777481323014,0.3069556558091101
2026-09-07 18:45:00,WTG-001,67.3091789917199,3.3479721081270784,17.649459265689487,0.3083956765326519
2026-09-07 19:00:00,WTG-001,105.65502090347823,4.430616228695741,16.6562133281769,0.44288371545250216
2026-09-07 19:15:00,WTG-001,0.08513066394325226,1.462132580104719,17.862914054176393,0.18956126223979924
2026-09-07 19:30:00,WTG-001,28.612426895863763,2.928763534276085,19.26374654735999,0.29608336627586485
2026-09-07 19:45:00,WTG-001,37.52427332504823,0.9262572472141337,18.54363276072452,0.13668607869645957
2026-09-07 20:00:00,WTG-001,113.8454718345723,5.317656303886926,17.437925855292157,0.4798467614426469
2026-09-07 20:15:00,WTG-001,62.00213782724477,4.449635768016071,16.928673626741347,0.4373226972350037
2026-09-07 20:30:00,WTG-001,91.21575860211419,4.411591713402007,17.847955495834885,0.5040883837368976
2026-09-07 20:45:00,WTG-001,237.27214614848708,5.327473001359312,16.13028352815087,0.49451886553891894
2026-09-07 21:00:00,WTG-001,61.843613534146854,1.2829678067793866,16.07875020346212,0.17330851681371123
2026-09-07 21:15:00,WTG-001,61.318008540960875,3.79790865972675,17.0124322139416,0.4369008312444055
2026-09-07 21:30:00,WTG-001,64.42635797144885,4.996265638846401,16.378180927193476,0.439437750895377
2026-09-07 21:45:00,WTG-001,140.33831632891918,3.987323296391934,16.326953325260703,0.428557801121351
2026-09-07 22:00:00,WTG-001,386.8953305011394,6.423909050404497,16.143953238756744,0.6646778581944888
2026-09-07 22:15:00,WTG-001,182.35642264278673,5.074268477521168,15.75334286123088,0.48057978223371955
2026-09-07 22:30:00,WTG-001,0.0,2.1250614204804683,15.007165935045961,0.252174667882134
2026-09-07 22:45:00,WTG-001,325.1703201839062,6.456924221571477,15.045936104401783,0.6040440900629148
2026-09-07 23:00:00,WTG-001,46.78010028635636,4.865108030307457,16.379648918866472,0.5361286636379341
2026-09-07 23:15:00,WTG-001,61.21400673557561,5.333462987274364,15.61286125618626,0.6188613026807476
2026-09-07 23:30:00,WTG-001,163.3194724120538,5.602076956472849,13.737969409058902,0.5632731537079386
2026-09-07 23:45:00,WTG-001,319.37631587856464,5.851977822233082,15.533417858468342,0.5786072115891233
2026-09-08 00:00:00,WTG-001,145.70962057594642,4.519813081361641,13.553363891464757,0.3964058240829291
2026-09-08 00:15:00,WTG-001,304.5434082492806,6.419973192795206,15.219216693870475,0.6330174728810909
2026-09-08 00:30:00,WTG-001,456.67727467202394,7.338911144311,16.0950695413537,0.7747497118188911
2026-09-08 00:45:00,WTG-001,411.5073107215486,7.1547379262193616,14.43102137877929,0.7143652922446551
2026-09-08 01:00:00,WTG-001,207.9769392786582,5.656131176525674,15.509843781315167,0.501591098933909
2026-09-08 01:15:00,WTG-001,431.5574788644105,7.159631136531362,14.773814643350551,0.657267807242842
2026-09-08 01:30:00,WTG-001,92.01899212628653,5.358120658911032,14.557084992822837,0.6385987616500568
2026-09-08 01:45:00,WTG-001,484.342623445797,7.407184741649764,13.780342021992114,0.6939698993423639
2026-09-08 02:00:00,WTG-001,1002.5897058854725,9.498887396768367,16.01596058594269,0.9828377624380226
2026-09-08 02:15:00,WTG-001,715.564145812103,8.604933836200061,15.462080343087603,0.8588120659922692
2026-09-08 02:30:00,WTG-001,1414.1071685665572,10.561513408638605,16.74077294874055,1.0873474142152386
2026-09-08 02:45:00,WTG-001,436.2652123235949,7.190891308615148,15.631529214966124,0.7293981262100292
2026-09-08 03:00:00,WTG-001,805.32549094009,9.094964768744719,15.884983549904952,0.9622135898467271
2026-09-08 03:15:00,WTG-001,267.02273198669513,6.38505787175985,16.580379718188414,0.5810834882220973
2026-09-08 03:30:00,WTG-001,287.2518931543266,6.304454972166124,16.39981111733917,0.6502193107169661
2026-09-08 03:45:00,WTG-001,365.32959732551024,7.012326761574704,17.88506089614962,0.7008369429040833
2026-09-08 04:00:00,WTG-001,1330.0620525425472,10.598003782728,17.86186464862753,1.124944423785902
2026-09-08 04:15:00,WTG-001,741.0109235749865,8.505002706462902,18.673068798795928,0.9120408961568738
2026-09-08 04:30:00,WTG-001,1101.2712529714518,9.990372908754823,17.91013737372874,1.0827935802118143
2026-09-08 04:45:00,WTG-001,1234.3513642892678,10.307612061774872,18.30745956268821,1.0628606381322463
2026-09-08 05:00:00,WTG-001,934.7992575909628,9.421722864561984,18.612008352766082,0.8951400506454866
2026-09-08 05:15:00,WTG-001,760.6163945168914,8.663389812798561,20.245817096097667,0.9302376156129867
2026-09-08 05:30:00,WTG-001,1323.2671749216472,10.485416570893547,20.2016598607901,1.1568649532281339
2026-09-08 05:45:00,WTG-001,1352.7303647477056,10.495485751726141,19.72676479342258,1.04830069952926
2026-09-08 06:00:00,WTG-001,1547.645774324926,11.029497994379918,19.208381668873916,1.1264564951905394
2026-09-08 06:15:00,WTG-001,422.6023757101643,6.83029454870209,19.681700330250017,0.6024978684069693
2026-09-08 06:30:00,WTG-001,922.8139626608088,9.17599264877135,19.513877491722432,0.9604600776967784
2026-09-08 06:45:00,WTG-001,531.7346049879881,7.776009174724042,19.98531805166949,0.6557535170512369
2026-09-08 07:00:00,WTG-001,1409.4636299441022,10.600523241413834,21.92062902736162,1.1299461368293435
2026-09-08 07:15:00,WTG-001,433.816822131922,6.663351137999734,22.677132992328264,0.6858062173833462
2026-09-08 07:30:00,WTG-001,873.8392901317474,9.277169625456674,21.374235585063342,0.9825388093182836
2026-09-08 07:45:00,WTG-001,617.5491199205522,8.100413668483004,20.91407298286859,0.8253563410382823
2026-09-08 08:00:00,WTG-001,468.38074117377903,7.231889795523572,21.375895587183052,0.7397214057980884
2026-09-08 08:15:00,WTG-001,811.3622338031153,8.868722761864477,22.785384191873266,0.8846407827636057
2026-09-08 08:30:00,WTG-001,71.83934302346003,4.233367796521577,24.212566744395893,0.38812693521512465
2026-09-08 08:45:00,WTG-001,918.8186292891037,9.286110036858336,23.018468462097502,0.9531640318565581
2026-09-08 09:00:00,WTG-001,557.143807847618,7.7101965855716825,23.75721380242614,0.7203221932435018
2026-09-08 09:15:00,WTG-001,766.0547404491531,8.65516207080863,23.15358637422424,0.8132112630211504
2026-09-08 09:30:00,WTG-001,846.6424140214165,9.09369087633911,24.97133888857105,0.8925561319774811
2026-09-08 09:45:00,WTG-001,485.4220949164791,7.69851620834771,24.534020031777096,0.7903734740004806
2026-09-08 10:00:00,WTG-001,907.5936611677462,9.306240800490455,23.598176315609912,0.9218606560183756
2026-09-08 10:15:00,WTG-001,325.52918246728535,5.91176843370141,23.456681701749478,0.5354094021225569
2026-09-08 10:30:00,WTG-001,676.5397702688664,8.557503950350442,26.214228485484973,0.8620577522998898
2026-09-08 10:45:00,WTG-001,672.5658791153173,8.519936015492346,27.0056285796328,0.8576734578062737
2026-09-08 11:00:00,WTG-001,334.37457980775525,6.500628192307214,24.90545965900598,0.7147173336469311
2026-09-08 11:15:00,WTG-001,410.13127343324413,7.322973492004321,26.105088193232078,0.6835570335735881
2026-09-08 11:30:00,WTG-001,496.3967057662009,7.608525389516093,26.370583493808585,0.7531685966849736
2026-09-08 11:45:00,WTG-001,47.099087005410226,3.014636953397668,24.54146258568198,0.27024956719036186
2026-09-08 12:00:00,WTG-001,392.44623689353546,7.240350856304262,25.42737006385366,0.7693310909892256
2026-09-08 12:15:00,WTG-001,289.32017728132803,6.504219399310831,23.35656987180035,0.7118468388099799
2026-09-08 12:30:00,WTG-001,104.29647818298061,4.583841688380549,23.776844781627386,0.4358248201833674
2026-09-08 12:45:00,WTG-001,269.8051178669301,6.690096391755497,25.030585035901687,0.7305024980005215
2026-09-08 13:00:00,WTG-001,24.042954647861563,3.8326543786938494,25.28580754705256,0.43271470032142956
2026-09-08 13:15:00,WTG-001,480.63728882871806,7.197859434872954,24.631782431650315,0.8170726301459528
2026-09-08 13:30:00,WTG-001,0.0,4.851887143534431,27.028683029956152,0.47713494881000645
2026-09-08 13:45:00,WTG-001,65.50835612499496,3.822950848678132,23.65185460614657,0.44629887659067724
2026-09-08 14:00:00,WTG-001,105.77204793384001,4.760507557732624,25.284683268849392,0.5691808379207786
2026-09-08 14:15:00,WTG-001,111.67685330423694,3.6401878512522305,25.322551399890383,0.4008633492372084
2026-09-08 14:30:00,WTG-001,0.0,2.39450139617052,23.737462914747223,0.1749394500684497
2026-09-08 14:45:00,WTG-001,0.0,3.1406871195548547,25.284446279081177,0.3318508573520049
2026-09-08 15:00:00,WTG-001,58.00166510274046,5.02457357618044,22.981312167258512,0.4661466076619254
2026-09-08 15:15:00,WTG-001,189.78237166158166,5.489572544103904,23.180395640972446,0.4824136651428885
2026-09-08 15:30:00,WTG-001,177.99323703322779,4.336412180355919,22.19736990352238,0.4763033113756723
2026-09-08 15:45:00,WTG-001,0.0,2.2894808117017904,25.0542203115942,0.26516728690786134
2026-09-08 16:00:00,WTG-001,0.0,0.0,22.637313379119337,0.0014617692458662867
2026-09-08 16:15:00,WTG-001,0.0,2.9343253697704434,21.846995998532524,0.29056831387900983
2026-09-08 16:30:00,WTG-001,187.34495390706573,4.313583693361267,20.908002002672045,0.4961225297480225
2026-09-08 16:45:00,WTG-001,149.7598675351078,3.162511101147101,20.009918879832835,0.37660536079849094
2026-09-08 17:00:00,WTG-001,0.0,1.158068282229683,21.261662729864646,0.14931765864893165
2026-09-08 17:15:00,WTG-001,0.0,2.5514648300294858,22.23447218828775,0.3050860305374069
2026-09-08 17:30:00,WTG-001,0.0,3.304722473717745,19.875417815388996,0.2709232584432397
2026-09-08 17:45:00,WTG-001,82.78030311172064,0.18732103780514775,21.942686217087545,0.026593380472654388
2026-09-08 18:00:00,WTG-001,0.0,2.9219557577623836,20.48440781423317,0.353907208426862
2026-09-08 18:15:00,WTG-001,20.76955994233745,3.0574371153417337,19.413477007562562,0.3704079728705434
2026-09-08 18:30:00,WTG-001,93.91579941087194,4.16308576789611,20.171150249855827,0.40213780077951733
2026-09-08 18:45:00,WTG-001,205.5182448746688,4.888340822716877,18.59078448227548,0.5109070134665773
2026-09-08 19:00:00,WTG-001,9.193547228378964,2.3463965174905135,17.828555801805738,0.27783619352244227
2026-09-08 19:15:00,WTG-001,0.0,2.661592661898535,18.917086961415986,0.26273611415118453
2026-09-08 19:30:00,WTG-001,33.087181004669205,2.1894911865668036,20.957251058858652,0.18778825487712153
2026-09-08 19:45:00,WTG-001,94.96583839486908,4.277437362046117,19.256009399415607,0.3556897683076717
2026-09-08 20:00:00,WTG-001,108.34567018718596,4.666020879684359,19.43362256989029,0.44345460950754945
2026-09-08 20:15:00,WTG-001,230.8071331425449,5.083174963272896,17.970922067575053,0.5505193470399989
2026-09-08 20:30:00,WTG-001,11.75470073143596,4.436650970354006,17.8001132555122,0.4159712344981045
2026-09-08 20:45:00,WTG-001,97.60074016276108,4.362708692023698,15.667954538734433,0.45799348794376826
2026-09-08 21:00:00,WTG-001,230.56235530099815,5.104541720223283,15.795762101441408,0.5565990181515013
2026-09-08 21:15:00,WTG-001,170.71019836300476,5.345168733228869,16.445740114501465,0.6516353259890257
2026-09-08 21:30:00,WTG-001,63.10824347148099,4.232803492546418,17.18742842790985,0.36417213333290305
2026-09-08 21:45:00,WTG-001,63.452981806339594,3.356839296301449,16.736011636010943,0.3654040729207443
2026-09-08 22:00:00,WTG-001,0.0,2.8267807401085046,13.824657972878017,0.3122932418709702
2026-09-08 22:15:00,WTG-001,0.0,3.3847246580315553,14.455170966065456,0.46204120954910227
2026-09-08 22:30:00,WTG-001,0.0,2.480648467018603,16.089626747944614,0.2964960291295472
2026-09-08 22:45:00,WTG-001,127.70225081406075,5.1243245927663,13.86544986700205,0.506461793645512
2026-09-08 23:00:00,WTG-001,90.73883287071692,4.149148658247611,14.218824499878021,0.40966660945540545
2026-09-08 23:15:00,WTG-001,302.1592840175708,6.439756938864996,15.198366076982875,0.5973672998009573
2026-09-08 23:30:00,WTG-001,295.25484080185385,6.518703639912608,15.666818332776227,0.665519318821885
2026-09-08 23:45:00,WTG-001,706.6506630170846,8.057462411412398,14.40201364903597,0.839838199452409
2026-09-09 00:00:00,WTG-001,490.9299364277235,7.397865777532559,14.10047529514634,0.6748729139459517
2026-09-09 00:15:00,WTG-001,563.2751276828404,7.711265490191527,14.79373208280492,0.846749197844741
2026-09-09 00:30:00,WTG-001,230.44168556142503,5.898813814371855,15.20303733135347,0.5585618535016071
2026-09-09 00:45:00,WTG-001,153.40125689950307,5.008118648307814,17.25159435374031,0.4054583831582051
2026-09-09 01:00:00,WTG-001,819.9180599935618,9.16366031381699,15.002534759434589,0.8762874619956329
2026-09-09 01:15:00,WTG-001,676.7539712906552,8.579769648684062,14.796871512844351,0.7798698487917304
2026-09-09 01:30:00,WTG-001,179.4774910593125,4.796814196780033,14.33737542705273,0.4805830759005172
2026-09-09 01:45:00,WTG-001,477.2681255379461,7.4090242156785155,16.16383864095196,0.7818458057775264
2026-09-09 02:00:00,WTG-001,845.7575092467965,8.907241722251483,17.32516524872315,0.8992179393758201
2026-09-09 02:15:00,WTG-001,582.4252017300629,8.40773970086386,17.743549751995424,0.9010346590439053
2026-09-09 02:30:00,WTG-001,342.58900437444237,6.833828032942919,17.19441406886094,0.6802027800872453
2026-09-09 02:45:00,WTG-001,355.15757508532437,6.581413136484823,16.47085899050413,0.7467624682676663
2026-09-09 03:00:00,WTG-001,330.21168854902913,6.2639951957221776,15.76330498389491,0.6789388172948657
2026-09-09 03:15:00,WTG-001,403.32840262200165,6.9374379142115,16.48449857822825,0.6815028155755195
2026-09-09 03:30:00,WTG-001,1063.2032364298304,9.530095156777985,16.72593880893519,0.9338616730570258
2026-09-09 03:45:00,WTG-001,348.07645620594377,6.740128979164076,16.757422503000218,0.7592504659888655
2026-09-09 04:00:00,WTG-001,811.8271497109625,8.779464061988312,17.389295582298946,0.8295936060733297
2026-09-09 04:15:00,WTG-001,798.4539302360957,8.383338633072496,17.002941400038633,0.8302278492486601
2026-09-09 04:30:00,WTG-001,869.648157175094,9.174424688927513,17.62286534847008,0.8770251038083526
2026-09-09 04:45:00,WTG-001,998.7964848046273,9.499199719600636,17.71556610104061,0.9091280815696156
2026-09-09 05:00:00,WTG-001,222.96348445211044,5.46504768567612,18.512495907189713,0.4227805916190149
2026-09-09 05:15:00,WTG-001,741.2480020168019,8.705664885411233,19.32572792039477,0.8334848547558377
2026-09-09 05:30:00,WTG-001,1173.1590922489318,9.912142534346337,18.944991307628662,0.9290850779325295
2026-09-09 05:45:00,WTG-001,709.2947219435786,8.314082753304548,19.703603410182733,0.8587993235118657
2026-09-09 06:00:00,WTG-001,753.4155841911452,8.672370899845248,20.680855580245602,0.8982859275217026
2026-09-09 06:15:00,WTG-001,336.94598284325355,6.922928098527318,19.006821293940554,0.7410482952893134
2026-09-09 06:30:00,WTG-001,459.5445729091906,7.0605377105115235,20.683593108020325,0.7331093181800593
2026-09-09 06:45:00,WTG-001,997.3127456320209,9.48672876996177,20.284427447290753,0.9081469065439621
2026-09-09 07:00:00,WTG-001,815.5659549103523,8.959503507952201,20.11282180738259,0.9391028814685876
2026-09-09 07:15:00,WTG-001,895.8204113474158,9.254142499516533,19.452029032874034,0.9063926471084983
2026-09-09 07:30:00,WTG-001,495.00555836955476,6.933636284908751,23.107441605518506,0.7693455581274415
2026-09-09 07:45:00,WTG-001,418.50088887590306,7.151499979292186,23.100214632828813,0.694185374642109
2026-09-09 08:00:00,WTG-001,1976.2462976827992,11.814797805941447,23.44700209726678,1.0968583992562564
2026-09-09 08:15:00,WTG-001,746.0678520212363,8.555960735062383,23.875388145653513,0.8852171357303662
2026-09-09 08:30:00,WTG-001,1001.0935091088307,9.738552199438026,22.34676565359048,1.039908529522286
2026-09-09 08:45:00,WTG-001,893.2996671893413,8.949100937759567,22.7959286644709,0.8794488900643966
2026-09-09 09:00:00,WTG-001,637.2679491013486,8.009757314825332,24.001746303260877,0.8765632438226931
2026-09-09 09:15:00,WTG-001,175.89219199191132,4.5803547951967865,24.50905385786676,0.5034597878953828
2026-09-09 09:30:00,WTG-001,315.3555046139149,6.6504015825631715,24.244687396433864,0.6455976068528021
2026-09-09 09:45:00,WTG-001,701.8352934629171,8.4917224871989,23.56340200532837,0.8662675155138743
2026-09-09 10:00:00,WTG-001,568.6771212550829,7.696400367211561,23.15367516106153,0.738896135349162
2026-09-09 10:15:00,WTG-001,1154.6594396857565,10.061607987191078,24.95179745765417,1.0399894067963822
2026-09-09 10:30:00,WTG-001,284.3631143938891,6.040548291873083,24.914966522210122,0.5620440351195195
2026-09-09 10:45:00,WTG-001,489.0912214210178,7.619637901253286,23.5962928364469,0.8266225311845767
2026-09-09 11:00:00,WTG-001,431.27523808337565,7.002948186727982,25.179196425732354,0.7033547953162663
2026-09-09 11:15:00,WTG-001,404.7718951256122,7.379589216714863,26.031213662243346,0.7391660916078211
2026-09-09 11:30:00,WTG-001,88.9026908483519,4.304178229366404,23.477170053288294,0.451576633627676
2026-09-09 11:45:00,WTG-001,186.49204917328257,5.847649328731537,25.083633077617563,0.5757020251596399
2026-09-09 12:00:00,WTG-001,394.90696913522396,6.87618201855744,24.910514259244056,0.672092537424605
2026-09-09 12:15:00,WTG-001,113.18241144776906,4.978533793732106,24.423517566853935,0.4134565671116539
2026-09-09 12:30:00,WTG-001,85.36249652520334,4.2157431430443415,25.59093068073514,0.4019152982447077
2026-09-09 12:45:00,WTG-001,224.64855812288437,4.3427349626907095,23.3892281563281,0.40654468707535235
2026-09-09 13:00:00,WTG-001,305.1270311894643,6.631391463734291,25.939154405424755,0.7132402224471792
2026-09-09 13:15:00,WTG-001,1031.345377889325,9.914424195551618,23.902774402244862,1.0016996630685526
2026-09-09 13:30:00,WTG-001,0.0,3.0250103286009,22.57074930084145,0.3281685186354615
2026-09-09 13:45:00,WTG-001,225.06868973955915,6.0522699063079335,22.09581613973263,0.5790073850084456
2026-09-09 14:00:00,WTG-001,257.3537079873505,5.913336797155211,24.843405994442858,0.5999780967315198
2026-09-09 14:15:00,WTG-001,16.436629359594676,4.315521405971246,23.418929568445648,0.515654670800927
2026-09-09 14:30:00,WTG-001,290.79643764252904,6.34601330989378,22.03346620756448,0.6100625106675028
2026-09-09 14:45:00,WTG-001,15.556530884363456,2.358595912302475,25.112565591015994,0.2677815500939429
2026-09-09 15:00:00,WTG-001,162.9517519944825,5.292519932074504,21.45484838825153,0.48795644681480266
2026-09-09 15:15:00,WTG-001,37.72968150684222,3.8553072626358964,23.802720365834734,0.5267135632827876
2026-09-09 15:30:00,WTG-001,51.08870324860231,3.3122601463915795,23.534293156544223,0.35869554504514445
2026-09-09 15:45:00,WTG-001,161.5632987176777,4.786485941704454,21.93114127279969,0.4759304400871172
2026-09-09 16:00:00,WTG-001,30.063095709841406,3.213927418743745,21.063014794430718,0.20183761638877984
2026-09-09 16:15:00,WTG-001,50.82974784661205,4.092505592396748,22.86791871253432,0.43905898337275673
2026-09-09 16:30:00,WTG-001,41.58905727600609,3.9030962345138716,20.783495519233096,0.4003556273076518
2026-09-09 16:45:00,WTG-001,126.82385100485702,4.863799058482905,21.952671663833307,0.44187084550195843
2026-09-09 17:00:00,WTG-001,11.165606147444779,2.3350275983446256,22.78395329616036,0.30049990939546245
2026-09-09 17:15:00,WTG-001,39.73911064947437,1.6252335621633018,21.646222714465598,0.10674579842615321
2026-09-09 17:30:00,WTG-001,87.68943483314246,4.423717506181344,19.658471387015272,0.4304525064434314
2026-09-09 17:45:00,WTG-001,169.04426267029737,4.330197976289363,18.70779503358162,0.46632881457202213
2026-09-09 18:00:00,WTG-001,0.0,1.7239073973570607,21.34945973305922,0.1605805250823387
2026-09-09 18:15:00,WTG-001,0.0,2.7307298110309435,19.296135781570488,0.2757016592844726
2026-09-09 18:30:00,WTG-001,136.57141774042933,4.089260615596303,19.94265641267096,0.3783714604047776
2026-09-09 18:45:00,WTG-001,0.0,0.0,19.119096889885586,-0.07793212274622102
2026-09-09 19:00:00,WTG-001,13.981674756695334,2.9420922893492447,18.647556846791165,0.24420683367039644
2026-09-09 19:15:00,WTG-001,0.0,2.3966090830619686,18.19176492273954,0.22970321565085805
2026-09-09 19:30:00,WTG-001,39.78844555769522,1.3758105064736588,18.440097999421074,0.11214409911546751
2026-09-09 19:45:00,WTG-001,68.77171617388537,1.3376654606591734,19.436389071085813,0.07635002805641455
2026-09-09 20:00:00,WTG-001,25.018675165937772,3.860112059218022,17.724492984918292,0.39457064715966844
2026-09-09 20:15:00,WTG-001,8.840783090585887,3.0446086248840873,15.3447786462566,0.3074560317826092
2026-09-09 20:30:00,WTG-001,160.14819850918482,4.680465339356403,15.77210568654016,0.4630252999271298
2026-09-09 20:45:00,WTG-001,0.0,2.8944769655101767,17.736663628528845,0.30876483115328573
2026-09-09 21:00:00,WTG-001,141.02102747138935,3.938863061593657,14.208240405078428,0.4013947418037424
2026-09-09 21:15:00,WTG-001,115.94601089033176,4.852124919843787,16.491565958375812,0.49077093881734396
2026-09-09 21:30:00,WTG-001,275.5880463722464,6.3969786343890735,16.871779002058073,0.6520615521554536
2026-09-09 21:45:00,WTG-001,659.1243503442222,8.005222347402563,16.07463958365803,0.8239105252169113
2026-09-09 22:00:00,WTG-001,79.11885691409908,3.822497168792631,14.432855272197807,0.35727031480736116
2026-09-09 22:15:00,WTG-001,107.90583190040084,4.828639784535752,14.090396388670811,0.42828238257419193
2026-09-09 22:30:00,WTG-001,0.0,3.643917001026955,16.102120057924076,0.40053875863561117
2026-09-09 22:45:00,WTG-001,98.26658957560383,4.586242505790217,15.70984070415536,0.3887690080702005
2026-09-09 23:00:00,WTG-001,347.93644279417657,7.074279453222645,15.88148412008132,0.73236650402194
2026-09-09 23:15:00,WTG-001,213.38798444261352,6.248486416137233,15.320846081250508,0.6545638258044407
2026-09-09 23:30:00,WTG-001,555.8965015859169,7.340336715362403,13.48351444835847,0.7170928921332608
2026-09-09 23:45:00,WTG-001,249.70276305972814,5.687417285896709,15.512300578045595,0.6000843180983874
2026-09-10 00:00:00,WTG-001,60.32686450917253,3.625938902963226,14.355034170669708,0.3704964088992287
2026-09-10 00:15:00,WTG-001,370.02690051351203,6.488338476610404,13.68638746056593,0.7003016962652828
2026-09-10 00:30:00,WTG-001,553.7453400512675,8.1403331942523,14.014900583799655,0.79547821678907
2026-09-10 00:45:00,WTG-001,335.0371167379019,6.825611051796745,13.300193873445501,0.7521365282023472
2026-09-10 01:00:00,WTG-001,417.25849170455933,7.2052612313116695,16.797842635517213,0.7873765777816024
2026-09-10 01:15:00,WTG-001,364.01648519728263,7.209129073695742,15.518647305028113,0.8006385975289314
2026-09-10 01:30:00,WTG-001,40.14433856089485,4.27907045383587,15.913656454484427,0.4330803429809801
2026-09-10 01:45:00,WTG-001,210.4584815858792,6.313966077178402,15.032865548572248,0.6084034969025163
2026-09-10 02:00:00,WTG-001,725.3938327583912,8.651570395516044,17.37397444047093,0.9158075199131568
2026-09-10 02:15:00,WTG-001,771.8626541750864,8.457511717869139,17.040064751383905,0.854233911605044
2026-09-10 02:30:00,WTG-001,331.8140605262004,6.7724401897687185,15.068312153638447,0.7275026246723397
2026-09-10 02:45:00,WTG-001,666.0792283227813,8.933364911966367,15.651860169894848,0.9656037365931188
2026-09-10 03:00:00,WTG-001,43.71281338953278,4.04918018145582,17.512300518117264,0.30560621226578194
2026-09-10 03:15:00,WTG-001,839.8052091070713,8.914732929239257,16.22498896168,0.8988695372254745
2026-09-10 03:30:00,WTG-001,772.2914694552554,8.610010581041434,17.766977543538857,0.9595528540774375
2026-09-10 03:45:00,WTG-001,786.8358922610114,8.928527792596322,15.997908075793669,0.9381904457048841
2026-09-10 04:00:00,WTG-001,222.23817615377112,6.168091071302593,16.513644288326496,0.5941514472001864
2026-09-10 04:15:00,WTG-001,393.5197360872206,7.168387949891297,17.3131981860749,0.8052196032366473
2026-09-10 04:30:00,WTG-001,412.80165174760515,7.268094457189646,18.14485847003062,0.7934869624526834
2026-09-10 04:45:00,WTG-001,376.9904617878145,7.204157139425242,16.964746636163234,0.7524789223760283
2026-09-10 05:00:00,WTG-001,498.21402411692156,7.366050807278755,18.528719300350772,0.8101548255032014
2026-09-10 05:15:00,WTG-001,439.5085716682176,7.132993290061151,20.02184284246164,0.7852298065279824
2026-09-10 05:30:00,WTG-001,1165.425716402264,10.11139213242073,17.527650780619123,0.9590434321479023
2026-09-10 05:45:00,WTG-001,567.06662547747,8.001763734975027,20.644035534082292,0.7992133569918072
2026-09-10 06:00:00,WTG-001,488.97200111842795,7.618416263080154,18.532531313467114,0.7310642373412137
2026-09-10 06:15:00,WTG-001,1920.5758074052656,12.42309895317433,20.590620435411477,1.2501211536183374
2026-09-10 06:30:00,WTG-001,723.7982008344978,8.04637203367493,20.136122890270276,0.8159451889744838
2026-09-10 06:45:00,WTG-001,1246.822276573338,10.326058903698224,21.56096742374911,1.0742163024267701
2026-09-10 07:00:00,WTG-001,440.49478954115636,6.972510084954671,21.50441444710063,0.7497728970436552
2026-09-10 07:15:00,WTG-001,636.1822536940839,8.225919854861104,21.502183985771335,0.7077948598122907
2026-09-10 07:30:00,WTG-001,941.2922599021637,9.448150696260429,21.749796635563488,0.8982224091188341
2026-09-10 07:45:00,WTG-001,281.2550584656818,5.9989628981866066,22.212063713550286,0.5563403021323605
2026-09-10 08:00:00,WTG-001,224.22190028740502,5.53797184313855,23.1279221192344,0.5489754848257254
2026-09-10 08:15:00,WTG-001,864.8993864651869,9.29539233075883,23.088725540879093,0.903461895233922
2026-09-10 08:30:00,WTG-001,886.1049038774563,9.16224398411298,22.68504995751953,0.9340298352266251
2026-09-10 08:45:00,WTG-001,1078.6157124509743,9.885572911462283,23.112714911286098,1.0006130158612274
2026-09-10 09:00:00,WTG-001,506.23481836246816,7.654397614993474,25.712884927935292,0.7294101281718265
2026-09-10 09:15:00,WTG-001,572.4223013730597,7.769901987776361,22.127757991787263,0.801638386309758
2026-09-10 09:30:00,WTG-001,537.7458193135955,7.595941036960375,24.876817102819217,0.817922382142711
2026-09-10 09:45:00,WTG-001,688.5393415814907,8.258685698584435,24.04893507673704,0.86095258442432
2026-09-10 10:00:00,WTG-001,348.9760563541072,6.941393921263183,25.28678322600269,0.7306582212144442
2026-09-10 10:15:00,WTG-001,379.355607024487,7.0162615043227765,23.613099041421695,0.7467167157879929
2026-09-10 10:30:00,WTG-001,110.41434278504347,4.601439802027594,26.141678884161493,0.4906138347584237
2026-09-10 10:45:00,WTG-001,389.43594375674206,7.292675176513262,24.37820051986888,0.7505949864505077
2026-09-10 11:00:00,WTG-001,262.09507611592096,6.0714181992720455,23.8159753465617,0.637589101572063
2026-09-10 11:15:00,WTG-001,130.84081729812314,4.632992042592106,25.261692074714354,0.5349090172592885
2026-09-10 11:30:00,WTG-001,427.61822669654987,7.242193600892254,24.99797422452737,0.7964631997443937
2026-09-10 11:45:00,WTG-001,372.13497642435414,7.060671175522067,25.55874018942673,0.6443087837952495
2026-09-10 12:00:00,WTG-001,179.3254241474589,5.3897030049907,25.329275045736697,0.5976089853484263
2026-09-10 12:15:00,WTG-001,67.78140795939838,5.525746567706157,25.152340214684028,0.5061012670859271
2026-09-10 12:30:00,WTG-001,668.661002333279,8.283442908814827,26.38137662891411,0.822679874481637
2026-09-10 12:45:00,WTG-001,487.10792956070065,7.306306979739004,26.147029450008716,0.7773664003993455
2026-09-10 13:00:00,WTG-001,63.01762152029718,4.672888411786613,23.440132539901832,0.5104398281196025
2026-09-10 13:15:00,WTG-001,0.0,2.9298037650017035,26.754623936462014,0.2523517904476816
2026-09-10 13:30:00,WTG-001,127.61003851346443,4.86608745609399,24.065509402279854,0.5309275794143687
2026-09-10 13:45:00,WTG-001,304.4013060958172,6.26522287246082,23.198848886456325,0.6256975793778864
2026-09-10 14:00:00,WTG-001,173.28693324879237,5.505464431461987,23.739942935949767,0.5212576741077108
2026-09-10 14:15:00,WTG-001,0.0,3.8662921633257903,24.386691054108393,0.39912178966869033
2026-09-10 14:30:00,WTG-001,197.16990555446247,5.05253354622993,23.59926170531112,0.4663239115373525
2026-09-10 14:45:00,WTG-001,48.62860891537794,2.448957091064828,22.513435850185594,0.24560873110695666
2026-09-10 15:00:00,WTG-001,26.55264535674141,2.467860438006105,24.992369385851937,0.25673857465203603
2026-09-10 15:15:00,WTG-001,217.35988175328293,5.285518697410534,22.81700158997778,0.5066407809488009
2026-09-10 15:30:00,WTG-001,0.0,2.800637853358029,22.067576378480826,0.28495776189548977
2026-09-10 15:45:00,WTG-001,137.2303429258365,3.941011937312695,22.753622529445174,0.3835768338428107
2026-09-10 16:00:00,WTG-001,0.0,2.347737970710014,21.970453207865663,0.2531688363085639
2026-09-10 16:15:00,WTG-001,71.41944780472255,3.5546719628595813,21.098188176312643,0.32980449081170704
2026-09-10 16:30:00,WTG-001,156.65751488931394,4.784615514042248,22.66613842815699,0.4314303100132567
2026-09-10 16:45:00,WTG-001,0.0,2.6885163533822167,20.217777543234767,0.2716656796598303
2026-09-10 17:00:00,WTG-001,3.5253896193086964,2.421590878739064,22.633347294550006,0.2158652002760858
2026-09-10 17:15:00,WTG-001,34.5572136829886,3.3663879930529355,21.49105635718359,0.34411024558490705
2026-09-10 17:30:00,WTG-001,0.0,2.6333700766657118,20.639962866748625,0.27569837083510224
2026-09-10 17:45:00,WTG-001,94.42298885260244,5.3651967794580155,21.43640939372363,0.6123485611975359
2026-09-10 18:00:00,WTG-001,158.9799746624833,3.938306704758719,19.130857104274813,0.44201916677110253
2026-09-10 18:15:00,WTG-001,50.522695812670705,0.38136947764669626,20.9995149669536,0.13941818043377588
2026-09-10 18:30:00,WTG-001,136.36715364499682,4.278430330572334,18.13638074177643,0.3632288470859778
2026-09-10 18:45:00,WTG-001,31.868246630304917,3.0932842259844366,19.321870780495203,0.35011830663287585
2026-09-10 19:00:00,WTG-001,0.0,1.058632525172535,20.99861437178646,0.10718792105564706
2026-09-10 19:15:00,WTG-001,0.0,2.108978474771674,16.897106595146013,0.26285281003945093
2026-09-10 19:30:00,WTG-001,0.0,0.0,17.858563479382102,0.08682594117300069
2026-09-10 19:45:00,WTG-001,56.95354204826131,3.851556179986532,18.54545651581669,0.4250736296510653
2026-09-10 20:00:00,WTG-001,64.67582401373832,3.6334503122126085,17.647912160984053,0.40351604077175307
2026-09-10 20:15:00,WTG-001,146.16649203288964,3.847714010466519,18.217501552581005,0.4366442640249366
2026-09-10 20:30:00,WTG-001,107.07122989405981,4.010058224129382,16.41679165836763,0.34827818116871373
2026-09-10 20:45:00,WTG-001,287.6614471244368,5.222485759489068,17.379063371888666,0.5052035289893332
2026-09-10 21:00:00,WTG-001,267.2899341449829,6.0718057114462205,15.401908040181672,0.56929360268943
2026-09-10 21:15:00,WTG-001,0.0,2.770978380219992,17.00327262235211,0.2781668940556925
2026-09-10 21:30:00,WTG-001,51.03242102164104,4.959254470393118,17.119992138646385,0.5160964570251277
2026-09-10 21:45:00,WTG-001,0.0,1.681527160786401,16.829311483615374,0.1786615809826719
2026-09-10 22:00:00,WTG-001,52.00527205461742,3.925447547229076,16.695992221955628,0.41701420087522706
2026-09-10 22:15:00,WTG-001,366.0401071746104,6.540440797085973,15.569975714909468,0.6139084909116284
2026-09-10 22:30:00,WTG-001,128.14488918645625,5.283246696210294,16.537881620576496,0.5237458076458881
2026-09-10 22:45:00,WTG-001,0.0,2.574219675388362,15.039200267393243,0.30804708931793223
2026-09-10 23:00:00,WTG-001,250.24296977606866,5.130038933618969,15.356135447231791,0.532240649998755
2026-09-10 23:15:00,WTG-001,142.02430846565983,4.649333341321686,13.868591739266408,0.513020047422163
2026-09-10 23:30:00,WTG-001,236.80435179534362,5.111293478656631,15.820428844868331,0.493206239658462
2026-09-10 23:45:00,WTG-001,241.8102176602717,5.584741513970198,14.108597925165931,0.5691300302078236
2026-09-11 00:00:00,WTG-001,59.18542482615258,3.673835734046351,13.97879237571978,0.3961176863477503
2026-09-11 00:15:00,WTG-001,570.4716407208429,7.812444102114865,16.500937858960185,0.715533132455483
2026-09-11 00:30:00,WTG-001,723.0639791589041,8.351220124940863,14.644077056212398,0.9196409316240878
2026-09-11 00:45:00,WTG-001,507.7175013654147,7.494472460771841,15.791357152352486,0.7968568198767677
2026-09-11 01:00:00,WTG-001,94.4178968999253,4.549250410609022,15.381813559014539,0.4145280185163648
2026-09-11 01:15:00,WTG-001,503.5747555442765,7.493024575600597,16.668387608810903,0.7289608386205129
2026-09-11 01:30:00,WTG-001,595.351318552661,8.085791497567358,14.096945279544133,0.8197425077505486
2026-09-11 01:45:00,WTG-001,386.09057006194513,7.074691768857946,15.7036041728363,0.7071009525575834
2026-09-11 02:00:00,WTG-001,465.83291809911896,7.524204808410517,14.67683452778758,0.813636242670636
2026-09-11 02:15:00,WTG-001,271.32853011310254,6.36796217977242,16.225373018330203,0.7237377923398423
2026-09-11 02:30:00,WTG-001,486.32013180510177,7.556573503899082,16.35867545481047,0.7464017244677237
2026-09-11 02:45:00,WTG-001,325.5052518330841,6.094305958552658,15.637463721071812,0.6453257428777268
2026-09-11 03:00:00,WTG-001,367.42083357342466,6.884407044670665,15.133807182292076,0.727910223864189
2026-09-11 03:15:00,WTG-001,431.7066629809131,6.91106921723167,17.593601585194595,0.7248180243083803
2026-09-11 03:30:00,WTG-001,783.8621695789035,8.486813698323562,18.017557000206402,0.9320843077596108
2026-09-11 03:45:00,WTG-001,481.8972216862628,7.689174292234228,17.74536886133657,0.8012878131820808
2026-09-11 04:00:00,WTG-001,1142.9644794665046,9.602183243067495,15.997180795224013,0.9113392477628267
2026-09-11 04:15:00,WTG-001,823.8663551590482,8.73585553189069,16.42185946802539,0.8481862871447098
2026-09-11 04:30:00,WTG-001,1233.709815902661,10.31958912714495,17.476701326336315,1.0677423427459283
2026-09-11 04:45:00,WTG-001,551.3301342232172,7.7613842322446045,17.73786614816738,0.7282559533723466
2026-09-11 05:00:00,WTG-001,1050.6609976705463,10.06050454103521,18.273246766176023,1.0061622353295079
2026-09-11 05:15:00,WTG-001,673.3445951550746,8.594037546673217,20.90091271723959,0.8380347692788224
2026-09-11 05:30:00,WTG-001,647.1077373063272,8.068377342663855,20.02467523700404,0.742443555555171
2026-09-11 05:45:00,WTG-001,597.1382807262494,8.053935518453313,20.232650065015804,0.7287582766583002
2026-09-11 06:00:00,WTG-001,632.1611306899874,7.775790916732834,19.324279871873692,0.7020427278199615
2026-09-11 06:15:00,WTG-001,984.5422613250296,9.533778176941093,18.731127627142797,1.0427505856748245
2026-09-11 06:30:00,WTG-001,659.1578975519618,8.293064473487062,19.340996845610736,0.8650191937562067
2026-09-11 06:45:00,WTG-001,762.1638053187887,8.74536592379135,21.920304222980942,0.8002926533512358
2026-09-11 07:00:00,WTG-001,497.2087534023019,7.881557806666262,21.16222789398597,0.792784857726188
2026-09-11 07:15:00,WTG-001,585.2169090426974,7.725556896578856,21.7613267151961,0.7070981775156838
2026-09-11 07:30:00,WTG-001,960.1614238131898,9.490774695614467,21.90139512574779,0.8935215057448176
2026-09-11 07:45:00,WTG-001,838.0419098592291,9.085452185414509,22.179433667144746,0.9051838374738159
2026-09-11 08:00:00,WTG-001,522.875639578459,7.8565377087324535,21.032335067345503,0.8037152081977371
2026-09-11 08:15:00,WTG-001,545.7383565032095,7.359214724110965,23.70037261920162,0.658816116821291
2026-09-11 08:30:00,WTG-001,1514.252240231061,10.869092160170979,24.34031353614846,0.9213049159954523
2026-09-11 08:45:00,WTG-001,859.5603020568205,8.957807630042756,22.886356371723945,0.8472503799842658
2026-09-11 09:00:00,WTG-001,786.7272329402623,8.703930414694204,23.43826548597646,0.8433703622021511
2026-09-11 09:15:00,WTG-001,463.9253639645414,7.521381359126858,23.52811162802791,0.720158906625299
2026-09-11 09:30:00,WTG-001,483.1655798788754,7.783739276595933,23.49419061541797,0.7601643810974886
2026-09-11 09:45:00,WTG-001,1186.117498005232,10.150870536212256,26.110761932898125,1.0386422069920331
2026-09-11 10:00:00,WTG-001,819.3897551157997,8.537308207387474,24.18820846638897,0.8578213072078933
2026-09-11 10:15:00,WTG-001,487.2610350581364,7.624567221715654,24.785589785539276,0.7793236921105776
2026-09-11 10:30:00,WTG-001,153.7246052954677,5.417234945890051,23.751926712270134,0.5705423399036216
2026-09-11 10:45:00,WTG-001,692.0440235196123,8.04993235467528,24.71500171075717,0.7679257985364751
2026-09-11 11:00:00,WTG-001,256.54762529021684,5.7411661361286175,24.336606480748195,0.6827887601071808
2026-09-11 11:15:00,WTG-001,419.9964879086931,7.382569214333226,24.389147252567458,0.7226377080787779
2026-09-11 11:30:00,WTG-001,621.9140667156676,8.083821046500214,25.60940314707743,0.8110436363146404
2026-09-11 11:45:00,WTG-001,332.54261488729526,6.460126115694159,26.252107177184033,0.6317696970808999
2026-09-11 12:00:00,WTG-001,143.05528430370396,5.669412249572062,25.3293634767112,0.5335585699371509
2026-09-11 12:15:00,WTG-001,317.3439820617563,6.703515222147989,23.584281843495557,0.5719025439901471
2026-09-11 12:30:00,WTG-001,187.49211289988688,5.289820982314492,24.85610022515218,0.6255659125289038
2026-09-11 12:45:00,WTG-001,587.0040088813417,8.003127683844298,25.966590133234533,0.8473506086005034
2026-09-11 13:00:00,WTG-001,426.0783912321372,6.899855376308624,23.80793044476987,0.6479907654789024
2026-09-11 13:15:00,WTG-001,172.3123133230506,4.247078503080452,25.6740800821176,0.3705861456769921
2026-09-11 13:30:00,WTG-001,140.70801757884482,5.006674214334294,24.074162465188497,0.5134317579968521
2026-09-11 13:45:00,WTG-001,238.60467746359697,5.6797399205139225,25.309127606341594,0.5200499247716428
2026-09-11 14:00:00,WTG-001,60.216061433317705,4.853317390431012,24.142905504735513,0.44583571679069095
2026-09-11 14:15:00,WTG-001,68.00793007495749,4.878083248490003,25.7170266148422,0.5017137013297035
2026-09-11 14:30:00,WTG-001,11.174163100098209,3.0961240883146615,24.111334322562346,0.35606056651041856
2026-09-11 14:45:00,WTG-001,164.4940477201447,5.026403665782236,22.468584910400853,0.5460646958501545
2026-09-11 15:00:00,WTG-001,54.32256881869547,2.929189761388609,23.467106262749617,0.21693705938719404
2026-09-11 15:15:00,WTG-001,76.07285537842205,3.4143664894382812,22.871017133449108,0.346280363328245
2026-09-11 15:30:00,WTG-001,0.0,3.3345185410911293,23.51158964535234,0.34424284820676976
2026-09-11 15:45:00,WTG-001,45.136486864555664,3.312392092601253,22.902632068490988,0.32369805631197546
2026-09-11 16:00:00,WTG-001,0.0,3.6303523576178214,22.63222383935573,0.3476101466526178
2026-09-11 16:15:00,WTG-001,54.293430881039995,2.0257107987058895,23.839972971239767,0.22185336984874435
2026-09-11 16:30:00,WTG-001,44.99570367672421,1.8299713877898087,21.21698128323876,0.13140906938336733
2026-09-11 16:45:00,WTG-001,0.0,3.181614801695563,22.382636123384586,0.3122941426966704
2026-09-11 17:00:00,WTG-001,122.69322769636192,3.4578411063812378,22.226177603230322,0.37435541048021775
2026-09-11 17:15:00,WTG-001,0.0,1.4177757652993197,21.50790155736241,0.2273320658821931
2026-09-11 17:30:00,WTG-001,120.46526773021367,4.187409842700479,20.72194500546013,0.472848843585741
2026-09-11 17:45:00,WTG-001,236.23994560345673,5.735995546794589,19.930958309410965,0.49653099399862005
2026-09-11 18:00:00,WTG-001,35.43901866419982,3.0023928847851065,18.231644891487996,0.31729067782804066
2026-09-11 18:15:00,WTG-001,6.7386465402884,2.8009848907838713,21.115582689052587,0.2823684807357677
2026-09-11 18:30:00,WTG-001,77.37857524328061,0.0,20.583232735152443,-0.01161838068678802
2026-09-11 18:45:00,WTG-001,0.0,3.359223016823218,18.26521586186632,0.3390489425769794
2026-09-11 19:00:00,WTG-001,72.31254303584488,4.119602538279763,17.6205791406047,0.39949072872129665
2026-09-11 19:15:00,WTG-001,373.3037578422495,7.266680678888637,18.94885723455815,0.6867567402634736
2026-09-11 19:30:00,WTG-001,357.9073123116463,7.117065941839963,18.015569843724524,0.7587848732179606
2026-09-11 19:45:00,WTG-001,33.67282377700276,4.594747714193785,18.504684637450246,0.5135752525482321
2026-09-11 20:00:00,WTG-001,0.0,2.7639952720482226,17.648787982357998,0.3098623295177941
2026-09-11 20:15:00,WTG-001,7.091171697020098,1.1098612688662755,16.426587538887418,0.07454487271588725
2026-09-11 20:30:00,WTG-001,93.3026557972795,4.8321262967625405,18.762973076837383,0.31119545506240653
2026-09-11 20:45:00,WTG-001,121.42510250692888,4.406965235578744,17.608827896119774,0.38897864435181384
2026-09-11 21:00:00,WTG-001,0.0,2.8016181993412625,16.30880230368274,0.3057242096087467
2026-09-11 21:15:00,WTG-001,5.1253150400461465,4.1145646436710335,15.3230404310818,0.35347638702662465
2026-09-11 21:30:00,WTG-001,139.79075090840573,5.086472757475499,17.06888459694668,0.5059149320504736
2026-09-11 21:45:00,WTG-001,144.16255267024496,4.167201379374513,15.165431719652798,0.36757964581046637
2026-09-11 22:00:00,WTG-001,57.90059592084236,3.3996248598998617,14.934841995008247,0.4124674872857242
2026-09-11 22:15:00,WTG-001,199.74954590199965,6.418285778213384,14.757906027934006,0.5732869732742192
2026-09-11 22:30:00,WTG-001,0.0,2.535006844286667,16.94973687214959,0.18083491506236493
2026-09-11 22:45:00,WTG-001,0.0,1.6953284932034234,15.382900606651363,0.2042854841676014
2026-09-11 23:00:00,WTG-001,56.8772655793921,4.206635169252582,13.697556892111926,0.4991757480558913
2026-09-11 23:15:00,WTG-001,188.09123143622043,5.172177484121244,16.234340244282766,0.6296448468689237
2026-09-11 23:30:00,WTG-001,113.34643443311806,5.30792355398826,15.802463491168815,0.4192652497658123
2026-09-11 23:45:00,WTG-001,42.58289921498843,2.9634126281765325,13.977081212450544,0.30819849399911786
2026-09-12 00:00:00,WTG-001,156.91452006264072,4.674373312785088,16.36300373903227,0.39521500774590484
2026-09-12 00:15:00,WTG-001,859.5590217681056,9.04720748769637,15.65778919316241,0.8828763508174587
2026-09-12 00:30:00,WTG-001,496.89239931062093,7.310135532632423,15.878129320548467,0.7449426414475806
2026-09-12 00:45:00,WTG-001,274.34730307348093,6.314239209846063,13.146120478026656,0.5993545822043705
2026-09-12 01:00:00,WTG-001,210.40854866695946,5.774659493736281,15.700575285207115,0.5340945233122236
2026-09-12 01:15:00,WTG-001,228.7151858760516,5.328396875933684,15.689626051829181,0.4909129188379015
2026-09-12 01:30:00,WTG-001,392.4391431107887,6.5898072512021795,15.093012326759004,0.707673504051174
2026-09-12 01:45:00,WTG-001,626.7011276868266,8.196569204362238,14.822147481311085,0.8279726162401966
2026-09-12 02:00:00,WTG-001,655.3935022403635,8.316836522245065,16.05125610242675,0.8346928303037789
2026-09-12 02:15:00,WTG-001,439.0934352595714,7.197371111306863,15.51586137508615,0.6851214665058784
2026-09-12 02:30:00,WTG-001,291.1186526106536,6.101206279339074,15.613331282831002,0.6004925930894418
2026-09-12 02:45:00,WTG-001,582.2472810909713,7.862574014541461,17.8582860296965,0.7750232381994513
2026-09-12 03:00:00,WTG-001,669.018432155621,7.935951195128296,16.555416884999538,0.7933080183150321
2026-09-12 03:15:00,WTG-001,1360.3359204225442,10.38003537406508,17.154799630935816,1.0636271270678863
2026-09-12 03:30:00,WTG-001,384.70034836271975,6.735698861507187,16.795005779838018,0.6915827478553724
2026-09-12 03:45:00,WTG-001,245.86739088927175,6.266631997252956,15.669698514633204,0.6044922256078076
2026-09-12 04:00:00,WTG-001,710.7995328378197,8.541428662270464,17.446191808353905,0.8573770871592244
2026-09-12 04:15:00,WTG-001,199.79559657715677,6.008358027292773,17.39993339212911,0.5878852538246664
2026-09-12 04:30:00,WTG-001,735.9193408126722,8.732715281501745,17.98730649583558,0.8093987017128801
2026-09-12 04:45:00,WTG-001,442.2795984656591,7.421061374748644,18.71207420456219,0.7491686734037195
2026-09-12 05:00:00,WTG-001,776.2247091485855,8.853412918324112,18.06399400089399,0.8479034371412398
2026-09-12 05:15:00,WTG-001,685.6154688541861,8.276845109685784,18.254733813730613,0.8173582915625401
2026-09-12 05:30:00,WTG-001,566.9409540661918,7.654373851077777,19.79990435701197,0.8068828726824984
2026-09-12 05:45:00,WTG-001,920.3798891279214,9.342409060321952,19.449368437772222,0.9524784094910445
2026-09-12 06:00:00,WTG-001,802.219999761709,8.648876812914288,19.164380930790326,0.8806748679290987
2026-09-12 06:15:00,WTG-001,1462.9124995865193,10.846743472773731,18.98335961565271,1.0298892588602777
2026-09-12 06:30:00,WTG-001,907.4400935476525,8.885328961030845,20.35174446515094,0.8873940245473153
2026-09-12 06:45:00,WTG-001,1046.062088367995,9.75042052877375,20.715116445778637,0.9996153489930437
2026-09-12 07:00:00,WTG-001,536.222327358236,7.899260747221839,21.399002094750045,0.8434709158299035
2026-09-12 07:15:00,WTG-001,786.5074950958867,8.640160344501037,21.428372770299053,0.8488009131279087
2026-09-12 07:30:00,WTG-001,809.8238495348685,9.043765903983157,21.491104889755487,0.8953427639526266
2026-09-12 07:45:00,WTG-001,642.0039559011809,8.207638142842725,21.050158086313456,0.7603975742038297
2026-09-12 08:00:00,WTG-001,689.3025632380823,8.353167329462536,21.75624937041817,0.8266831634238425
2026-09-12 08:15:00,WTG-001,334.92781736232837,6.407441318644791,21.95995770950722,0.6579768975976168
2026-09-12 08:30:00,WTG-001,351.8375383447734,7.168390089603323,22.79641025151311,0.7320327037287886
2026-09-12 08:45:00,WTG-001,605.1383646752292,8.030750660439173,21.428394334940332,0.7704212478513515
2026-09-12 09:00:00,WTG-001,860.4318885761315,9.068086735797605,23.727498723412854,0.88430291578336
2026-09-12 09:15:00,WTG-001,253.1077667133105,6.266091801294239,23.4631134584595,0.5912575358437476
2026-09-12 09:30:00,WTG-001,275.8573524213542,6.407416657229146,24.327836993510235,0.6580051076742837
2026-09-12 09:45:00,WTG-001,817.1510871308615,9.060154915863015,24.64071629513452,0.8974771108133153
2026-09-12 10:00:00,WTG-001,666.5047621898225,8.224054000475649,23.650289802980453,0.8062953167836862
2026-09-05 10:00:00,WTG-002,376.4718988159151,6.87715369167121,23.871648898736517,0.6939872967925595
2026-09-05 10:15:00,WTG-002,156.6846388284676,5.24164319437123,22.949104425305627,0.49024686819537383
2026-09-05 10:30:00,WTG-002,234.37139614907332,5.625414191522863,24.88201419920983,0.6384325522834737
2026-09-05 10:45:00,WTG-002,818.2357066024258,8.66139777155033,25.2080389421632,0.8287443471900605
2026-09-05 11:00:00,WTG-002,587.7760009991142,7.971012658078685,23.43126056749231,0.807571039796624
2026-09-05 11:15:00,WTG-002,505.49337970553455,7.75949764503849,25.078429845451453,0.7027474115757557
2026-09-05 11:30:00,WTG-002,205.65717558653336,5.821988559054953,23.514965866726982,0.5371129872994483
2026-09-05 11:45:00,WTG-002,461.43513863940063,7.392178017008758,25.338763185959927,0.7156940016729304
2026-09-05 12:00:00,WTG-002,577.215670910404,7.696130992235414,24.1989087044906,0.7318361393858815
2026-09-05 12:15:00,WTG-002,524.1406725590443,7.367399493141711,25.032663884082908,0.7931578754481657
2026-09-05 12:30:00,WTG-002,412.317819099172,7.105753766398773,25.04105580174236,0.7652589585750317
2026-09-05 12:45:00,WTG-002,672.479616486193,7.622609254847973,24.86284437557445,0.6391045878264802
2026-09-05 13:00:00,WTG-002,178.48773674552046,5.597802086401574,24.483878610409423,0.526343402049598
2026-09-05 13:15:00,WTG-002,162.43315336125215,5.219264878034424,22.514514752111392,0.6075161987422374
2026-09-05 13:30:00,WTG-002,292.10817868318657,6.064782322437207,23.206629386316408,0.5582127208390575
2026-09-05 13:45:00,WTG-002,0.0,2.0910947582052923,23.260346338118207,0.2359694247105654
2026-09-05 14:00:00,WTG-002,77.78891723567047,2.3498093431994893,21.847841562467057,0.3288048004993769
2026-09-05 14:15:00,WTG-002,0.0,2.481993771630173,25.24757482204745,0.33562957501699525
2026-09-05 14:30:00,WTG-002,32.51628146815536,2.7269563093804763,24.753393553669117,0.27052605265865737
2026-09-05 14:45:00,WTG-002,10.618283077271094,2.652263824898627,23.220326366529463,0.283625343654457
2026-09-05 15:00:00,WTG-002,172.92967390194772,5.474819791123128,23.623715012771374,0.3777049755399682
2026-09-05 15:15:00,WTG-002,44.15385562670275,2.412454985283094,25.074172608034782,0.3772669375065188
2026-09-05 15:30:00,WTG-002,77.31000773664518,1.7985360869615903,22.38129152192935,0.08502780684652551
2026-09-05 15:45:00,WTG-002,104.88483057343505,5.09740541492582,23.877753721565412,0.5010056316706132
2026-09-05 16:00:00,WTG-002,0.0,2.1444418976107262,21.6374811927638,0.16449574838728945
2026-09-05 16:15:00,WTG-002,142.11468313907804,3.841884636494359,23.03618512890949,0.4516084153747863
2026-09-05 16:30:00,WTG-002,191.91347292515908,5.572362345797393,23.19643184016044,0.5810576827762628
2026-09-05 16:45:00,WTG-002,36.997334422198534,3.5551111179567307,22.404332291435583,0.49632081176180287
2026-09-05 17:00:00,WTG-002,7.26068578997691,2.7850610268717473,21.697365658577944,0.2206080309037869
2026-09-05 17:15:00,WTG-002,44.38386417631488,3.458946012315706,21.233491448909497,0.42578793857785746
2026-09-05 17:30:00,WTG-002,164.42157321848336,4.2107362859773385,20.985741230031607,0.45677585235572715
2026-09-05 17:45:00,WTG-002,21.82309732964039,4.134898474281176,22.3096196073538,0.415394931365936
2026-09-05 18:00:00,WTG-002,154.9058726521809,4.703183508881766,20.60160185742133,0.4622166467886174
2026-09-05 18:15:00,WTG-002,171.1925809485389,4.891535085366148,21.621186884349534,0.47045626355730896
2026-09-05 18:30:00,WTG-002,201.8573692016437,3.5110542203068418,19.060193189206302,0.36828055202236615
2026-09-05 18:45:00,WTG-002,51.58806178145813,0.20744377846371842,18.507990079660278,0.04059968354722947
2026-09-05 19:00:00,WTG-002,147.5556103493668,4.757899453962533,19.359630029725146,0.4096791956195708
2026-09-05 19:15:00,WTG-002,1.923093058625102,1.5496794014768065,16.911919773575384,0.17999860714932092
2026-09-05 19:30:00,WTG-002,112.66526169213736,3.1591531482546626,18.461328503874952,0.27267021640407463
2026-09-05 19:45:00,WTG-002,0.0,1.4243355068648786,18.720567148334442,0.09670753082078026
2026-09-05 20:00:00,WTG-002,0.0,2.2606509105466284,17.365792056408992,0.14987730209045017
2026-09-05 20:15:00,WTG-002,91.05754868242505,4.700035266665689,17.208529415916928,0.4959625072463594
2026-09-05 20:30:00,WTG-002,80.3917240448135,1.9037498563012591,18.087860099601194,0.19503539530241
2026-09-05 20:45:00,WTG-002,119.97448879353072,4.853951165978173,17.074724353805404,0.42893190884417776
2026-09-05 21:00:00,WTG-002,35.35992133520078,1.4105023109766965,16.2460334407267,0.1452810054573498
2026-09-05 21:15:00,WTG-002,18.880944804614156,0.8565875357809292,16.941591370358932,0.21026234130543714
2026-09-05 21:30:00,WTG-002,0.0,2.5388726419425165,17.226229611286684,0.20687374081961263
2026-09-05 21:45:00,WTG-002,675.006727784344,7.9208863488452925,15.036851242573968,0.759243890450815
2026-09-05 22:00:00,WTG-002,219.51942852719097,5.9279083448941385,15.74473934145187,0.6528619588975385
2026-09-05 22:15:00,WTG-002,99.23764523160315,5.30725993825307,15.373028344355403,0.5723554913053621
2026-09-05 22:30:00,WTG-002,0.0,3.020253451327794,16.046878553050476,0.2865395049973305
2026-09-05 22:45:00,WTG-002,126.83018533151187,5.420647708630557,15.036568787559732,0.5545366375287979
2026-09-05 23:00:00,WTG-002,30.363714815306494,4.670355082173324,15.55195446493045,0.4734838390880698
2026-09-05 23:15:00,WTG-002,602.4830338397043,7.839148382497224,16.089117992115646,0.776456543973136
2026-09-05 23:30:00,WTG-002,452.79535063633347,7.45067560228073,16.515644671175732,0.7349369965445076
2026-09-05 23:45:00,WTG-002,543.0641561237825,7.256479346509956,16.479095667006696,0.7683299401010734
2026-09-06 00:00:00,WTG-002,142.45549771090904,5.849449426842062,15.996176809638232,0.5560347135717159
2026-09-06 00:15:00,WTG-002,80.64779939429899,4.061125066073677,14.670866693398857,0.42001550611542765
2026-09-06 00:30:00,WTG-002,255.80789940500122,5.982573594690717,15.688856757034753,0.5774040068369556
2026-09-06 00:45:00,WTG-002,449.62422197245183,7.097876185970097,14.635507989280967,0.794883114909609
2026-09-06 01:00:00,WTG-002,454.1521287788072,7.392419547031514,15.25134407175078,0.68427092363701
2026-09-06 01:15:00,WTG-002,606.5095619405346,7.706321631858843,14.242709502404782,0.772843096888268
2026-09-06 01:30:00,WTG-002,235.58234885519113,4.869735447560904,14.528609554143078,0.451549402981572
2026-09-06 01:45:00,WTG-002,328.566221581556,6.447669287197673,15.922384966678392,0.6388398958680253
2026-09-06 02:00:00,WTG-002,799.718380874554,9.079845922938276,15.202677350347118,0.9378156856940987
2026-09-06 02:15:00,WTG-002,382.5087705187293,6.881346918688648,16.119956591353777,0.7552643131888088
2026-09-06 02:30:00,WTG-002,293.1056195754519,6.713018841038012,16.302869509257917,0.695988654887667
2026-09-06 02:45:00,WTG-002,889.8575109284081,9.439508242227397,17.013914452366055,0.9969842374127283
2026-09-06 03:00:00,WTG-002,727.1502460686994,8.636886151209904,17.14243943162075,0.8579762312842478
2026-09-06 03:15:00,WTG-002,476.22997179954143,7.758237772945509,16.84079136200531,0.7802584169563338
2026-09-06 03:30:00,WTG-002,389.83099013527,6.781417028783443,16.840252520269885,0.669324281630758
2026-09-06 03:45:00,WTG-002,1702.5557868573476,11.231896624116661,16.96839909972975,1.0876701968202973
2026-09-06 04:00:00,WTG-002,1389.2788676187643,10.500422399906265,17.268117080027583,1.0295875374355425
2026-09-06 04:15:00,WTG-002,1136.4588923414879,9.896661475084128,17.992050224315673,1.0141976490135989
2026-09-06 04:30:00,WTG-002,1700.0546042541378,11.442858754742403,17.89323281497409,1.174351935432662
2026-09-06 04:45:00,WTG-002,526.5219659640584,7.807187537964863,18.712330390744686,0.8307700597112525
2026-09-06 05:00:00,WTG-002,279.2425127104244,6.3853700159008016,19.297500250749344,0.6422042290775628
2026-09-06 05:15:00,WTG-002,678.6018588359141,8.410270128496771,18.88994203071366,0.9107584340123394
2026-09-06 05:30:00,WTG-002,1030.7252622174483,9.484583080846724,18.1536962400193,0.9239721807924085
2026-09-06 05:45:00,WTG-002,743.9469147223583,8.645434303507848,20.121894549485624,0.8053292903644604
2026-09-06 06:00:00,WTG-002,868.2662320651102,9.397901253388747,19.254904115363345,0.9370834108799224
2026-09-06 06:15:00,WTG-002,1514.9963266517289,10.970437875984718,21.525371885967438,1.110025257871828
2026-09-06 06:30:00,WTG-002,673.6091202539183,8.50156303180591,19.956067272864548,0.8147895210451266
2026-09-06 06:45:00,WTG-002,621.7892130054868,8.185871173641997,22.18622142118472,0.843970314068157
2026-09-06 07:00:00,WTG-002,418.06560827048224,7.320695994670199,20.14203447377677,0.7833970141596376
2026-09-06 07:15:00,WTG-002,421.9980284123579,7.295216701635763,21.980917244389516,0.7504466418631274
2026-09-06 07:30:00,WTG-002,648.051058241844,8.140107174566491,22.954166025184293,0.8230070220105001
2026-09-06 07:45:00,WTG-002,964.3398198757668,9.422489999690145,23.65115468851832,0.8838707252929425
2026-09-06 08:00:00,WTG-002,1948.5486705750927,11.749215239866073,22.070040070989428,1.1335128859994228
2026-09-06 08:15:00,WTG-002,857.7835517377833,9.188742459710502,22.654989026930185,0.8984106374247666
2026-09-06 08:30:00,WTG-002,584.2250532027313,7.974421448329843,20.069323978692143,0.8201564105162642
2026-09-06 08:45:00,WTG-002,604.5912206957822,8.063286246990694,21.88342427532867,0.8271632687129041
2026-09-06 09:00:00,WTG-002,942.1897719229522,8.980661757446912,23.22670636297372,0.9348827360305894
2026-09-06 09:15:00,WTG-002,240.85358726383282,4.967132470076327,24.301904728523777,0.554004111105884
2026-09-06 09:30:00,WTG-002,321.9042076212133,6.598648617296937,23.50611760458557,0.6913477486679922
2026-09-06 09:45:00,WTG-002,380.04266486704915,6.5434268884787254,22.62245452689791,0.6806214295252997
2026-09-06 10:00:00,WTG-002,846.7312659879153,8.965425091787695,25.393687667867987,0.8857762905574913
2026-09-06 10:15:00,WTG-002,848.9807788865868,8.927952050323533,23.7672626027913,0.9026796036286382
2026-09-06 10:30:00,WTG-002,266.21740155116754,6.802338444164662,23.878598033459983,0.6947188560844896
2026-09-06 10:45:00,WTG-002,162.84028881019316,5.951597655922429,24.833311111530364,0.5643974199736242
2026-09-06 11:00:00,WTG-002,374.72176477185155,7.006156419213513,25.276859202641287,0.7560227285587344
2026-09-06 11:15:00,WTG-002,114.38555081489845,5.760632650811123,25.359411247472856,0.5610252980269432
2026-09-06 11:30:00,WTG-002,139.0851443420247,5.261175101110649,23.860496341543712,0.5487178304751973
2026-09-06 11:45:00,WTG-002,219.92569086126338,6.119521632124451,24.953230493067753,0.7007216136907579
2026-09-06 12:00:00,WTG-002,38.85929326627877,3.8300178431585374,25.166531030831184,0.4099746095551511
2026-09-06 12:15:00,WTG-002,461.6522134156429,7.387884412662029,26.042632608543084,0.5948403321990613
2026-09-06 12:30:00,WTG-002,407.0761260223361,6.748781834676035,25.103778994231167,0.6156558425475711
2026-09-06 12:45:00,WTG-002,409.148487384177,7.43133239852146,24.378778437104067,0.7348591241004967
2026-09-06 13:00:00,WTG-002,202.43487981680406,5.439671772260358,24.41876840347953,0.5518355806793129
2026-09-06 13:15:00,WTG-002,108.88422679513572,4.024153954733877,24.809442326104904,0.39767639850873054
2026-09-06 13:30:00,WTG-002,287.57260252980365,5.886593817970285,24.639844308982326,0.5795887227749639
2026-09-06 13:45:00,WTG-002,65.11634811787631,3.7417918768919596,24.0967275418424,0.3151849283096294
2026-09-06 14:00:00,WTG-002,188.56614574900792,5.192698628337023,23.747480021136585,0.4965396838241539
2026-09-06 14:15:00,WTG-002,0.0,2.8985736711800754,23.23001678054541,0.23305963803363022
2026-09-06 14:30:00,WTG-002,202.30241103359126,5.313441949591901,24.38622666874343,0.4855009104222414
2026-09-06 14:45:00,WTG-002,55.317010314051934,4.317724593861011,22.288586272863434,0.4000610482541653
2026-09-06 15:00:00,WTG-002,20.04808049093868,3.3492348256090176,24.026102153293014,0.3563964479578307
2026-09-06 15:15:00,WTG-002,307.2711279952972,6.351513257973399,22.870640974844008,0.6873369912358223
2026-09-06 15:30:00,WTG-002,164.37145647140022,3.6867230695030897,21.815376367447502,0.3396163542866386
2026-09-06 15:45:00,WTG-002,14.45479952559316,3.7744579788828516,23.887456382372996,0.284962701394577
2026-09-06 16:00:00,WTG-002,0.0,2.021511114516605,22.520638610911206,0.18708953396907013
2026-09-06 16:15:00,WTG-002,126.14847195624496,3.752448999908018,21.944295780253732,0.356607722724122
2026-09-06 16:30:00,WTG-002,126.62492133364812,4.290865422358959,21.291178747651287,0.3740802822016166
2026-09-06 16:45:00,WTG-002,0.0,2.509403529328043,21.07537511693674,0.27473257604308665
2026-09-06 17:00:00,WTG-002,38.1823877365699,2.672758894617699,23.64501831078199,0.2611876464370537
2026-09-06 17:15:00,WTG-002,0.0,2.6742602054004334,20.703700122844968,0.25505727184362076
2026-09-06 17:30:00,WTG-002,43.02672952450611,3.193734553054073,20.801538064315704,0.35998177152120203
2026-09-06 17:45:00,WTG-002,33.56135048387944,1.2005627287998122,21.299178389037692,0.10143690038230176
2026-09-06 18:00:00,WTG-002,47.488264505847646,3.5697496377873357,21.337249258147327,0.44311153527376435
2026-09-06 18:15:00,WTG-002,12.384813405644437,1.8116192099453834,19.09142123937521,0.20954775667396827
2026-09-06 18:30:00,WTG-002,24.883926196650737,2.8538447349135705,18.269788198070284,0.3116704789481993
2026-09-06 18:45:00,WTG-002,18.298318895156,1.0162447050497105,17.04633011618643,0.0286688564612491
2026-09-06 19:00:00,WTG-002,3.6960536356290845,3.9331770414302163,17.790642720210382,0.4544913068694897
2026-09-06 19:15:00,WTG-002,35.532910138312324,2.3954782995911463,18.0341977320232,0.2498072042847446
2026-09-06 19:30:00,WTG-002,0.0,0.5780271861529132,15.189996340715243,0.0797218723747389
2026-09-06 19:45:00,WTG-002,317.19830960605486,6.271730380232878,16.7993899833831,0.644895155947607
2026-09-06 20:00:00,WTG-002,0.0,3.2269907660163897,17.66083645834852,0.29133592101858846
2026-09-06 20:15:00,WTG-002,0.0,2.4318080442776777,18.067583654047613,0.23684615189783034
2026-09-06 20:30:00,WTG-002,190.73361835591595,3.2504640643792566,16.748307943651337,0.2704006783755028
2026-09-06 20:45:00,WTG-002,80.59109953074409,2.290518328532608,15.463382521739058,0.33218950923072976
2026-09-06 21:00:00,WTG-002,137.849255956916,4.120845707425584,16.01836272647432,0.29028983296599653
2026-09-06 21:15:00,WTG-002,0.0,1.9621068963909858,15.992387402041928,0.212267682687289
2026-09-06 21:30:00,WTG-002,174.57913570624112,4.807538983002419,16.57958877937971,0.503686566923946
2026-09-06 21:45:00,WTG-002,258.5470559078317,5.26744668413599,16.83954636163646,0.5478340878624615
2026-09-06 22:00:00,WTG-002,362.5303879066651,6.71997710923148,15.131561356169053,0.6528652193496672
2026-09-06 22:15:00,WTG-002,83.95185837728224,5.011475812122809,16.213121160128598,0.4480791121310371
2026-09-06 22:30:00,WTG-002,224.50487903639666,5.447872104599267,15.882415776312799,0.5116292895919081
2026-09-06 22:45:00,WTG-002,179.00097894576876,6.046638883348276,15.907967503720398,0.5152467543027757
2026-09-06 23:00:00,WTG-002,143.70147705033958,5.353851658623298,16.127175877994205,0.49200982506459384
2026-09-06 23:15:00,WTG-002,50.023609724085645,3.5216029327022147,14.92253494381783,0.3614102927072632
2026-09-06 23:30:00,WTG-002,269.50302716046417,5.8563283325058215,13.220888061311548,0.7162749198588177
2026-09-06 23:45:00,WTG-002,120.68117871040894,5.479694226268975,14.506948113427631,0.5969069028457585
2026-09-07 00:00:00,WTG-002,201.74465500132953,5.983745996324331,14.003554208592737,0.6201801281142275
2026-09-07 00:15:00,WTG-002,304.40715996895153,6.638546530225451,14.487681046893721,0.7104057783546662
2026-09-07 00:30:00,WTG-002,109.93506000331593,5.487025885969993,14.580360253585983,0.5408088877275206
2026-09-07 00:45:00,WTG-002,238.62817237454036,5.691537408305443,16.72272758900496,0.4407533458789197
2026-09-07 01:00:00,WTG-002,424.6353391995205,7.290610653168979,14.185932231463621,0.6815975903765213
2026-09-07 01:15:00,WTG-002,249.33140753615248,6.08338369490325,15.008895520563632,0.5927809821617999
2026-09-07 01:30:00,WTG-002,608.3519929968728,8.057977384569652,15.225474867786478,0.9061008454681299
2026-09-07 01:45:00,WTG-002,801.1538200195688,8.688567315719823,13.922046196327326,0.8352553275646958
2026-09-07 02:00:00,WTG-002,1440.1289095104255,10.620961260373047,16.620744274656044,1.105071154937576
2026-09-07 02:15:00,WTG-002,409.89563540744217,7.349545534794576,15.67764361828365,0.6882770724572115
2026-09-07 02:30:00,WTG-002,1657.2204975194086,11.15861180722482,16.004693173038866,1.0882988736702521
2026-09-07 02:45:00,WTG-002,817.6856896821184,8.885659961776538,15.680450546203305,0.9272308614295368
2026-09-07 03:00:00,WTG-002,240.16856387689367,6.448611320219025,16.01791453688545,0.589808799628634
2026-09-07 03:15:00,WTG-002,785.3677914843763,8.878274503455854,17.46805975244107,0.8765653948268387
2026-09-07 03:30:00,WTG-002,809.957023767744,8.653643911975722,15.575527438034765,0.9018991528843443
2026-09-07 03:45:00,WTG-002,625.8740979706973,8.537909495922584,17.896988346306625,0.7843097683892966
2026-09-07 04:00:00,WTG-002,634.5101274537188,8.458569994870203,18.762630193281606,0.8414632857056079
2026-09-07 04:15:00,WTG-002,1121.9194456508894,9.693414652609997,16.678431852607474,0.90007972377271
2026-09-07 04:30:00,WTG-002,971.2005328734024,9.472912658979194,17.678391069458797,0.9517791097671083
2026-09-07 04:45:00,WTG-002,398.8680817886452,6.760500426444333,16.529633919590292,0.7255993664172911
2026-09-07 05:00:00,WTG-002,1334.5781630691617,10.32579393421681,17.20830307098254,1.036364222334333
2026-09-07 05:15:00,WTG-002,293.0130028186829,5.944976022134863,20.110341686589937,0.543245443709126
2026-09-07 05:30:00,WTG-002,585.8698155522225,7.9510138228654865,19.054426923891686,0.8227531682787506
2026-09-07 05:45:00,WTG-002,416.06757125713466,7.4670019264453105,20.006323406737337,0.7349564724909202
2026-09-07 06:00:00,WTG-002,1142.273233566757,9.959676474131294,20.14220704746948,0.9043524986572465
2026-09-07 06:15:00,WTG-002,849.1279923656742,8.950620179279397,22.48134791843293,0.8605258215280825
2026-09-07 06:30:00,WTG-002,654.2103923251294,8.530321683010106,20.38426977719199,0.7923519864938519
2026-09-07 06:45:00,WTG-002,586.6134162600771,8.124931666944283,19.588294933294648,0.853105858205909
2026-09-07 07:00:00,WTG-002,1345.4328903646283,10.676038652151652,21.2113347188891,0.9549986307791767
2026-09-07 07:15:00,WTG-002,412.64972046931047,7.187914674194287,21.518738191732112,0.6854925059698436
2026-09-07 07:30:00,WTG-002,778.1697029645377,8.88482801003435,22.159767934347236,0.8666186979834658
2026-09-07 07:45:00,WTG-002,281.90378615759187,6.318540666316675,21.09316548922785,0.6900814441345977
2026-09-07 08:00:00,WTG-002,553.2720574843947,7.75896504966212,23.030678845851927,0.8134692231339332
2026-09-07 08:15:00,WTG-002,290.73403362864786,6.281457210079404,20.028416774304233,0.6048980894114988
2026-09-07 08:30:00,WTG-002,771.5814960026514,8.934764832205536,22.628011758365354,0.8809325705309283
2026-09-07 08:45:00,WTG-002,565.0452261586565,8.118630331967086,24.726781859074432,0.8561724924418923
2026-09-07 09:00:00,WTG-002,1138.8722432603229,9.999861859366696,22.66929118780428,0.9741866711063122
2026-09-07 09:15:00,WTG-002,754.754129301941,9.111446437592303,25.01790350024495,0.9141687010712588
2026-09-07 09:30:00,WTG-002,621.5791725748176,8.309824343536597,24.01875824893123,0.7581805534666939
2026-09-07 09:45:00,WTG-002,769.6465256069862,8.488553736071085,25.29126286065326,0.8454292623414484
2026-09-07 10:00:00,WTG-002,880.721172647669,8.96858073602256,25.38627686239174,1.0233258557650482
2026-09-07 10:15:00,WTG-002,639.2101447651899,7.987864262333566,25.203011771057508,0.7432125639567047
2026-09-07 10:30:00,WTG-002,259.3011591956329,6.157838538837318,24.88068662869737,0.655081545574256
2026-09-07 10:45:00,WTG-002,466.0093431882069,7.4732258640886675,24.809907458088677,0.7202405674513424
2026-09-07 11:00:00,WTG-002,177.02635043709836,5.902908145602016,25.30993857023793,0.5620400420696874
2026-09-07 11:15:00,WTG-002,1154.2796181788985,10.249853577845816,24.55063590424446,1.09001123915095
2026-09-07 11:30:00,WTG-002,117.15332726947975,5.354926247437722,25.629404038324115,0.5105982963682137
2026-09-07 11:45:00,WTG-002,804.0348323556956,8.5436246219545,24.921011243193348,0.883791534154766
2026-09-07 12:00:00,WTG-002,132.77718291182117,4.944346898214822,25.081266068915006,0.48620833916292894
2026-09-07 12:15:00,WTG-002,403.0473454103541,7.215865243675221,25.642281120039527,0.6345239438727418
2026-09-07 12:30:00,WTG-002,249.37581917932613,6.180611351616744,25.494489486387003,0.5163482389688746
2026-09-07 12:45:00,WTG-002,286.06710788647587,6.037564631709602,22.91944981657845,0.5789181605389997
2026-09-07 13:00:00,WTG-002,186.54677550477217,5.567813496870256,24.614356552658286,0.5176218591047551
2026-09-07 13:15:00,WTG-002,194.85585148302656,5.043012638052029,25.04685158279442,0.5380440720842891
2026-09-07 13:30:00,WTG-002,0.0,1.2753628390530691,24.20574868993034,0.11828013061681902
2026-09-07 13:45:00,WTG-002,0.0,2.983757266991733,26.097589509249467,0.28790829152686265
2026-09-07 14:00:00,WTG-002,65.64507087019626,5.040469640991055,22.711280289196246,0.45684870013985435
2026-09-07 14:15:00,WTG-002,31.583484791616897,4.567403899530257,24.42816835861725,0.36436681281341254
2026-09-07 14:30:00,WTG-002,31.651146408150076,2.408327474003699,23.263149902546292,0.315192375702745
2026-09-07 14:45:00,WTG-002,0.0,1.613889214512903,22.371084564439602,0.19123993352010824
2026-09-07 15:00:00,WTG-002,0.0,2.7015933590186707,21.966324154564397,0.292315059859846
2026-09-07 15:15:00,WTG-002,0.0,1.797051031668678,23.41397069955714,0.16018965257985013
2026-09-07 15:30:00,WTG-002,184.4531622023897,5.349227536514592,22.814877108521383,0.5552317894137099
2026-09-07 15:45:00,WTG-002,155.52978944851122,4.369023184572036,21.821188857957033,0.490051460776541
2026-09-07 16:00:00,WTG-002,104.10399503768603,4.0722143651196765,23.52800981019999,0.40405923455073517
2026-09-07 16:15:00,WTG-002,0.0,2.2595027459702894,22.964824426264034,0.21488644889257233
2026-09-07 16:30:00,WTG-002,177.78509695245097,4.868038896243322,22.43105210337206,0.38704036655226415
2026-09-07 16:45:00,WTG-002,0.0,1.23960023872249,22.17164929526667,0.15723527764242395
2026-09-07 17:00:00,WTG-002,24.916291638551545,2.7512697157764348,19.894144583462204,0.20400701544690164
2026-09-07 17:15:00,WTG-002,25.625116913704677,0.0,22.029089455036473,-0.030505617515751413
2026-09-07 17:30:00,WTG-002,6.124129310033462,1.6895157900794482,20.505611968651987,0.2310693648052455
2026-09-07 17:45:00,WTG-002,119.55872688169833,4.488543312365124,19.367970475203364,0.41396287223274075
2026-09-07 18:00:00,WTG-002,25.77276220348353,2.479019002256183,19.871680670604597,0.22463875619492543
2026-09-07 18:15:00,WTG-002,432.75194486296704,7.05553791998674,20.56033646450175,0.7756142016990655
2026-09-07 18:30:00,WTG-002,0.0,1.2124541639054662,18.586212326773087,0.10880834930342377
2026-09-07 18:45:00,WTG-002,260.2744574071386,6.243756921891866,19.072448822761633,0.563458063481353
2026-09-07 19:00:00,WTG-002,51.47840934346219,3.774561428908862,18.52143850512984,0.26270908335387283
2026-09-07 19:15:00,WTG-002,35.718586626555336,4.507338267289082,18.58322279350237,0.412615900246772
2026-09-07 19:30:00,WTG-002,0.0,1.4136866702758808,19.424576502149428,0.11551652400621269
2026-09-07 19:45:00,WTG-002,0.0,2.9234917676994714,17.552417826056004,0.26399334401382635
2026-09-07 20:00:00,WTG-002,80.59854767480739,2.7829760352697597,16.748322420119464,0.3651089152180577
2026-09-07 20:15:00,WTG-002,135.42759632706952,5.667655263239354,18.621642793230723,0.5296822637449319
2026-09-07 20:30:00,WTG-002,0.0,1.4065780986369654,16.661320274317397,0.12731474118876662
2026-09-07 20:45:00,WTG-002,210.30077015156257,5.180688538036126,15.779438885230682,0.6024676112388949
2026-09-07 21:00:00,WTG-002,0.0,2.8026633960043643,16.835529321746538,0.2833385697025623
2026-09-07 21:15:00,WTG-002,152.30580449144725,3.659696663135847,15.315846032455116,0.2958699619887303
2026-09-07 21:30:00,WTG-002,1.7693677149317826,0.7879136709296253,15.810139006481181,0.10265849243192526
2026-09-07 21:45:00,WTG-002,17.56304254879999,2.808272836198603,17.263769381061596,0.2310230900823203
2026-09-07 22:00:00,WTG-002,6.11333904698618,3.066031600140894,16.363329243008117,0.25149913395925755
2026-09-07 22:15:00,WTG-002,13.111777779536851,3.2345441362228216,15.189823706949987,0.34184691117187244
2026-09-07 22:30:00,WTG-002,164.8855552034052,4.9832894151369915,14.976676527646138,0.46422953607173495
2026-09-07 22:45:00,WTG-002,286.6180668199292,5.931915037392026,14.308434331939404,0.6116218363877164
2026-09-07 23:00:00,WTG-002,343.18658308068717,6.508669377600636,16.269569009740927,0.6718648132252862
2026-09-07 23:15:00,WTG-002,84.36341648338754,4.477002401856144,14.016337581435714,0.37441587261399545
2026-09-07 23:30:00,WTG-002,460.698702017079,7.418368754118852,15.924750620165051,0.7257071910360248
2026-09-07 23:45:00,WTG-002,147.60543404474538,5.109184975488213,15.588888443993177,0.4257722695774695
2026-09-08 00:00:00,WTG-002,599.615415471679,7.9422437747007795,15.696197694381524,0.8368233170258568
2026-09-08 00:15:00,WTG-002,179.82783583026446,4.55754430436029,13.053502578964988,0.48332325641523244
2026-09-08 00:30:00,WTG-002,49.484045948497545,1.944689771707738,15.010954993724983,0.1495175619293617
2026-09-08 00:45:00,WTG-002,438.3773211881695,7.358887444846867,16.166607726296377,0.8111533875728564
2026-09-08 01:00:00,WTG-002,1195.2250291079313,10.025041255810729,14.898200913100396,0.9701370112542717
2026-09-08 01:15:00,WTG-002,298.8703176574886,6.601629792282369,16.187099042561464,0.7080823801368056
2026-09-08 01:30:00,WTG-002,562.5723639428761,7.885980676499326,15.48044211591241,0.8600722031648395
2026-09-08 01:45:00,WTG-002,533.1118629656729,7.622122144941961,13.55420242224558,0.7570557324098569
2026-09-08 02:00:00,WTG-002,854.4357627183293,9.096495945603353,16.624868856969012,0.9380922897134538
2026-09-08 02:15:00,WTG-002,193.90211842929074,5.442207168799094,16.056033973675518,0.4918069846728738
2026-09-08 02:30:00,WTG-002,936.9626204357913,9.277878952622395,15.249956221960785,0.964067587544056
2026-09-08 02:45:00,WTG-002,950.721585442517,9.579328552607361,17.140758416993364,0.9588142877593702
2026-09-08 03:00:00,WTG-002,748.8267758192379,8.61618486995268,17.367687411216885,0.8335896714702321
2026-09-08 03:15:00,WTG-002,662.9747503155072,8.440906449814019,15.74778163635984,0.9116836115087856
2026-09-08 03:30:00,WTG-002,1437.655619055044,10.629244774009479,16.549123342612575,1.0375825941121577
2026-09-08 03:45:00,WTG-002,398.663714038668,7.171756712822409,16.96653004336532,0.7106498344237054
2026-09-08 04:00:00,WTG-002,1127.1576174617037,9.894334381582143,17.346670612570016,0.9673222813738849
2026-09-08 04:15:00,WTG-002,367.182432336323,7.040830919085879,18.77486343002686,0.6810228818740622
2026-09-08 04:30:00,WTG-002,629.9048165647283,7.9265284072126905,17.87689517930008,0.862210866539288
2026-09-08 04:45:00,WTG-002,1123.624984289186,9.799878084389686,17.963536024141472,0.9955081074916942
2026-09-08 05:00:00,WTG-002,575.8917378204566,7.835696128854988,19.266892809633543,0.8109132040419063
2026-09-08 05:15:00,WTG-002,1552.410742448849,11.141209930816094,18.32339715005899,1.1247743633216074
2026-09-08 05:30:00,WTG-002,1810.9681029286126,11.518348966266782,19.75696036720206,1.1001522709756473
2026-09-08 05:45:00,WTG-002,467.544546404636,7.672576798694573,19.059475121849534,0.7456963655526988
2026-09-08 06:00:00,WTG-002,663.2647833770643,8.54858494101199,20.950779304773327,0.9017760813806908
2026-09-08 06:15:00,WTG-002,626.4043867429322,8.340188330959805,20.99272012408857,0.864793794889995
2026-09-08 06:30:00,WTG-002,1147.8755336907411,9.911142358019811,20.725022701358295,1.0084401222579695
2026-09-08 06:45:00,WTG-002,1549.977875411503,11.114449222175374,20.065208478993707,1.1160732651701974
2026-09-08 07:00:00,WTG-002,473.2438918546863,7.301601135649795,20.53470429117531,0.8259758261416118
2026-09-08 07:15:00,WTG-002,305.63268732643553,6.8963498529886005,21.471727358458338,0.6537974488143945
2026-09-08 07:30:00,WTG-002,483.98269459401314,7.866119278158565,21.725952115294287,0.8013949638139075
2026-09-08 07:45:00,WTG-002,436.0073029268036,7.311562412915725,22.223877819675486,0.784576920798173
2026-09-08 08:00:00,WTG-002,264.27369772628896,6.0512930664535425,21.986874900828468,0.6208461458509328
2026-09-08 08:15:00,WTG-002,1126.95594807495,10.076903708789956,20.510472570225883,0.9662163344640715
2026-09-08 08:30:00,WTG-002,1212.6948405859648,9.974767874138607,22.789491038080296,0.9317120423097449
2026-09-08 08:45:00,WTG-002,744.9957154435259,8.983246241024785,22.616299039833635,0.8915482575580554
2026-09-08 09:00:00,WTG-002,685.9062806885721,8.294087101331172,23.545765285462306,0.9140435733007164
2026-09-08 09:15:00,WTG-002,870.3123442021204,8.832201367040655,22.907692328797943,0.9109003486609025
2026-09-08 09:30:00,WTG-002,513.2803875649413,7.583991185537744,24.561341121836023,0.7552633468734335
2026-09-08 09:45:00,WTG-002,508.920395012635,7.192825666767492,25.781682084263586,0.6825953354718068
2026-09-08 10:00:00,WTG-002,542.6006608821322,7.666021200167843,23.0099174432299,0.7726381292760419
2026-09-08 10:15:00,WTG-002,632.4772662028837,8.371902494322978,24.207245257141317,0.8711188858947545
2026-09-08 10:30:00,WTG-002,522.5401828936597,7.6912556068558295,24.230392618217856,0.7812606732350754
2026-09-08 10:45:00,WTG-002,426.73904400189,6.83928815804581,24.109774874850128,0.6223691911727143
2026-09-08 11:00:00,WTG-002,491.9006208725068,7.395264537925813,24.746281698195297,0.7114475760987495
2026-09-08 11:15:00,WTG-002,301.10011903922066,6.572049947255529,24.136061712785406,0.6322672160528917
2026-09-08 11:30:00,WTG-002,463.25776158992386,7.502162311808304,23.69427079440613,0.7016085367627324
2026-09-08 11:45:00,WTG-002,489.74562366751707,7.702272985918047,26.291653756846085,0.7669674358444846
2026-09-08 12:00:00,WTG-002,301.67668965307763,6.337083444368862,26.75418791596383,0.6826752951883919
2026-09-08 12:15:00,WTG-002,0.0,2.9384447181202686,25.364491160248928,0.2235002553547702
2026-09-08 12:30:00,WTG-002,62.28204216777567,4.809421714195168,25.093369210588488,0.47235530782030877
2026-09-08 12:45:00,WTG-002,144.34129799978504,5.357376155008812,25.749080676123626,0.5539654223253981
2026-09-08 13:00:00,WTG-002,141.98121029104223,5.110146732688147,23.63304217876779,0.44693923658188117
2026-09-08 13:15:00,WTG-002,160.84558254942212,4.917444359198589,27.085358643456793,0.5800010666903589
2026-09-08 13:30:00,WTG-002,7.190899416151872,3.5472218366598303,24.392000956980084,0.28496697147917954
2026-09-08 13:45:00,WTG-002,0.0,3.4105311447100464,25.11044462710877,0.3662754337189648
2026-09-08 14:00:00,WTG-002,0.0,2.731833498654947,24.123090224423798,0.32818615999874845
2026-09-08 14:15:00,WTG-002,436.9991997389793,6.868933192013273,24.605931636628426,0.7263924755084421
2026-09-08 14:30:00,WTG-002,35.881779633477535,2.22985170222192,23.315981922158965,0.25372800154130903
2026-09-08 14:45:00,WTG-002,49.964029863963766,4.177311120293034,25.742996803732453,0.42308968027601335
2026-09-08 15:00:00,WTG-002,77.18287224916848,4.142303212551058,23.22842768983118,0.3697714245022259
2026-09-08 15:15:00,WTG-002,110.06031503431774,3.9434424446044525,23.372488423347264,0.33484758332225234
2026-09-08 15:30:00,WTG-002,91.07159488688137,3.853345675552997,22.678311622866218,0.3849580999167602
2026-09-08 15:45:00,WTG-002,114.78928837076126,4.57064706069422,21.725674103019607,0.41849029315921765
2026-09-08 16:00:00,WTG-002,0.0,2.755897560823893,24.926302811870116,0.2400038946499939
2026-09-08 16:15:00,WTG-002,33.401099506188245,3.221536340270045,22.81057910377985,0.32795187895192784
2026-09-08 16:30:00,WTG-002,75.763907241117,2.1290939740316364,22.064635419841323,0.20942571475551583
2026-09-08 16:45:00,WTG-002,53.63139178569574,0.0,22.530060061842185,0.04557939112315792
2026-09-08 17:00:00,WTG-002,0.0,3.1244266162934133,24.664114016457148,0.29561026600631024
2026-09-08 17:15:00,WTG-002,15.242122030192998,3.1357820175418745,19.323379559455915,0.3106365696657709
2026-09-08 17:30:00,WTG-002,153.75496570724337,5.155417966419023,20.81776317451997,0.5178648610747307
2026-09-08 17:45:00,WTG-002,42.42257085407746,2.513776853078355,21.088120128215007,0.15866396865442306
2026-09-08 18:00:00,WTG-002,56.66656688655924,3.9008912150302226,17.949991963001192,0.41764072511619305
2026-09-08 18:15:00,WTG-002,111.40231058406023,2.7295049805125338,19.992690931825866,0.26918182668389123
2026-09-08 18:30:00,WTG-002,164.93352357009474,3.305401483906905,19.98211003993248,0.35937408777069685
2026-09-08 18:45:00,WTG-002,27.031293334986312,1.2379964394323477,20.7743219069696,0.15192267023940068
2026-09-08 19:00:00,WTG-002,24.109542251657746,2.401125126176308,18.761584298811886,0.24390678537613936
2026-09-08 19:15:00,WTG-002,83.44226127042525,3.6986996691647525,17.853664003121832,0.2672925270071918
2026-09-08 19:30:00,WTG-002,0.0,2.661135683645459,18.66647686723813,0.237525458612525
2026-09-08 19:45:00,WTG-002,484.0147755590889,6.617374414454136,18.44397346794532,0.6732428132991207
2026-09-08 20:00:00,WTG-002,0.0,3.790211132311137,18.24501431142363,0.2965015326121372
2026-09-08 20:15:00,WTG-002,96.35354970447139,3.769555818188822,18.231475874369377,0.27967321109258925
2026-09-08 20:30:00,WTG-002,108.59227905207634,4.520835680202379,17.33359963636296,0.5082764634210482
2026-09-08 20:45:00,WTG-002,0.0,1.468759620869073,16.600979392060616,0.16346912022047203
2026-09-08 21:00:00,WTG-002,162.61944653708576,5.370851019788344,15.477855187454944,0.5780620650141001
2026-09-08 21:15:00,WTG-002,149.03134612053967,3.6259792549739625,18.226092626993776,0.37091694151096305
2026-09-08 21:30:00,WTG-002,0.0,2.547090456907034,14.868679366401647,0.3156618953254438
2026-09-08 21:45:00,WTG-002,34.34750852096635,2.659607767213906,16.001400538190634,0.23274973905650695
2026-09-08 22:00:00,WTG-002,294.46036508280594,6.616641213800159,15.11137779298825,0.7091301494617834
2026-09-08 22:15:00,WTG-002,295.6656254424756,5.579968868966217,14.432181735153161,0.5463244824886635
2026-09-08 22:30:00,WTG-002,157.58926107904185,5.091766258705542,16.035810923272336,0.5501202133384995
2026-09-08 22:45:00,WTG-002,80.77584543393182,2.1132726717494035,15.420017208091345,0.206071744158598
2026-09-08 23:00:00,WTG-002,0.0,3.5536134900893748,15.335715546580932,0.37392373272723894
2026-09-08 23:15:00,WTG-002,266.4702557631813,6.20801406978134,15.053558552895256,0.5882543244098172
2026-09-08 23:30:00,WTG-002,41.20242956163882,1.5154184044825456,15.432266777775581,0.09697876811218326
2026-09-08 23:45:00,WTG-002,209.14895275896677,5.614612985803167,15.180378873832396,0.5243261894120348
2026-09-09 00:00:00,WTG-002,187.4712740000741,5.702468565334956,14.994854368489174,0.6590105871954414
2026-09-09 00:15:00,WTG-002,139.21456528057598,4.8191814321446325,15.33787162996598,0.4798154551782701
2026-09-09 00:30:00,WTG-002,1098.2490544006937,9.976545814539032,14.141942518264054,0.9879318041927725
2026-09-09 00:45:00,WTG-002,531.5647516961037,7.800099535775734,15.341290661418753,0.7413412866110318
2026-09-09 01:00:00,WTG-002,623.37477152287,8.008303693079723,15.344914625460829,0.935114619211049
2026-09-09 01:15:00,WTG-002,676.7845246521143,8.59164642505597,15.165752723887298,0.8494550107484866
2026-09-09 01:30:00,WTG-002,917.0621960715114,9.282075187246232,15.869180924267528,0.9073799008169577
2026-09-09 01:45:00,WTG-002,568.5649272168486,7.960779529187035,16.68351385718017,0.7537939070585339
2026-09-09 02:00:00,WTG-002,843.3122999547717,9.01914838041353,15.81815380491889,0.9372076770414957
2026-09-09 02:15:00,WTG-002,732.2472244403208,9.054878051571565,14.07209666262812,0.8990372761518577
2026-09-09 02:30:00,WTG-002,521.9184311441549,7.864598713377051,16.54313792090052,0.8712903389506879
2026-09-09 02:45:00,WTG-002,1255.9080851857227,10.282817018805696,16.224054587517674,1.1068679961880716
2026-09-09 03:00:00,WTG-002,870.8139480137548,9.363353302715643,17.104153758228314,0.903555673272784
2026-09-09 03:15:00,WTG-002,1210.293307066821,10.248753863731613,15.985746425264107,1.0107179568187166
2026-09-09 03:30:00,WTG-002,602.1322203968376,8.207748128713233,18.462869808875677,0.827439670705232
2026-09-09 03:45:00,WTG-002,846.0135451942241,8.956116570764348,18.156179032841127,0.9133731949127248
2026-09-09 04:00:00,WTG-002,1296.5075388110185,10.455823311550265,17.348936182722053,1.038480327114261
2026-09-09 04:15:00,WTG-002,548.830517634402,7.5716918897568695,17.91607742846079,0.7643501267024038
2026-09-09 04:30:00,WTG-002,1066.5114240164355,9.590282910179607,18.187087388941464,0.9465564108031946
2026-09-09 04:45:00,WTG-002,688.1746090490054,8.053301999531376,18.751892563103684,0.8155964276004461
2026-09-09 05:00:00,WTG-002,506.55623837145885,7.608929490146867,18.833498552236662,0.8060655379912623
2026-09-09 05:15:00,WTG-002,800.4957503313601,8.883959890152404,19.772214606437952,0.8726224061359049
2026-09-09 05:30:00,WTG-002,1012.047418255368,9.826411028853752,18.3228668698344,1.0432803259239252
2026-09-09 05:45:00,WTG-002,298.61424896004985,6.583222316773861,20.275475532913013,0.6519617805583322
2026-09-09 06:00:00,WTG-002,556.0687209720453,7.814654826106541,20.07619267370165,0.7808832886570518
2026-09-09 06:15:00,WTG-002,989.1572660322274,9.262316814160535,21.114071503615154,1.0073440632368693
2026-09-09 06:30:00,WTG-002,576.5213658789639,8.23992873928117,20.952461257124494,0.7765534835311005
2026-09-09 06:45:00,WTG-002,724.0381401085493,8.412327200431319,22.211093027669367,0.8604615179761818
2026-09-09 07:00:00,WTG-002,444.5940798989727,7.090441742487583,21.530797246526124,0.743348949960075
2026-09-09 07:15:00,WTG-002,1270.1185891400619,10.354904828339508,21.120254316442097,1.089955819697861
2026-09-09 07:30:00,WTG-002,563.5317317967647,7.792700978676146,21.007336612677314,0.7140580275560817
2026-09-09 07:45:00,WTG-002,688.1363847690616,8.36284254180994,21.34748162014889,0.7566047131531402
2026-09-09 08:00:00,WTG-002,773.06458926258,8.976619200226045,21.49678424208984,0.8979813945933901
2026-09-09 08:15:00,WTG-002,481.57246001545525,7.507791050744356,22.385555794763597,0.6862290353165881
2026-09-09 08:30:00,WTG-002,498.890046283784,7.645208745639968,21.70914346641388,0.8584460251226183
2026-09-09 08:45:00,WTG-002,1001.8896418517927,9.839797000100383,24.115857235862784,0.961516217357021
2026-09-09 09:00:00,WTG-002,348.09887354968424,6.90088777639632,24.080236909779266,0.6715153500177117
2026-09-09 09:15:00,WTG-002,463.94154853340524,7.542374852502506,24.973098057163163,0.7412055648793293
2026-09-09 09:30:00,WTG-002,277.963967798983,6.21503765405386,22.652519906123658,0.6447596399017088
2026-09-09 09:45:00,WTG-002,628.3060013504044,8.27077609209096,23.76675533150794,0.8250357772866612
2026-09-09 10:00:00,WTG-002,49.347252821550704,3.604388365324075,24.30656455831692,0.292365311471547
2026-09-09 10:15:00,WTG-002,495.3327997681981,7.430640931725367,24.017265925439062,0.7293848515105954
2026-09-09 10:30:00,WTG-002,204.48880969286589,6.071058940190927,24.595539366234863,0.64808330257391
2026-09-09 10:45:00,WTG-002,639.2660089020897,8.04188100128884,25.851456210583358,0.7075041890894229
2026-09-09 11:00:00,WTG-002,17.601418011026183,4.374519587205301,24.861711904736136,0.4615807840752511
2026-09-09 11:15:00,WTG-002,259.3970176424169,5.17689228149906,24.49327851624599,0.5330926492279718
2026-09-09 11:30:00,WTG-002,187.11166825521696,6.067994929398187,24.37343991006118,0.6934409657206433
2026-09-09 11:45:00,WTG-002,130.48962073777153,5.346514298288392,24.843602619488287,0.4504569211119167
2026-09-09 12:00:00,WTG-002,184.93655006271428,5.426475507842081,23.6630729703864,0.5234365714557503
2026-09-09 12:15:00,WTG-002,509.59641478876046,7.723211964447426,24.756860021012397,0.7603882825162667
2026-09-09 12:30:00,WTG-002,132.47955945354437,3.8289623816541356,24.035230516602134,0.3379278985803606
2026-09-09 12:45:00,WTG-002,0.0,3.477270416315263,24.266856668934576,0.20931962979329427
2026-09-09 13:00:00,WTG-002,63.03687855004372,3.654885060465854,24.45824412278185,0.4162235368609211
2026-09-09 13:15:00,WTG-002,219.11058175582588,3.9262080012928324,25.19803387689032,0.3821695881807169
2026-09-09 13:30:00,WTG-002,181.91435332068238,4.834206323446903,24.2060412095474,0.5202894760472978
2026-09-09 13:45:00,WTG-002,129.3618361923825,5.03863293668075,24.631125110830745,0.5222653163424411
2026-09-09 14:00:00,WTG-002,133.57634408338532,4.119082330177111,24.20895060143377,0.48227946143447126
2026-09-09 14:15:00,WTG-002,32.41612463234577,3.0193308904291065,25.188819529531425,0.3262100464122347
2026-09-09 14:30:00,WTG-002,37.26369996616005,3.4219812533923215,25.073431457972113,0.36958874530025065
2026-09-09 14:45:00,WTG-002,113.37890642100923,5.364301392822552,23.79295722933765,0.5521609148976574
2026-09-09 15:00:00,WTG-002,26.92902058510417,4.764547005474482,23.616840624017566,0.46537430875255004
2026-09-09 15:15:00,WTG-002,173.83813941251802,5.560633813290954,22.636273786416943,0.49759697935320546
2026-09-09 15:30:00,WTG-002,123.1056555315772,5.005816565901043,22.18956446974383,0.42263317341905604
2026-09-09 15:45:00,WTG-002,215.76917962729857,5.0152435147057615,22.36975708122434,0.5543157217720698
2026-09-09 16:00:00,WTG-002,1.8944028703117157,1.7643513341665797,21.767624470858248,0.18089453423615984
2026-09-09 16:15:00,WTG-002,137.77463312317184,3.619257249500459,22.918796241884042,0.32697971627392347
2026-09-09 16:30:00,WTG-002,82.27231384963399,2.3108217154311093,22.33206217919482,0.1643923413974127
2026-09-09 16:45:00,WTG-002,70.36636076120077,2.6968301281629397,22.832419365481922,0.2710782463074677
2026-09-09 17:00:00,WTG-002,32.058661105896945,2.908800855203485,19.51725628020312,0.29262361322852176
2026-09-09 17:15:00,WTG-002,107.88201150038026,2.347999328053042,20.73433458618528,0.25057023650192217
2026-09-09 17:30:00,WTG-002,0.0,3.1686399826528895,19.591465752996722,0.33446003205512437
2026-09-09 17:45:00,WTG-002,233.4143657004791,5.439423651859331,19.407944452262747,0.5360425411082025
2026-09-09 18:00:00,WTG-002,7.764937272646968,3.3066864375281915,20.658519536887898,0.301403049688367
2026-09-09 18:15:00,WTG-002,55.32705791388429,3.3515968396702576,20.13978450571115,0.3178573162384477
2026-09-09 18:30:00,WTG-002,0.0,0.6702410311759608,18.72974092441797,-0.03988069041647903
2026-09-09 18:45:00,WTG-002,145.45864379887297,3.1256287352141503,19.25079508900035,0.3022385304222835
2026-09-09 19:00:00,WTG-002,239.5689192883906,5.7505557327588255,17.41544215864302,0.5076664021044199
2026-09-09 19:15:00,WTG-002,85.81298142578844,0.7917396181307423,18.530331777302777,0.13101678786229043
2026-09-09 19:30:00,WTG-002,150.09621037188623,3.9200063118806003,17.96903851716066,0.26658108169051437
2026-09-09 19:45:00,WTG-002,87.47737886048776,1.3009180050042617,17.736362337830652,0.12485699052841986
2026-09-09 20:00:00,WTG-002,176.63760024180823,4.397540754451717,18.791212483023326,0.42080133189384156
2026-09-09 20:15:00,WTG-002,88.55533380536427,3.967880638873053,16.762276105270043,0.4642545096101675
2026-09-09 20:30:00,WTG-002,21.494983380993236,2.597121004100902,19.476155454232874,0.1789596171979175
2026-09-09 20:45:00,WTG-002,117.18821635203003,3.242205213501592,18.455656447533098,0.35455804376028976
2026-09-09 21:00:00,WTG-002,182.41200737056866,5.353992604743566,16.407034401246914,0.5471667917966848
2026-09-09 21:15:00,WTG-002,298.7609942126215,6.5774455292803795,15.313739717611428,0.7309218918100668
2026-09-09 21:30:00,WTG-002,0.0,3.2134848744760323,15.909086961212022,0.312171012506882
2026-09-09 21:45:00,WTG-002,267.239490546069,5.709947713072985,15.728425036249284,0.532807881959769
2026-09-09 22:00:00,WTG-002,255.999841521277,5.584046262342347,14.763300868349823,0.604964684234045
2026-09-09 22:15:00,WTG-002,358.989223266796,6.330345173710393,15.833178560749477,0.5180356210702182
2026-09-09 22:30:00,WTG-002,237.20977562048287,5.9155835647999355,15.27972924408713,0.6820112457728941
2026-09-09 22:45:00,WTG-002,181.149005287256,4.957845494000145,14.271487556321132,0.4727517837769908
2026-09-09 23:00:00,WTG-002,391.28627541225063,7.083929845211566,14.254233095711287,0.7814939484174931
2026-09-09 23:15:00,WTG-002,222.1046461863212,5.235932951633905,17.24794889609364,0.5453404904287962
2026-09-09 23:30:00,WTG-002,351.2903401443736,6.188646055433664,14.734927886610052,0.6304009108175347
2026-09-09 23:45:00,WTG-002,257.02081652773313,6.285169998034967,15.766767857153322,0.6972306702913971
2026-09-10 00:00:00,WTG-002,153.72262998978897,4.092993663259979,15.548011842238527,0.35527067617105335
2026-09-10 00:15:00,WTG-002,57.296872928311224,1.8925814966010375,15.142116067324782,0.17432136445138569
2026-09-10 00:30:00,WTG-002,363.62169722804083,6.737448981579112,15.48343933183199,0.6274076144900227
2026-09-10 00:45:00,WTG-002,318.4882298557504,6.861481679571699,16.049307972935857,0.689334745121683
2026-09-10 01:00:00,WTG-002,609.3982281584828,7.885589151521566,14.73565925212108,0.7791199372052546
2026-09-10 01:15:00,WTG-002,144.18358490953705,5.884374876767188,15.403840253833653,0.5794453521170241
2026-09-10 01:30:00,WTG-002,311.50177640803577,6.646820679814961,13.712660483031456,0.5647448343932017
2026-09-10 01:45:00,WTG-002,462.30808566116224,7.769046436819526,14.207277632550008,0.8367979818746341
2026-09-10 02:00:00,WTG-002,464.9553898093492,7.488440586727411,16.769910734963023,0.6311414794559479
2026-09-10 02:15:00,WTG-002,608.538440501407,8.469501168332737,16.717434812556203,0.7833474609125105
2026-09-10 02:30:00,WTG-002,545.0749468226545,7.79645091379757,16.23198656074411,0.8668783654433656
2026-09-10 02:45:00,WTG-002,408.7354399471563,6.615417710548066,16.393761355034098,0.6534204135738094
2026-09-10 03:00:00,WTG-002,300.3379555315154,6.663246169212346,15.091081928053175,0.7685764283404256
2026-09-10 03:15:00,WTG-002,270.7194550135969,6.1445107125133855,16.155694167878476,0.7392878209895131
2026-09-10 03:30:00,WTG-002,346.7067991415086,6.0644413943168995,17.121871652316038,0.6304557612177742
2026-09-10 03:45:00,WTG-002,390.2697452423698,7.313680831788509,17.63590092132161,0.723990734121171
2026-09-10 04:00:00,WTG-002,689.3530932333622,8.689689892976377,16.581064378434974,0.7790562593110353
2026-09-10 04:15:00,WTG-002,214.14057310576482,5.926294640307468,17.863605704683525,0.6690409598767137
2026-09-10 04:30:00,WTG-002,677.0559284409846,8.465815572862319,16.373801681825146,0.892214486830911
2026-09-10 04:45:00,WTG-002,474.80587798442787,7.362603618961291,18.391604391989127,0.7661731408786612
2026-09-10 05:00:00,WTG-002,1142.6817851910969,9.921322412247388,18.596406334735484,0.9400345857260195
2026-09-10 05:15:00,WTG-002,385.9431528960165,7.131604115511865,18.1839816691109,0.7130544428526214
2026-09-10 05:30:00,WTG-002,793.1139808436385,8.849203619508977,19.907587191573874,0.8774543630709262
2026-09-10 05:45:00,WTG-002,645.0564576878746,7.855045346603589,18.58104278998021,0.808681293667589
2026-09-10 06:00:00,WTG-002,948.2997190854721,9.158955332413202,20.82678325412059,0.9418229486670201
2026-09-10 06:15:00,WTG-002,1092.6199104879029,9.63999852802363,20.294757253277112,0.9387224212859115
2026-09-10 06:30:00,WTG-002,775.8407501313877,8.827170620859166,20.25807731714775,0.9267739533590451
2026-09-10 06:45:00,WTG-002,760.9696049626303,8.553845622160416,21.454410650180478,0.8062369711293516
2026-09-10 07:00:00,WTG-002,636.7604349990838,8.013901928516992,19.926888729327942,0.7814218040691853
2026-09-10 07:15:00,WTG-002,1312.6231851165821,10.576178426408044,22.01683269220986,1.0838321133760436
2026-09-10 07:30:00,WTG-002,449.75090138304034,7.1331743384541415,21.134297992048865,0.7315744103670342
2026-09-10 07:45:00,WTG-002,238.27306029940792,5.465244694692711,23.33836800748642,0.5155970698779597
2026-09-10 08:00:00,WTG-002,635.1322158496254,8.098528963700929,21.91072622771832,0.8666087795301461
2026-09-10 08:15:00,WTG-002,472.03334441361574,7.353638937523373,23.26584215400277,0.7454892954375606
2026-09-10 08:30:00,WTG-002,1136.2571509238705,9.89645361267202,22.418471346679535,0.9915316726955702
2026-09-10 08:45:00,WTG-002,1095.9352096120695,9.553126703811692,23.25137387046315,0.9239353594523598
2026-09-10 09:00:00,WTG-002,301.877324232795,5.86019409265236,23.99451771253628,0.5802393827741207
2026-09-10 09:15:00,WTG-002,826.7029326867664,8.563517951087494,23.401322933528732,0.8199976652468581
2026-09-10 09:30:00,WTG-002,631.0351567410112,8.276237632174407,25.235938366271935,0.8583572782413469
2026-09-10 09:45:00,WTG-002,209.7035491230898,5.818579376697119,23.897814854687404,0.6252282572931595
2026-09-10 10:00:00,WTG-002,875.665595374275,8.82290394196513,24.38020195787389,0.8842603230406487
2026-09-10 10:15:00,WTG-002,311.79304388496524,6.484106004935765,25.12677578465268,0.6207851948210621
2026-09-10 10:30:00,WTG-002,484.78597437658834,7.1749794100750535,22.716512649463013,0.7083850861191509
2026-09-10 10:45:00,WTG-002,157.55926054503502,5.645837380816982,25.58845837741501,0.6454829921996067
2026-09-10 11:00:00,WTG-002,346.05724465639406,6.783114896209505,25.168641688216955,0.6399014799198699
2026-09-10 11:15:00,WTG-002,130.7497427534797,4.105233645624554,25.80504401789913,0.34638928696579363
2026-09-10 11:30:00,WTG-002,153.22786013822875,5.343011837687593,26.896887430678607,0.5624083679759388
2026-09-10 11:45:00,WTG-002,604.4076461661225,7.869824796979898,26.380837461364187,0.732783430808589
2026-09-10 12:00:00,WTG-002,602.3712204594661,8.26041137455002,24.064989615891204,0.8111404259097481
2026-09-10 12:15:00,WTG-002,36.10010667800516,3.7196520015060184,25.451115399681534,0.35036325842192223
2026-09-10 12:30:00,WTG-002,186.79572524458584,5.504543742519132,26.592680381902902,0.5265432657967912
2026-09-10 12:45:00,WTG-002,109.14594630416293,3.578349722119494,25.589803885805505,0.35722930149951276
2026-09-10 13:00:00,WTG-002,342.0555153656269,6.0165718955541845,25.578695437748433,0.6883890573285529
2026-09-10 13:15:00,WTG-002,302.6140598302883,6.494086119332986,26.028457071834353,0.7376420105111239
2026-09-10 13:30:00,WTG-002,0.0,2.449582012806874,24.006053612746438,0.19202125508203788
2026-09-10 13:45:00,WTG-002,101.66383668149501,4.950806730350683,24.20974642034845,0.5226916911365029
2026-09-10 14:00:00,WTG-002,118.24032912054193,4.206221809920866,25.12584975362179,0.4308356049548826
2026-09-10 14:15:00,WTG-002,573.8544395183576,7.5039596802620405,25.075204871073012,0.6405251677045699
2026-09-10 14:30:00,WTG-002,73.55372939425078,4.07124982069077,24.692609945969682,0.4444328634677983
2026-09-10 14:45:00,WTG-002,91.6386059496309,4.488055717178067,24.934647030899455,0.45227611520281097
2026-09-10 15:00:00,WTG-002,15.006142752073576,1.8699969753961052,24.03658958627983,0.2564371609172001
2026-09-10 15:15:00,WTG-002,163.35779448225117,4.559486227298287,23.111487605387,0.46626071148881876
2026-09-10 15:30:00,WTG-002,0.0,2.27785505113032,23.700244798492946,0.17013182646041325
2026-09-10 15:45:00,WTG-002,0.0,2.672811933970664,21.2366828732057,0.2635751474692646
2026-09-10 16:00:00,WTG-002,116.13608381227786,4.7531455419535185,24.54628299641402,0.5000999384032836
2026-09-10 16:15:00,WTG-002,263.79800483676127,5.645004402966048,22.427360947723354,0.5703720170076385
2026-09-10 16:30:00,WTG-002,121.05505547216988,4.264303812199458,20.68663267648213,0.41845058217348313
2026-09-10 16:45:00,WTG-002,47.05765409576277,0.0,22.428609895509826,-0.054626648160902506
2026-09-10 17:00:00,WTG-002,0.0,3.560578500105952,21.064973302883583,0.25652794621640124
2026-09-10 17:15:00,WTG-002,173.72904651459012,4.932899266678579,20.213224738448517,0.4139345585257704
2026-09-10 17:30:00,WTG-002,42.73408628333198,2.555403142856714,20.365883044433343,0.35638642808371573
2026-09-10 17:45:00,WTG-002,99.75139757440982,3.307693174323392,18.472799158531313,0.31351941545358814
2026-09-10 18:00:00,WTG-002,0.0,0.28472392014802894,17.470623852407392,-0.001273646675201641
2026-09-10 18:15:00,WTG-002,19.565610068922645,3.2150493580079047,19.686612332072166,0.34063034334583775
2026-09-10 18:30:00,WTG-002,302.70014041765756,6.1807871175584985,17.56761522009293,0.6404224510359611
2026-09-10 18:45:00,WTG-002,31.321472998274167,1.2815909740705838,16.792770605214905,0.09174977911505194
2026-09-10 19:00:00,WTG-002,0.0,2.336228828273304,19.202714874562037,0.2510659077492106
2026-09-10 19:15:00,WTG-002,83.91838179734866,3.768670132245861,18.000224317323873,0.3808352463885661
2026-09-10 19:30:00,WTG-002,41.69051859579166,3.984316122821552,19.321782998350155,0.37772426374619844
2026-09-10 19:45:00,WTG-002,71.7449136698853,2.9855177951675897,17.55016334020792,0.2851041545556188
2026-09-10 20:00:00,WTG-002,36.832995817159805,3.298905914282596,19.15049602848243,0.43618940176987286
2026-09-10 20:15:00,WTG-002,85.43266047079655,3.52607399927484,19.228411920588883,0.36300656251082036
2026-09-10 20:30:00,WTG-002,123.72442541167423,4.38479516671203,17.52298438972785,0.4443081297712892
2026-09-10 20:45:00,WTG-002,0.0,0.0,16.807376457819558,0.054143781125611336
2026-09-10 21:00:00,WTG-002,109.22517403917348,4.8449074172761755,15.83953299637026,0.39548480446274376
2026-09-10 21:15:00,WTG-002,40.67969845916469,2.3449961060682893,15.414559901733591,0.2985989759619432
2026-09-10 21:30:00,WTG-002,98.43736170674453,4.484131456232548,15.63231912689984,0.44378695352002423
2026-09-10 21:45:00,WTG-002,84.83218512131413,2.991330414663586,16.57017770202911,0.33427566950048954
2026-09-10 22:00:00,WTG-002,191.8708549704719,5.707769173568077,15.030545053940227,0.661969280103158
2026-09-10 22:15:00,WTG-002,57.72386562650703,4.493372154411113,16.563231180302797,0.45500091746799237
2026-09-10 22:30:00,WTG-002,20.246346829110358,1.466720739041619,15.16113157470314,0.159679889346515
2026-09-10 22:45:00,WTG-002,85.41786112312734,5.245411087450294,15.516125470420432,0.5286325696268921
2026-09-10 23:00:00,WTG-002,221.01802574529037,5.412996175978505,16.76458697534702,0.639495530547621
2026-09-10 23:15:00,WTG-002,518.4512720041091,7.548802944848365,15.621830122018693,0.8160704963239153
2026-09-10 23:30:00,WTG-002,801.2939895950329,9.098987993751816,16.154047841169998,0.9183285628477881
2026-09-10 23:45:00,WTG-002,285.2542695277261,6.093289971847713,14.899252135694582,0.6038825263940146
2026-09-11 00:00:00,WTG-002,212.58729072555525,5.583522483753229,15.523707288972904,0.6357643226151237
2026-09-11 00:15:00,WTG-002,675.3159069513868,8.341482148601266,16.380541515291917,0.8769930134045856
2026-09-11 00:30:00,WTG-002,247.5698656176064,5.49298713717987,15.254456360939086,0.6007166743429614
2026-09-11 00:45:00,WTG-002,268.17343441273994,6.708536779220761,15.09949964013768,0.6740933111638181
2026-09-11 01:00:00,WTG-002,503.60288095249825,7.95362909748482,14.726822110708845,0.7528122505153502
2026-09-11 01:15:00,WTG-002,228.3046519179149,5.777818801749728,13.915850008493692,0.5842643264773886
2026-09-11 01:30:00,WTG-002,193.3684627110617,5.468461503839457,14.142398553443646,0.49288048091065306
2026-09-11 01:45:00,WTG-002,712.077571730921,8.825359308200845,14.427202819587698,0.8831892937845377
2026-09-11 02:00:00,WTG-002,381.4173528970178,6.8549145522870125,15.705141842867931,0.5930643676236331
2026-09-11 02:15:00,WTG-002,760.5528307497591,8.879532594385518,15.20498061993785,0.8302225000919786
2026-09-11 02:30:00,WTG-002,606.5885224826698,8.32182562190769,15.903312498358744,0.8068501804300499
2026-09-11 02:45:00,WTG-002,746.3156243778715,8.82564117696596,16.084411136968985,0.9749849498536165
2026-09-11 03:00:00,WTG-002,725.0720637266064,8.581664083244586,16.896080621700296,0.8264935317378128
2026-09-11 03:15:00,WTG-002,262.39163207798,6.17341845714679,16.02064274242654,0.6746125956726812
2026-09-11 03:30:00,WTG-002,1517.5971053053795,11.050462761039007,17.353092657531523,1.0437659820097591
2026-09-11 03:45:00,WTG-002,899.448553249156,9.164177274032557,17.532758753994763,0.9469558950313728
2026-09-11 04:00:00,WTG-002,986.7194943750314,9.565366243182568,18.792362828153234,0.931149742795393
2026-09-11 04:15:00,WTG-002,1437.2700176867231,10.867956025320943,18.344173665454473,0.99140338306294
2026-09-11 04:30:00,WTG-002,952.784184969312,9.511494505983661,17.85438042275317,0.9802893875775761
2026-09-11 04:45:00,WTG-002,1997.9635526647999,12.156431618429025,15.85791868559238,1.3281585362069668
2026-09-11 05:00:00,WTG-002,1593.2869046203732,11.118681339000858,18.408420890387067,1.1310551804374174
2026-09-11 05:15:00,WTG-002,1568.3713046837693,10.940299087666299,18.88981335915664,1.0464632206270985
2026-09-11 05:30:00,WTG-002,1163.9006004951711,10.210771397994755,18.206336498217052,1.044789914840342
2026-09-11 05:45:00,WTG-002,626.7758500016217,8.27898143621618,20.310554049508763,0.8808338624279578
2026-09-11 06:00:00,WTG-002,762.0651302977373,8.721365229046581,19.94929626183864,0.8827931080378444
2026-09-11 06:15:00,WTG-002,1559.2907922842323,11.236921244386288,21.22948150618947,1.1354008797033877
2026-09-11 06:30:00,WTG-002,1966.5386040875621,12.455720480812442,21.026497228479958,1.2479292987754596
2026-09-11 06:45:00,WTG-002,1070.2274469578938,9.724909180939012,21.5444222041104,0.8709482016775673
2026-09-11 07:00:00,WTG-002,742.0424684683495,8.50264172169675,21.832339297337708,0.8034234708764031
2026-09-11 07:15:00,WTG-002,615.6613605588738,7.812529262658169,22.262868154568146,0.8380011507501274
2026-09-11 07:30:00,WTG-002,332.024186454768,6.100385125801578,20.815389690689898,0.7050115294616925
2026-09-11 07:45:00,WTG-002,734.9312186594316,8.654114000403123,22.224572194734392,0.8610656878177011
2026-09-11 08:00:00,WTG-002,73.4419271860124,4.792245700957938,25.09142834147795,0.48907378627717596
2026-09-11 08:15:00,WTG-002,319.16653570672895,6.657215941945763,22.161656858712448,0.6263366637936827
2026-09-11 08:30:00,WTG-002,1006.0761359923406,9.564125304239198,22.447328699917495,0.9787343190155843
2026-09-11 08:45:00,WTG-002,1939.7580198177411,11.899671026585972,25.045024187665838,1.19145210080748
2026-09-11 09:00:00,WTG-002,299.33856401401255,6.297405186733791,23.347245718515687,0.6263413998030813
2026-09-11 09:15:00,WTG-002,459.10515026563604,7.363071701132462,23.895594520115935,0.7456538317861223
2026-09-11 09:30:00,WTG-002,399.254026258066,7.121022697930325,23.878574191846454,0.6673795303791162
2026-09-11 09:45:00,WTG-002,104.28300128319603,5.137083848902442,25.03773947733532,0.41881624179564675
2026-09-11 10:00:00,WTG-002,813.1523973986256,8.818771563288514,24.566099711526448,0.832588208281024
2026-09-11 10:15:00,WTG-002,1605.9810532044792,11.118958849989134,25.161443746024045,1.1134328413270085
2026-09-11 10:30:00,WTG-002,682.7571811909545,8.150253209728167,25.328589608196094,0.8267626275046748
2026-09-11 10:45:00,WTG-002,211.30081962029726,5.9296192997716615,25.760684913195814,0.6379171400156667
2026-09-11 11:00:00,WTG-002,747.6193263546073,8.624022180210238,25.04912652539433,0.8529551543620664
2026-09-11 11:15:00,WTG-002,288.74661862651493,6.323091807016581,25.07759571142431,0.6588353836149888
2026-09-11 11:30:00,WTG-002,193.84178890207056,5.337719809418873,25.432864989321434,0.5202760983176947
2026-09-11 11:45:00,WTG-002,770.5983060879477,8.789783562797851,23.827121624460005,0.878572168153822
2026-09-11 12:00:00,WTG-002,494.3771673610237,7.2550512167352075,26.006271833793946,0.643235126203029
2026-09-11 12:15:00,WTG-002,115.62071155042287,4.928188796266015,25.91535792358939,0.5525257174965977
2026-09-11 12:30:00,WTG-002,169.88252508464706,5.811857281368131,24.816222988901366,0.5354865329932773
2026-09-11 12:45:00,WTG-002,286.2830910674012,6.6916425828713395,24.0733571609671,0.7263323450456675
2026-09-11 13:00:00,WTG-002,348.62693582284567,7.015113672398367,24.826397398742326,0.698156298062213
2026-09-11 13:15:00,WTG-002,14.819634597068301,3.592382604063931,25.45205423976051,0.35153219548737263
2026-09-11 13:30:00,WTG-002,45.384185191730296,2.961156375651725,25.294338636993796,0.2868337958170283
2026-09-11 13:45:00,WTG-002,275.3544115767268,5.702764453194842,23.608098912458733,0.6244903791778309
2026-09-11 14:00:00,WTG-002,11.13290089049531,2.2713247466321826,24.33013611402864,0.20063517108923437
2026-09-11 14:15:00,WTG-002,50.33418239107273,4.949968620044178,25.854287571636753,0.4623407664145399
2026-09-11 14:30:00,WTG-002,215.09432831057194,5.702193282341927,24.11763218921116,0.5575072014038754
2026-09-11 14:45:00,WTG-002,7.235607694098647,3.2944180519375683,24.166397555953417,0.33939646739492035
2026-09-11 15:00:00,WTG-002,59.96396370265614,3.3529826164287413,23.026145907820073,0.413654044685986
2026-09-11 15:15:00,WTG-002,10.435222497379897,3.454009184384266,24.592525256196257,0.3654115527519269
2026-09-11 15:30:00,WTG-002,0.0,2.4263631455769072,23.677867454659857,0.2541272770390772
2026-09-11 15:45:00,WTG-002,147.91552905589302,4.831358819467256,23.361635749261584,0.41771423826393816
2026-09-11 16:00:00,WTG-002,12.886613067456096,1.971206861560654,21.5045639335874,0.21371125212733413
2026-09-11 16:15:00,WTG-002,234.2867388981923,5.671500005975764,22.644727400393307,0.564812465022166
2026-09-11 16:30:00,WTG-002,47.778040800985146,3.3128365931858483,22.958088712913398,0.2781485690808878
2026-09-11 16:45:00,WTG-002,19.300916317222615,1.3383804475872552,21.26641654331911,0.08865044407216888
2026-09-11 17:00:00,WTG-002,168.0176388740752,5.395493152926864,20.628015545812715,0.5074069701424532
2026-09-11 17:15:00,WTG-002,140.85503102033175,4.866196631815553,19.42128083012369,0.4907201377457104
2026-09-11 17:30:00,WTG-002,52.337915668068355,1.6494314530203587,20.517249543475796,0.127873631881055
2026-09-11 17:45:00,WTG-002,26.328032200902086,0.7193114480283302,19.504961928362157,0.07576847431967815
2026-09-11 18:00:00,WTG-002,0.0,0.4454839499973291,19.389089861885076,0.05631033856580618
2026-09-11 18:15:00,WTG-002,40.048596921341066,1.9442072327922364,19.520986171484463,0.14173821472186143
2026-09-11 18:30:00,WTG-002,203.4906048869536,5.703703715267823,19.426337394519056,0.5790164845984207
2026-09-11 18:45:00,WTG-002,2.9046914517330507,3.460642003574705,19.26767167889362,0.30090008716160976
2026-09-11 19:00:00,WTG-002,1.3445521328264505,3.2751195597760616,17.791557941587033,0.363305443926256
2026-09-11 19:15:00,WTG-002,11.140484948865165,2.63238982337319,18.49897770535069,0.28840178089713764
2026-09-11 19:30:00,WTG-002,39.246858153581854,3.4482730023310153,17.704951718612605,0.3808462390611799
2026-09-11 19:45:00,WTG-002,0.0,1.7659622326157716,17.846289612806316,0.20820574056948743
2026-09-11 20:00:00,WTG-002,0.0,2.731025549361702,17.10546607699084,0.23775819184846972
2026-09-11 20:15:00,WTG-002,250.2471752428122,5.474301175139091,19.219896808858906,0.4960167142677504
2026-09-11 20:30:00,WTG-002,31.78937118685087,3.8754933974789263,18.65508237218709,0.4727229169597326
2026-09-11 20:45:00,WTG-002,107.37031434289766,4.082859810903576,16.43805396579712,0.3829979605806735
2026-09-11 21:00:00,WTG-002,262.8312697421518,4.434697596081772,16.48503417490494,0.3917253430069875
2026-09-11 21:15:00,WTG-002,114.79602955495733,4.344001005747499,16.855344852376795,0.44992925631769726
2026-09-11 21:30:00,WTG-002,0.0,2.6593944524533812,15.82834130517391,0.26263795950846813
2026-09-11 21:45:00,WTG-002,122.13777797274591,3.6991557930155095,15.491661868722572,0.4944414025243652
2026-09-11 22:00:00,WTG-002,370.28551358270886,6.529981507542081,14.708571026029945,0.6705184240094376
2026-09-11 22:15:00,WTG-002,158.28967441989454,4.8141664109581965,15.558722380401836,0.5486091763376418
2026-09-11 22:30:00,WTG-002,99.56056755243091,3.7145122004393674,16.008054381575217,0.375476553890783
2026-09-11 22:45:00,WTG-002,40.033317906160725,1.7734766761042637,14.020546461452424,0.233259175057758
2026-09-11 23:00:00,WTG-002,497.6002125698972,7.6651158969635755,13.670504904114344,0.7757157892267482
2026-09-11 23:15:00,WTG-002,193.18154606417116,5.736146581218302,14.531371916878177,0.5174762538614139
2026-09-11 23:30:00,WTG-002,104.83190215839147,5.266932045505937,15.94149621977296,0.4744281084926417
2026-09-11 23:45:00,WTG-002,142.5923947404334,5.220360679622529,14.49489681108457,0.53269652885873
2026-09-12 00:00:00,WTG-002,363.4191753361788,6.635694620638885,14.740079970110823,0.6019865722840864
2026-09-12 00:15:00,WTG-002,217.7199713813176,6.16485676663385,14.901727547581599,0.6134898040213158
2026-09-12 00:30:00,WTG-002,160.23008807770665,5.620596584330673,14.546016548909497,0.561114572397927
2026-09-12 00:45:00,WTG-002,406.480805514559,6.604593914690937,15.615301211964498,0.7021254017754395
2026-09-12 01:00:00,WTG-002,1167.1318214296673,9.866627482191426,16.510517296188144,0.9764723313454332
2026-09-12 01:15:00,WTG-002,562.5360910658369,8.167124558166138,14.12699802816949,0.9404751505689319
2026-09-12 01:30:00,WTG-002,310.61986373894143,6.412885792894292,16.079280245654648,0.5952892672153793
2026-09-12 01:45:00,WTG-002,487.3541971435153,7.527620494788531,14.426753429917625,0.7549180124989321
2026-09-12 02:00:00,WTG-002,183.60168564285277,5.292913818592144,15.272988823543502,0.5967688513090914
2026-09-12 02:15:00,WTG-002,316.61880442833996,6.36885375239935,16.10555974520276,0.5238004479310208
2026-09-12 02:30:00,WTG-002,271.27494664135565,6.307211133099823,15.26196791048287,0.5686550610053914
2026-09-12 02:45:00,WTG-002,1730.3712636881585,11.433233629814453,16.69422667212959,1.1221553312019374
2026-09-12 03:00:00,WTG-002,1255.6857186996724,10.22222876432802,17.050574846979302,1.0775515965658202
2026-09-12 03:15:00,WTG-002,481.07645490823205,7.276931513807618,16.928909731382056,0.7118970437433383
2026-09-12 03:30:00,WTG-002,1194.032702647844,10.01020284157946,16.4852251287181,0.9443839250501206
2026-09-12 03:45:00,WTG-002,276.9617299225789,6.682575049850978,16.86673201468274,0.7300846097242365
2026-09-12 04:00:00,WTG-002,824.70626543593,8.810346227549662,16.320910868699773,0.9039438766500428
2026-09-12 04:15:00,WTG-002,531.320074427498,7.640934987556981,17.495812343581704,0.7227882268911214
2026-09-12 04:30:00,WTG-002,1655.127135664408,11.373190150478893,18.97031160900505,1.1951602916685555
2026-09-12 04:45:00,WTG-002,1092.6597313736559,9.67816642104098,17.963274665711005,0.9342598330691373
2026-09-12 05:00:00,WTG-002,1042.6692379360716,9.55585453355573,17.316733066224582,0.9045496948568428
2026-09-12 05:15:00,WTG-002,1152.2108431014917,9.94180320474454,20.76868773390056,0.9536433227603148
2026-09-12 05:30:00,WTG-002,1962.4257118263158,12.168493593275251,19.73705728756522,1.2718190337294795
2026-09-12 05:45:00,WTG-002,970.7875960416649,9.225808788212662,18.403003069215888,0.8394339737636745
2026-09-12 06:00:00,WTG-002,357.3655151597575,6.4135213730448095,20.222122048645588,0.5773197006043951
2026-09-12 06:15:00,WTG-002,424.5178969326334,7.414899816586601,20.989675154967266,0.7363090727537667
2026-09-12 06:30:00,WTG-002,377.71223648034254,7.113771929660398,21.00678727980815,0.6766987047897983
2026-09-12 06:45:00,WTG-002,1271.4545935550557,10.260060616933862,19.79660331213913,1.010161363254241
2026-09-12 07:00:00,WTG-002,758.2863460610475,8.743504205365495,22.665570976090695,0.8702393296926745
2026-09-12 07:15:00,WTG-002,1854.0048943889672,11.4818443754918,20.62297919578429,1.0900615579395592
2026-09-12 07:30:00,WTG-002,842.0805387224583,9.09000473902088,22.536499097634234,0.9568878274544822
2026-09-12 07:45:00,WTG-002,746.9105852938781,8.642463052460533,19.633587194856105,0.8569411108129044
2026-09-12 08:00:00,WTG-002,826.4357308143408,8.953752916497422,24.408892046998453,0.8923811543541733
2026-09-12 08:15:00,WTG-002,1000.7783423808384,9.514669662000003,20.217134181217553,0.9858815644505544
2026-09-12 08:30:00,WTG-002,634.509612924445,8.135833527747979,22.91196192875315,0.7734978880705028
2026-09-12 08:45:00,WTG-002,989.174435360724,9.443643756137213,23.59719688482696,0.9231384152321737
2026-09-12 09:00:00,WTG-002,631.794829218666,8.340214242388624,22.859413122308986,0.8902452004319801
2026-09-12 09:15:00,WTG-002,530.2045035187646,7.840999455287872,23.012401596363663,0.7497529149439738
2026-09-12 09:30:00,WTG-002,441.75431863458454,7.218554189536171,22.810769955681177,0.7785254045508989
2026-09-12 09:45:00,WTG-002,362.85291970807435,6.985269526416436,25.378338692682096,0.6986066878238693
2026-09-12 10:00:00,WTG-002,441.8459931229866,6.966649956683929,25.203973431322677,0.7493630971938986
2026-09-05 10:00:00,WTG-003,726.6440124076117,8.80824751269625,24.64185582312585,0.9680264733748731
2026-09-05 10:15:00,WTG-003,169.7849384600169,5.802547263914515,25.26057703822671,0.5794624206771755
2026-09-05 10:30:00,WTG-003,857.2335015757759,9.05325169912203,24.6507588792324,0.8503112606378719
2026-09-05 10:45:00,WTG-003,509.33891958005813,7.588421968859678,23.073517856640088,0.7725107763472022
2026-09-05 11:00:00,WTG-003,474.4471220981627,7.318785653457109,25.152192159976753,0.7023518659278966
2026-09-05 11:15:00,WTG-003,167.83764127095304,4.470944626175343,24.01596702756666,0.4043042825217604
2026-09-05 11:30:00,WTG-003,212.42383502684078,6.586456268960115,25.526493894933193,0.687486666944837
2026-09-05 11:45:00,WTG-003,786.0616818462205,8.829946841223913,24.38955899774311,0.8796796847499156
2026-09-05 12:00:00,WTG-003,632.5836311105136,8.500286311856176,23.379825498509785,0.8234517492326116
2026-09-05 12:15:00,WTG-003,62.144951037631536,4.129487014968431,24.753137779795782,0.4206866869544771
2026-09-05 12:30:00,WTG-003,240.53219850936412,5.822033939595153,23.62503269118302,0.5303108642019189
2026-09-05 12:45:00,WTG-003,100.77670399173286,2.4661816225003443,22.88500710112759,0.2502729330216475
2026-09-05 13:00:00,WTG-003,0.0,1.5353826622196847,26.040385189612348,0.09014944475917877
2026-09-05 13:15:00,WTG-003,201.3591161757852,5.014953000719573,23.14541064810046,0.38036563669432943
2026-09-05 13:30:00,WTG-003,51.36281371919544,3.7229171056108457,25.229538079999053,0.43668322091365797
2026-09-05 13:45:00,WTG-003,188.3396211235162,5.3831267809581975,22.81643194478254,0.602902446584031
2026-09-05 14:00:00,WTG-003,203.79876143527508,5.101811792977693,24.190159851641518,0.5370420564115377
2026-09-05 14:15:00,WTG-003,59.49963105995811,2.6082640043063945,24.95303239781164,0.2783723952773207
2026-09-05 14:30:00,WTG-003,221.10066128128554,5.737942754152276,24.084550644513893,0.5898908769220632
2026-09-05 14:45:00,WTG-003,87.65466878167341,3.593992798605041,23.920235983858745,0.3595914398124852
2026-09-05 15:00:00,WTG-003,229.47891255210826,5.907143811942179,23.52056519900114,0.6003405584911984
2026-09-05 15:15:00,WTG-003,13.65488168572552,3.410455916035531,21.809883656213522,0.3865661401214169
2026-09-05 15:30:00,WTG-003,152.85048875450445,4.033144453605237,23.083899668347204,0.3910901609795583
2026-09-05 15:45:00,WTG-003,155.71281750732186,4.92386192064009,23.795208848474473,0.4897168278472113
2026-09-05 16:00:00,WTG-003,7.795967935211425,1.5689474905069924,20.956880283391005,0.01204699548778071
2026-09-05 16:15:00,WTG-003,31.481608058457667,3.548072784995864,23.121407365066876,0.31649275590078174
2026-09-05 16:30:00,WTG-003,0.0,2.082964607182043,22.059772889566815,0.22184984543845077
2026-09-05 16:45:00,WTG-003,259.9275991743526,5.1768011000001835,21.881839541675394,0.43983801883557183
2026-09-05 17:00:00,WTG-003,175.28695652691468,4.897482622545782,21.491732648065636,0.507497924380745
2026-09-05 17:15:00,WTG-003,39.620062861902305,3.1638150278901422,20.53754181641265,0.29768128818245004
2026-09-05 17:30:00,WTG-003,23.457614547365164,3.215477137599846,21.02587792859922,0.3463699306522209
2026-09-05 17:45:00,WTG-003,156.04779161719114,4.017893441489187,18.837070910288457,0.45855924091953026
2026-09-05 18:00:00,WTG-003,383.63529811381625,7.253096118121902,21.01442299246099,0.847169499660933
2026-09-05 18:15:00,WTG-003,117.97772411048405,3.4645836654782682,20.333166974766335,0.3142290789964873
2026-09-05 18:30:00,WTG-003,32.586802418235486,2.5608487528050223,18.54795107834269,0.22909346344060555
2026-09-05 18:45:00,WTG-003,29.5848540701418,4.205898989550288,18.207879929316466,0.4725499901833031
2026-09-05 19:00:00,WTG-003,3.679463292948361,0.8035349106287502,17.802170033085506,0.11089194951078092
2026-09-05 19:15:00,WTG-003,253.9181983979005,6.523685897622327,18.234352287825125,0.6616546880426775
2026-09-05 19:30:00,WTG-003,135.84753353792243,2.109607134826195,18.713097147846035,0.2510919279345979
2026-09-05 19:45:00,WTG-003,76.44244328545375,2.6914817743310664,16.855646905053664,0.25714776074449697
2026-09-05 20:00:00,WTG-003,2.3691165013898603,2.3520092337774274,17.311457644787918,0.1990366945923279
2026-09-05 20:15:00,WTG-003,163.72110181594059,4.9673783158664016,17.573224370450856,0.426691305081503
2026-09-05 20:30:00,WTG-003,81.67550053513328,4.970738704209071,18.289640815208447,0.6079761379885371
2026-09-05 20:45:00,WTG-003,0.0,2.7729814706633977,16.30798099585971,0.29633024329062074
2026-09-05 21:00:00,WTG-003,17.499500228090003,0.9865151863798918,16.16550400535676,0.05514728395969455
2026-09-05 21:15:00,WTG-003,157.75190500619388,3.9909028502313397,15.896725812554045,0.3865611865304605
2026-09-05 21:30:00,WTG-003,90.84713411231168,3.8138933023694004,15.392314145631182,0.47233662679205707
2026-09-05 21:45:00,WTG-003,187.98584149569845,5.739965862065049,17.350985469673837,0.5397513213957417
2026-09-05 22:00:00,WTG-003,49.18378635409509,4.470937834440401,17.68749590045806,0.44737806630204985
2026-09-05 22:15:00,WTG-003,63.71143498031114,3.3364772872144104,16.575563792577064,0.28690300839872024
2026-09-05 22:30:00,WTG-003,0.0,4.361099501414011,12.797007300535267,0.32114700045055056
2026-09-05 22:45:00,WTG-003,34.20814536739137,4.164196023479344,16.589570474170145,0.42723594302031803
2026-09-05 23:00:00,WTG-003,262.04023624771736,5.971122312223193,15.951866725191724,0.6202387211528086
2026-09-05 23:15:00,WTG-003,242.83877271953884,6.180480575298491,14.762489393210622,0.6634608417221987
2026-09-05 23:30:00,WTG-003,445.54212481534546,7.170250670574446,15.742119116950375,0.7232215620593814
2026-09-05 23:45:00,WTG-003,244.70588688971029,6.0041485583256184,15.888065323882572,0.6851571288546786
2026-09-06 00:00:00,WTG-003,138.78787465942662,6.032016541236983,12.079765328386506,0.5767288666043214
2026-09-06 00:15:00,WTG-003,438.7187487357094,7.330249092621045,14.422631466945933,0.7206459807683904
2026-09-06 00:30:00,WTG-003,81.62727405119082,4.399634915481819,14.838651150488582,0.41145866336731285
2026-09-06 00:45:00,WTG-003,213.73590179975668,5.300905857389495,15.571336676808997,0.6226068877218044
2026-09-06 01:00:00,WTG-003,441.5396558194692,7.222509254992321,15.570330218959857,0.7925662461666243
2026-09-06 01:15:00,WTG-003,439.3714089085732,6.926291855703854,17.22918691362618,0.6726518860912173
2026-09-06 01:30:00,WTG-003,435.8038521407165,6.770413524542944,14.120396595756976,0.6818087949753684
2026-09-06 01:45:00,WTG-003,522.4699461274345,7.166975153457345,15.177520828371758,0.7064210530719528
2026-09-06 02:00:00,WTG-003,399.36362644820974,7.119319993868836,14.60497198170395,0.6742749627855383
2026-09-06 02:15:00,WTG-003,326.5075277554819,6.293062503268214,15.380622257401132,0.5481360783552811
2026-09-06 02:30:00,WTG-003,673.3912949368403,8.178911214074287,16.47083712930676,0.9022778176608419
2026-09-06 02:45:00,WTG-003,488.9103958532619,7.443624354143228,16.74123434600502,0.6895725808564853
2026-09-06 03:00:00,WTG-003,742.5499739035339,8.521821051783284,16.017993505677897,0.8692538453779803
2026-09-06 03:15:00,WTG-003,1167.4326228001742,9.94307689012777,16.26692250573914,1.067374389260626
2026-09-06 03:30:00,WTG-003,640.2683291538159,8.04101353400297,16.292181472703856,0.79709716328607
2026-09-06 03:45:00,WTG-003,577.7772179865635,8.104360220863496,17.138137362913305,0.8029690762780479
2026-09-06 04:00:00,WTG-003,959.7264441366247,9.644872439186438,17.11077629293137,1.0151344350727929
2026-09-06 04:15:00,WTG-003,1113.8854669531167,9.992940635001666,19.2548087156924,1.0400846205706304
2026-09-06 04:30:00,WTG-003,406.02486588794244,7.197149333491957,16.404684584995536,0.7527974084371805
2026-09-06 04:45:00,WTG-003,224.3265038454115,6.730337318807439,17.270170128349605,0.7117518288238541
2026-09-06 05:00:00,WTG-003,245.87248370090055,6.1218025952693615,19.184725323468776,0.5917181221705872
2026-09-06 05:15:00,WTG-003,498.3122715670393,7.2937911856735145,19.23114290370365,0.6722953708279422
2026-09-06 05:30:00,WTG-003,505.3870580599622,7.862317371190717,20.35106302358794,0.8485562743834291
2026-09-06 05:45:00,WTG-003,805.0746255062394,8.878435350682718,20.640301906166673,0.9358004760076113
2026-09-06 06:00:00,WTG-003,871.3392971345121,9.304906162758163,20.447874338647008,0.8458583722787988
2026-09-06 06:15:00,WTG-003,1721.0892635528637,11.297323237875263,20.774031714394553,1.1690205086414185
2026-09-06 06:30:00,WTG-003,901.8386736112656,9.085532946285111,21.1943004141559,0.8718484306483998
2026-09-06 06:45:00,WTG-003,472.2482529689616,7.718472042375936,20.46037646058452,0.7936710376068482
2026-09-06 07:00:00,WTG-003,377.8288903643725,6.766498937592948,21.934660792322273,0.7894568254575678
2026-09-06 07:15:00,WTG-003,1110.4278794742434,9.821408220727637,22.987320989157237,0.9717273658837376
2026-09-06 07:30:00,WTG-003,1164.5984524527641,10.016140868019278,22.107675852238568,1.056367828646588
2026-09-06 07:45:00,WTG-003,705.5981831066479,8.67490624537588,21.341723190220836,0.8265635942134193
2026-09-06 08:00:00,WTG-003,470.82658908938964,6.802847148867201,23.293793448674236,0.7325723352096734
2026-09-06 08:15:00,WTG-003,1475.0869076618546,10.839558759744435,22.82082775530792,1.1282710932889477
2026-09-06 08:30:00,WTG-003,794.4899421795028,8.967128412512324,23.65230430402666,0.9039480120499358
2026-09-06 08:45:00,WTG-003,486.936291149399,7.291372502515022,23.132812092025603,0.6855318468152217
2026-09-06 09:00:00,WTG-003,845.7971230999638,8.805503638820536,24.518808683869654,0.8689814678229387
2026-09-06 09:15:00,WTG-003,886.780078707649,9.120370004432651,24.20382753242811,0.8651582082707096
2026-09-06 09:30:00,WTG-003,652.8904821567356,8.644353752088426,24.897747165255726,0.8587425972291253
2026-09-06 09:45:00,WTG-003,515.021313336604,7.8781290859885225,25.89610987954123,0.8326497215611426
2026-09-06 10:00:00,WTG-003,871.5815921977442,9.18346234592496,25.243661014132623,0.8140142533903274
2026-09-06 10:15:00,WTG-003,59.29740410317645,4.751199336648179,24.951525197907525,0.4750930056308646
2026-09-06 10:30:00,WTG-003,688.4743200621364,8.515170177005112,25.630852170573906,0.9011725164882002
2026-09-06 10:45:00,WTG-003,524.2899679099621,7.900872660099023,24.038950268463637,0.8294320624182602
2026-09-06 11:00:00,WTG-003,191.76935554653295,5.336034577476228,24.25054634404915,0.5047023130283224
2026-09-06 11:15:00,WTG-003,503.2992277648268,7.331486944595449,24.955735713710204,0.6928221290751033
2026-09-06 11:30:00,WTG-003,194.59841826623787,5.454115902062307,26.528166952847624,0.47659667457363464
2026-09-06 11:45:00,WTG-003,325.5186041778119,5.759916606521606,25.697853924851863,0.5516898998244796
2026-09-06 12:00:00,WTG-003,221.66929058973955,4.950712741727524,24.661757481006816,0.5125652758435687
2026-09-06 12:15:00,WTG-003,251.11136391227288,5.689069341746573,23.29399639353171,0.5402634804485484
2026-09-06 12:30:00,WTG-003,384.30965158045495,6.847661296530693,24.870539189676503,0.6502582711048398
2026-09-06 12:45:00,WTG-003,290.23920920815027,6.5293119244993285,22.05982086598936,0.6728467693991037
2026-09-06 13:00:00,WTG-003,83.40138580463702,4.683905443635319,25.332087907972078,0.4117516512306937
2026-09-06 13:15:00,WTG-003,72.73894194331598,3.227285471035716,23.604177656262614,0.29340761151026873
2026-09-06 13:30:00,WTG-003,142.44460756830537,4.595177605549257,24.889706123089844,0.4069607199525206
2026-09-06 13:45:00,WTG-003,310.547295805439,6.175785172814045,25.22056576339264,0.6070288028760131
2026-09-06 14:00:00,WTG-003,38.522057368938704,5.232815872249312,22.901851837510833,0.526492234994668
2026-09-06 14:15:00,WTG-003,47.27055978020262,3.9669496612992754,24.47759875744743,0.36852849644876184
2026-09-06 14:30:00,WTG-003,37.946351327788484,3.608272182254087,27.586469522053772,0.37815555666474565
2026-09-06 14:45:00,WTG-003,113.63576930528725,2.6559778663524485,23.56645905705882,0.28230466382153685
2026-09-06 15:00:00,WTG-003,0.0,2.3926209152323343,22.89039124740166,0.15279379693119466
2026-09-06 15:15:00,WTG-003,99.59052073797861,4.687744521513226,24.11789304954981,0.5207528534698734
2026-09-06 15:30:00,WTG-003,0.0,3.2426397939292957,24.05526532747939,0.262878108351182
2026-09-06 15:45:00,WTG-003,0.0,3.108794797195079,23.702538403804816,0.22720532253552517
2026-09-06 16:00:00,WTG-003,0.0,2.9732688941781733,22.415618162945417,0.2883938968425939
2026-09-06 16:15:00,WTG-003,0.0,0.0,21.825805761816497,-0.03248854987847764
2026-09-06 16:30:00,WTG-003,0.0,0.0,23.328631515421975,-0.01810415664611396
2026-09-06 16:45:00,WTG-003,145.8646433810446,4.712814152716707,21.698905364427755,0.4797164004520791
2026-09-06 17:00:00,WTG-003,5.114889937731217,2.5114881755604777,21.756129965823693,0.19945979839028527
2026-09-06 17:15:00,WTG-003,0.0,0.2076244642092666,21.295771372552508,-0.0480103430106078
2026-09-06 17:30:00,WTG-003,106.95763016169732,3.8370425200224973,20.36268287235742,0.41555810019815675
2026-09-06 17:45:00,WTG-003,27.859429345908694,2.981723993929035,21.370657226028623,0.2156553387538767
2026-09-06 18:00:00,WTG-003,69.22679831602608,3.7555023721037295,20.455861194593083,0.43055078231700394
2026-09-06 18:15:00,WTG-003,151.49125942247073,4.7787601292039,18.955976748644336,0.4751167238443362
2026-09-06 18:30:00,WTG-003,126.64264055031003,4.373649191608363,17.75848068235023,0.5157954486723422
2026-09-06 18:45:00,WTG-003,172.33224715675613,5.440371935550934,18.67587091033372,0.5478816163640253
2026-09-06 19:00:00,WTG-003,75.29451782221136,3.8094690168760312,20.082635622939076,0.39762972516246164
2026-09-06 19:15:00,WTG-003,2.3294626516474537,3.271126680743314,18.300009040069373,0.32139972058359684
2026-09-06 19:30:00,WTG-003,162.6400535267098,5.041994330497214,17.80165025042503,0.5412588610658329
2026-09-06 19:45:00,WTG-003,59.298229981359455,3.2685713837874233,17.32522785077432,0.33759406208099546
2026-09-06 20:00:00,WTG-003,0.0,2.8887546363389935,17.562995696410184,0.367148954776766
2026-09-06 20:15:00,WTG-003,0.0,4.340758572893209,18.69968309593617,0.4532606560870222
2026-09-06 20:30:00,WTG-003,554.4570100535743,7.594763866675464,14.383984101378523,0.7802430145823681
2026-09-06 20:45:00,WTG-003,235.77131919822838,5.959035516085946,17.554255831125605,0.5383159561918901
2026-09-06 21:00:00,WTG-003,30.0944842347263,3.6791993251360617,16.43697223622425,0.38491551484164654
2026-09-06 21:15:00,WTG-003,98.84966365551934,5.2960612454587235,15.666748568915155,0.4177291517476615
2026-09-06 21:30:00,WTG-003,263.4713128869458,5.5407858727467705,15.226142947556596,0.4879187916565652
2026-09-06 21:45:00,WTG-003,66.74893843936826,2.917433955343403,13.975197019700206,0.29545637007406916
2026-09-06 22:00:00,WTG-003,176.46073933915122,5.846254039649763,15.640376280943084,0.687255613512898
2026-09-06 22:15:00,WTG-003,208.86531038543586,5.656631531058533,14.971927953891186,0.5960209594586039
2026-09-06 22:30:00,WTG-003,35.590255086006664,4.814701676490876,14.795039782505045,0.46445996815957585
2026-09-06 22:45:00,WTG-003,0.0,3.9936394710768868,13.28810152513256,0.406129966436681
2026-09-06 23:00:00,WTG-003,249.3402340996381,6.25149583367115,16.121533346083826,0.5923439721400247
2026-09-06 23:15:00,WTG-003,495.11994385593044,7.8238908209906874,15.474368545433668,0.7773119416260237
2026-09-06 23:30:00,WTG-003,146.93811033112183,4.457152802705988,16.686207592251368,0.3829711286810798
2026-09-06 23:45:00,WTG-003,339.1197088676094,6.992990041799707,15.62712737003847,0.7328510960727664
2026-09-07 00:00:00,WTG-003,1114.7505347450185,10.03577139263504,15.386946963945263,0.9918650781877898
2026-09-07 00:15:00,WTG-003,313.8495734651289,6.459012436415748,15.467416025515032,0.6474407603881439
2026-09-07 00:30:00,WTG-003,556.3264868738753,7.640596883128752,13.666941273385524,0.7831868832308103
2026-09-07 00:45:00,WTG-003,107.16866060381226,5.253762911060507,14.493605782985021,0.5915138171402858
2026-09-07 01:00:00,WTG-003,203.6336735471924,5.699183642389351,15.317354927306972,0.5743243216376787
2026-09-07 01:15:00,WTG-003,241.93944799840455,5.925058799515714,14.87975130118864,0.6008214886590978
2026-09-07 01:30:00,WTG-003,1044.481828637582,9.596829863302034,15.969030933274974,0.8607266777214237
2026-09-07 01:45:00,WTG-003,459.2527145411336,7.190959612753433,17.709780229951516,0.7679214542158828
2026-09-07 02:00:00,WTG-003,284.7979566927295,5.627029087220529,17.61743711905193,0.5299281275898756
2026-09-07 02:15:00,WTG-003,610.6010684198036,8.30975731583678,15.591953847713611,0.876817474158543
2026-09-07 02:30:00,WTG-003,1162.029013360591,9.814284349848204,16.556008060537106,0.9845000326925208
2026-09-07 02:45:00,WTG-003,235.09630393043437,5.660017527948641,16.246365210180095,0.5791483493707716
2026-09-07 03:00:00,WTG-003,904.7518814966069,9.143407678968364,17.92751091840939,0.8666581040761104
2026-09-07 03:15:00,WTG-003,278.98740293372896,6.425157095892327,17.36039402072675,0.727409791549304
2026-09-07 03:30:00,WTG-003,1391.9001078396095,10.68916452221725,17.988517829688945,1.0308376479006667
2026-09-07 03:45:00,WTG-003,445.94447293661386,7.4079682263640105,16.91690083489051,0.7248117810869376
2026-09-07 04:00:00,WTG-003,863.9656501863423,9.001317199068538,16.090563214482202,0.981102333001734
2026-09-07 04:15:00,WTG-003,755.5803340709452,8.171219770085134,16.941155867249176,0.8617185274200762
2026-09-07 04:30:00,WTG-003,618.510394593123,7.864109818185433,16.93986747265422,0.6989221923275366
2026-09-07 04:45:00,WTG-003,1821.6510258147837,11.628735534064722,19.01989695062798,1.1374210858093177
2026-09-07 05:00:00,WTG-003,809.1123475255498,9.110596006558293,18.70642767616912,0.9240988015162588
2026-09-07 05:15:00,WTG-003,910.3542736791626,9.311215177311826,17.992188528731617,0.885854096164612
2026-09-07 05:30:00,WTG-003,1215.6922964059333,10.167108725434266,17.4738926740945,1.0704140111099218
2026-09-07 05:45:00,WTG-003,370.6945500268303,7.164856535213968,18.64831757087507,0.7111624518355886
2026-09-07 06:00:00,WTG-003,912.9784543931081,9.255039022433674,20.9556241044225,1.0155900378879605
2026-09-07 06:15:00,WTG-003,1285.50438436375,10.53432994181668,19.839228152861168,0.9937905559389869
2026-09-07 06:30:00,WTG-003,578.6968758782424,7.847938927531661,20.394859178345325,0.7307465468073976
2026-09-07 06:45:00,WTG-003,911.6818083654177,9.469246101408158,20.612038156282097,0.9447154589955123
2026-09-07 07:00:00,WTG-003,1998.8666597696147,12.090492677882409,19.69250953041669,1.1935740862464925
2026-09-07 07:15:00,WTG-003,908.4012543176077,9.154995519449482,20.1809368971272,0.9472369857211553
2026-09-07 07:30:00,WTG-003,1165.8116603939827,9.982825266674205,21.810632985762446,0.8928709313338888
2026-09-07 07:45:00,WTG-003,839.120541660716,9.063402600864517,21.640195245312714,0.8710856328623636
2026-09-07 08:00:00,WTG-003,420.2314738680849,7.338635624150456,23.29241374865353,0.7060694853823183
2026-09-07 08:15:00,WTG-003,692.2707129207726,8.328693265291527,25.678384238982034,0.8990078662195115
2026-09-07 08:30:00,WTG-003,1637.9968839888274,11.274071679342352,23.055014804993508,1.2012473164469222
2026-09-07 08:45:00,WTG-003,808.6774644470679,8.829230775038361,24.023777745851472,0.8360468613845843
2026-09-07 09:00:00,WTG-003,456.6343173179455,7.338820672281832,22.662731828167992,0.7282248081098471
2026-09-07 09:15:00,WTG-003,566.698929894931,7.973407169618599,22.7473234817851,0.7628607618644293
2026-09-07 09:30:00,WTG-003,122.8322680323821,5.193202374216414,23.228951690589373,0.4875984372685494
2026-09-07 09:45:00,WTG-003,580.3365701736608,8.165865477090646,25.28018744612963,0.8718735849875789
2026-09-07 10:00:00,WTG-003,371.5288766844316,6.960466228549384,22.62705355638281,0.6998575157123196
2026-09-07 10:15:00,WTG-003,586.4880461604024,7.6196236465763825,25.569876129719738,0.7064353158530273
2026-09-07 10:30:00,WTG-003,209.16053746771314,4.930555607936331,24.296684687180022,0.4151542992547402
2026-09-07 10:45:00,WTG-003,908.6191013849722,9.243623819086768,27.059159232389497,1.0591239640953554
2026-09-07 11:00:00,WTG-003,1207.6647067600356,9.964888915434312,23.277229737025273,1.0293024226228367
2026-09-07 11:15:00,WTG-003,336.81677735388183,6.733271045783271,23.559928484717428,0.6479984461925542
2026-09-07 11:30:00,WTG-003,50.64747966108287,3.682544161346386,25.07543880463694,0.42322368172801716
2026-09-07 11:45:00,WTG-003,347.1192721087257,6.894009310166737,25.08604330905907,0.6803273902321383
2026-09-07 12:00:00,WTG-003,491.62364449090114,7.142415374448101,23.867113962865133,0.8359113525905022
2026-09-07 12:15:00,WTG-003,159.1563318794311,5.090931318905789,24.64547987377925,0.4997470060865838
2026-09-07 12:30:00,WTG-003,85.34023495990971,4.24104404002746,21.851517776555404,0.4683810583297545
2026-09-07 12:45:00,WTG-003,112.97973331671896,4.144003144515413,24.729666612776704,0.3610075072333264
2026-09-07 13:00:00,WTG-003,84.06659075196148,3.864824351811261,24.76258969066306,0.3305677599725466
2026-09-07 13:15:00,WTG-003,71.66891882762634,4.128467807297749,23.888134708014174,0.44863113768062646
2026-09-07 13:30:00,WTG-003,0.0,1.1478087795514629,25.6336953422877,0.167961239936568
2026-09-07 13:45:00,WTG-003,193.40942029426938,5.492879538552719,24.995849424202824,0.5326799007092823
2026-09-07 14:00:00,WTG-003,120.38662552249295,5.05456939673588,24.67831206743994,0.47841630338218205
2026-09-07 14:15:00,WTG-003,83.23033077086632,4.36627855807055,21.895099572069316,0.47466115551348675
2026-09-07 14:30:00,WTG-003,20.63470681877822,3.09823895137511,22.324184077733747,0.34196904008209256
2026-09-07 14:45:00,WTG-003,118.58017167712704,4.202802429229156,24.410020895427238,0.4915113230846791
2026-09-07 15:00:00,WTG-003,10.594696717526112,3.6530028047058023,23.71806717198945,0.43783266749511507
2026-09-07 15:15:00,WTG-003,116.56497938529265,4.573704328922103,24.153423038930665,0.4292383062296894
2026-09-07 15:30:00,WTG-003,11.284003069852927,1.8526643170995907,24.073701337572952,0.19428836460870172
2026-09-07 15:45:00,WTG-003,12.055086640532558,3.4916949066926932,22.77348670006655,0.31777184322538554
2026-09-07 16:00:00,WTG-003,216.17487919013675,5.329456169889969,23.09344930890023,0.5161981280378695
2026-09-07 16:15:00,WTG-003,0.0,2.6134078492340533,22.457275529998665,0.20738735799095842
2026-09-07 16:30:00,WTG-003,35.578839357800575,4.494712147381557,22.739030155839018,0.5095395450153622
2026-09-07 16:45:00,WTG-003,39.20777329459924,3.2163660979089443,20.09997215753371,0.31204922909313804
2026-09-07 17:00:00,WTG-003,69.5066447144633,3.4080035537691526,20.880247558890073,0.2941019052660214
2026-09-07 17:15:00,WTG-003,98.86560577757164,4.419901561298779,20.850953376920494,0.4580069291881068
2026-09-07 17:30:00,WTG-003,0.0,0.714247344520957,21.181487864035997,0.08267325266257124
2026-09-07 17:45:00,WTG-003,0.0,1.6656929069989912,19.791887865680543,0.11013162179326139
2026-09-07 18:00:00,WTG-003,21.20587091625906,2.2411182701334544,19.67348178369863,0.21385448696562878
2026-09-07 18:15:00,WTG-003,73.74046327970339,3.810388407700187,18.555673422915987,0.38984890002690303
2026-09-07 18:30:00,WTG-003,5.06336921388353,2.2632578781695214,18.857772815952078,0.22110950455390913
2026-09-07 18:45:00,WTG-003,165.61934777916107,5.507801718648656,22.13259579547528,0.581752297904776
2026-09-07 19:00:00,WTG-003,118.21932042482582,3.7619050852844302,20.157489830155093,0.3724129103105271
2026-09-07 19:15:00,WTG-003,42.9185561786876,4.404975801843213,17.76689112082069,0.37160483810427797
2026-09-07 19:30:00,WTG-003,0.0,3.6477139039554802,17.986776836973682,0.48825086413789015
2026-09-07 19:45:00,WTG-003,11.629886518249755,3.257867317652096,17.065005881343566,0.4051152841835382
2026-09-07 20:00:00,WTG-003,0.0,2.911250200688363,15.957688663016201,0.3266349698247128
2026-09-07 20:15:00,WTG-003,1.2066218130270012,2.8907895999024755,16.44938567974241,0.28322515301709905
2026-09-07 20:30:00,WTG-003,131.98052566132216,4.431137051026772,18.294051568792767,0.43211517660113286
2026-09-07 20:45:00,WTG-003,51.857213893811455,3.286276559860525,15.692681114957868,0.3028923609665231
2026-09-07 21:00:00,WTG-003,120.5221068250543,4.119760970782534,17.07593248307294,0.5108442665750152
2026-09-07 21:15:00,WTG-003,23.312899062377653,3.0629469928067947,16.748959202593934,0.33940756417803597
2026-09-07 21:30:00,WTG-003,69.09165068335896,3.0539423759850592,15.974485400878052,0.368888844459408
2026-09-07 21:45:00,WTG-003,528.6748943969798,7.589892944539466,16.304750905598638,0.7674983653752708
2026-09-07 22:00:00,WTG-003,0.0,1.2596453394673932,16.448806906874935,0.13074917879935163
2026-09-07 22:15:00,WTG-003,203.56599717745175,6.078054472731906,16.16738659143907,0.6293753610352671
2026-09-07 22:30:00,WTG-003,200.29926262015368,5.563299785789199,15.854411983669396,0.4566443739681677
2026-09-07 22:45:00,WTG-003,199.79925664933631,5.230877429420924,14.892961729420062,0.4976710251356441
2026-09-07 23:00:00,WTG-003,75.40555261737752,3.1523719837947883,14.854791341294304,0.38031289295976184
2026-09-07 23:15:00,WTG-003,27.818050408586828,3.3385044491053675,14.799489628458563,0.29249011771849326
2026-09-07 23:30:00,WTG-003,80.48341099446435,4.760508667628862,15.755528737951698,0.4685018810600728
2026-09-07 23:45:00,WTG-003,327.0282515828264,6.4665554121289315,14.37951507268442,0.6419998823105153
2026-09-08 00:00:00,WTG-003,201.64477298297484,4.844162213715817,13.10233682022915,0.45894940571656323
2026-09-08 00:15:00,WTG-003,161.3152659722062,5.195590369368424,14.49753054897344,0.5106672429131119
2026-09-08 00:30:00,WTG-003,298.44443645856904,6.016213257081363,14.296727154302845,0.6023286936151921
2026-09-08 00:45:00,WTG-003,250.43012953409715,6.45027755929552,16.527496245428193,0.7229598728903107
2026-09-08 01:00:00,WTG-003,519.402014108122,7.4066052374222915,15.000892372224135,0.7878200098206497
2026-09-08 01:15:00,WTG-003,355.0357071822763,6.386969688787879,16.174731183889808,0.6285680293361537
2026-09-08 01:30:00,WTG-003,1007.3016046240027,9.514551407989593,15.486791914436319,1.0131152240839412
2026-09-08 01:45:00,WTG-003,257.4657266534147,6.025060148772006,16.298718983628003,0.6066780383063799
2026-09-08 02:00:00,WTG-003,231.42188890063525,5.307598741295431,12.964006044809167,0.533152499912723
2026-09-08 02:15:00,WTG-003,460.27701774410684,7.237814498405874,15.974890235723986,0.7005112127065504
2026-09-08 02:30:00,WTG-003,2000.0,12.480619102332522,15.768286440416185,1.2440106149368826
2026-09-08 02:45:00,WTG-003,968.3093107464392,9.371071825689741,16.783248591609475,0.9446414932080074
2026-09-08 03:00:00,WTG-003,399.58474341149287,7.151273022040076,15.806539662836524,0.6592290654046515
2026-09-08 03:15:00,WTG-003,1058.99950518123,9.554158170097082,15.659173617683255,0.86528058958778
2026-09-08 03:30:00,WTG-003,384.7440894598526,7.078497161634474,16.788454078883927,0.7346233252475762
2026-09-08 03:45:00,WTG-003,87.68734625377967,4.237900927443072,16.84034136682775,0.3991562535173201
2026-09-08 04:00:00,WTG-003,570.315929232448,8.227093064042146,18.76523185397399,0.8241743796534845
2026-09-08 04:15:00,WTG-003,935.6134295644009,9.142619149135262,19.769286952706942,0.9163754141533135
2026-09-08 04:30:00,WTG-003,968.3878027690473,9.740013731583002,17.366896080362817,0.918412936693047
2026-09-08 04:45:00,WTG-003,372.2485028006527,7.13158991843571,18.705894442731484,0.7584834219231811
2026-09-08 05:00:00,WTG-003,813.1007413338202,8.927721650823234,18.42556860796656,0.9510559140336119
2026-09-08 05:15:00,WTG-003,866.2115970096607,9.027505658533249,18.911289976842692,0.9618559383692996
2026-09-08 05:30:00,WTG-003,845.5118434266325,8.975568610783746,19.44697838518499,0.8853760276427117
2026-09-08 05:45:00,WTG-003,1109.5986601332127,9.885316277599532,19.291839288627447,0.9464731909131259
2026-09-08 06:00:00,WTG-003,724.7934567154608,8.645287369078455,20.406927741787662,0.813386459233084
2026-09-08 06:15:00,WTG-003,488.1823945962739,7.605117186574466,18.737272257656354,0.8054884429968769
2026-09-08 06:30:00,WTG-003,841.5632362143938,9.418271723037822,21.262199322188266,0.9566047223489176
2026-09-08 06:45:00,WTG-003,412.819613559692,7.409967807488057,19.296383394788744,0.7439247529249572
2026-09-08 07:00:00,WTG-003,659.5526317312288,8.17500743042615,20.732946646293584,0.7839165644322227
2026-09-08 07:15:00,WTG-003,779.5916886387358,9.0848652611024,21.03802978919904,0.88069012615648
2026-09-08 07:30:00,WTG-003,1574.8949779036427,11.200340333645945,21.785724453032802,1.1421955624623505
2026-09-08 07:45:00,WTG-003,915.1316012973774,9.12583717242335,21.29142360633352,0.9007508259984738
2026-09-08 08:00:00,WTG-003,760.5354600754841,9.006121333033194,22.586336903931805,0.8362281065166381
2026-09-08 08:15:00,WTG-003,524.4994374608252,7.809819636382246,22.52274429228871,0.7515244812076919
2026-09-08 08:30:00,WTG-003,533.8443710428272,7.484302978848383,24.109661973732468,0.7311586436386381
2026-09-08 08:45:00,WTG-003,408.3599325091801,7.370359078019272,25.015337893168773,0.6933215156100254
2026-09-08 09:00:00,WTG-003,335.86805069683,6.469696243533253,24.548270749531515,0.7089679633988172
2026-09-08 09:15:00,WTG-003,749.1615738783801,8.692651734337176,24.556281097113953,0.8081361455524044
2026-09-08 09:30:00,WTG-003,772.6632808287005,8.758615881584769,23.259440151768324,0.957226187947627
2026-09-08 09:45:00,WTG-003,419.6836943628587,7.085618451649588,24.8875712399828,0.6937292217040976
2026-09-08 10:00:00,WTG-003,327.8486389025815,6.938978049623679,25.482601505953852,0.5907499481269602
2026-09-08 10:15:00,WTG-003,486.15828455372935,7.538371924621491,24.566916302358187,0.6637891765436059
2026-09-08 10:30:00,WTG-003,540.4064984246694,7.894110930073308,25.336954395311288,0.8371364778046232
2026-09-08 10:45:00,WTG-003,274.8624258485441,6.31915100703618,24.512675393962418,0.5775978622357075
2026-09-08 11:00:00,WTG-003,343.8820695371333,6.424486082968001,26.6575132352373,0.6654603687844888
2026-09-08 11:15:00,WTG-003,498.41337995165617,7.449264002273341,24.300589063773685,0.799564623655465
2026-09-08 11:30:00,WTG-003,920.3049130974905,9.30842186589285,25.678579950919872,0.8725327786444402
2026-09-08 11:45:00,WTG-003,377.99477151718395,6.406031049637623,23.86131215301964,0.6236922040097579
2026-09-08 12:00:00,WTG-003,241.85890604530553,5.050237458718291,23.24147911950711,0.4887907208703162
2026-09-08 12:15:00,WTG-003,138.7751839299089,3.990783368279649,23.38021027053226,0.34787934241110535
2026-09-08 12:30:00,WTG-003,152.2214814713875,4.501361451505492,27.136715761023893,0.45438579202340657
2026-09-08 12:45:00,WTG-003,72.915497474702,3.5356212331267005,24.456291061039003,0.3046305241220851
2026-09-08 13:00:00,WTG-003,363.5585810551544,6.844550690352019,25.62571425205457,0.6260161627650002
2026-09-08 13:15:00,WTG-003,201.6541661084763,6.366539405147496,25.155455099989997,0.7022561954095424
2026-09-08 13:30:00,WTG-003,144.06518760583577,5.685482675411807,25.937829200608014,0.6208880241576913
2026-09-08 13:45:00,WTG-003,438.6702447400126,7.272484550712129,24.45520468648594,0.7605230402344886
2026-09-08 14:00:00,WTG-003,896.3040417591278,9.295405123719508,23.784136606752245,1.0368576787052595
2026-09-08 14:15:00,WTG-003,114.04179622668941,4.7701071406352815,24.180897452757097,0.45585997552159285
2026-09-08 14:30:00,WTG-003,144.94098980866454,4.9451969186306215,23.997100101300354,0.4727129981522796
2026-09-08 14:45:00,WTG-003,86.1753127198822,5.183622062412426,21.760362558550117,0.5109609408288789
2026-09-08 15:00:00,WTG-003,55.20659255465489,3.8266388739682293,24.32361390599556,0.38417839555745636
2026-09-08 15:15:00,WTG-003,137.80786262347004,4.489636135043305,22.894124969658684,0.40995545486426826
2026-09-08 15:30:00,WTG-003,8.182432848846963,2.664475055117771,22.67039546101661,0.3084959177212107
2026-09-08 15:45:00,WTG-003,6.716229247130978,2.714739174325186,24.73485031272665,0.2678895569494084
2026-09-08 16:00:00,WTG-003,0.0,1.279384039616787,24.073317211915203,-0.008065104272216767
2026-09-08 16:15:00,WTG-003,79.00126016057447,4.515122090088109,24.44595667810048,0.5342145302210943
2026-09-08 16:30:00,WTG-003,0.0,3.1975140921077227,22.21473217936761,0.28557980553713747
2026-09-08 16:45:00,WTG-003,39.978062455259774,1.005890749077965,21.359331662857755,0.11022190893454974
2026-09-08 17:00:00,WTG-003,0.0,0.5266238740906677,19.767822078363835,0.11789330280492914
2026-09-08 17:15:00,WTG-003,53.11797764941979,3.000031559408946,20.0529202191622,0.3785040475899078
2026-09-08 17:30:00,WTG-003,96.22617681122189,1.9905822812267768,21.063230529693186,0.12198449706047038
2026-09-08 17:45:00,WTG-003,194.43488278218,5.530334149824671,20.952396719245492,0.5081895162497897
2026-09-08 18:00:00,WTG-003,47.009954703346665,1.6398587549369732,19.78899966246735,0.01634026987802817
2026-09-08 18:15:00,WTG-003,73.75483704663844,2.136330599820961,20.007989176748552,0.18147957746421922
2026-09-08 18:30:00,WTG-003,398.11504547135667,6.041047867059897,19.791469012858578,0.6700257708992527
2026-09-08 18:45:00,WTG-003,0.0,1.2950394093567064,19.442930291480888,0.21725269523568297
2026-09-08 19:00:00,WTG-003,0.0,0.5621350883157232,20.368464104561358,0.07329870067866445
2026-09-08 19:15:00,WTG-003,259.18611346056036,4.637990362253687,18.558115465997446,0.4559317148666438
2026-09-08 19:30:00,WTG-003,44.1029694740801,2.004413467931067,19.307443252411865,0.15786548181179488
2026-09-08 19:45:00,WTG-003,109.12810911013608,4.454990694021333,19.375168368090268,0.410420072488053
2026-09-08 20:00:00,WTG-003,0.0,0.9654845623148876,17.52326895220576,0.12507272363520303
2026-09-08 20:15:00,WTG-003,145.039513226794,4.6680005559413,16.457905392366246,0.49516536937190936
2026-09-08 20:30:00,WTG-003,0.0,2.972809331964312,16.58538647356313,0.3459603923294013
2026-09-08 20:45:00,WTG-003,104.47963716273861,5.281312114539013,15.926158084148383,0.5461287661396526
2026-09-08 21:00:00,WTG-003,0.0,2.645411749022254,16.391981323639172,0.3081233127149638
2026-09-08 21:15:00,WTG-003,23.72079336096651,4.073952185172801,16.463024439752132,0.4594668533811947
2026-09-08 21:30:00,WTG-003,200.27926016688872,5.524127836529608,16.191635265479402,0.5193554565561036
2026-09-08 21:45:00,WTG-003,0.0,2.7675726089860575,15.798225568419099,0.2973587521442373
2026-09-08 22:00:00,WTG-003,0.0,3.9687029913228193,14.42778825838596,0.3657073455559547
2026-09-08 22:15:00,WTG-003,187.73625197128706,5.305425737055276,16.342070970186665,0.5356142665057009
2026-09-08 22:30:00,WTG-003,174.74739001409657,5.461760428264589,15.61231211171464,0.5185072052160615
2026-09-08 22:45:00,WTG-003,115.84493433537536,5.459360395776258,14.85145300251084,0.44663574275981216
2026-09-08 23:00:00,WTG-003,109.39018416589275,4.143141703063053,15.775156530794305,0.41294757343643923
2026-09-08 23:15:00,WTG-003,214.90466291348105,6.229164769554197,13.415152939413847,0.5086228780820885
2026-09-08 23:30:00,WTG-003,90.59083874438157,5.351993857392772,15.244267824401541,0.5310003327417527
2026-09-08 23:45:00,WTG-003,228.76436899834118,5.966548230988223,14.754786281850738,0.6119121232283857
2026-09-09 00:00:00,WTG-003,152.7841239798729,5.212869662812542,15.198614439052086,0.5685199134018494
2026-09-09 00:15:00,WTG-003,189.13721991973284,5.053913861983232,13.661326413559765,0.5448200123679617
2026-09-09 00:30:00,WTG-003,60.01470489810231,4.854727849127598,15.183106242694294,0.499844450928387
2026-09-09 00:45:00,WTG-003,258.1106635234592,6.370465533287132,15.037101466929581,0.6933876041017093
2026-09-09 01:00:00,WTG-003,926.5172502728284,9.024626642046272,14.639958443326224,0.9310487396190754
2026-09-09 01:15:00,WTG-003,31.80934606802744,3.756704585534779,17.716306891933403,0.36242159032629473
2026-09-09 01:30:00,WTG-003,449.3285936557063,7.1006562428559015,15.885572223667001,0.6806948460346067
2026-09-09 01:45:00,WTG-003,407.7147145246662,7.089494504087762,14.439074814665101,0.6832057734619128
2026-09-09 02:00:00,WTG-003,511.6637855579126,7.493610959786638,15.862612596458167,0.7260835498482772
2026-09-09 02:15:00,WTG-003,202.0074430141993,5.832172350008321,16.50772244734711,0.6668886262823185
2026-09-09 02:30:00,WTG-003,437.2344351945506,6.817309099271048,17.201887993107366,0.6393621108945717
2026-09-09 02:45:00,WTG-003,568.3390029556524,8.059083029240401,17.0195636904785,0.7914057798006691
2026-09-09 03:00:00,WTG-003,586.7344989953831,7.805033131375547,16.28673482007484,0.7178528028901046
2026-09-09 03:15:00,WTG-003,761.5745760292265,8.765482286595647,17.995332643762378,0.8955761031481646
2026-09-09 03:30:00,WTG-003,1240.2586671963866,10.170564672765508,17.19690920648675,1.0143419053514924
2026-09-09 03:45:00,WTG-003,1442.2676302843124,10.46997674963267,16.01054612959856,1.0594169716735513
2026-09-09 04:00:00,WTG-003,445.7846645253522,7.255730413879666,17.20402951664293,0.6886004779237371
2026-09-09 04:15:00,WTG-003,1285.6757282200933,10.227099740981998,16.95504653519876,1.049021617196358
2026-09-09 04:30:00,WTG-003,404.5434431640295,7.043879384413399,17.070603342922567,0.6945945544004838
2026-09-09 04:45:00,WTG-003,577.1054750433392,8.172999303299186,18.675270197208917,0.8336935269020687
2026-09-09 05:00:00,WTG-003,758.9267017695787,8.596478462368104,18.16114133859015,0.9501509804509243
2026-09-09 05:15:00,WTG-003,540.8820118063011,8.094118986585693,18.9675783732815,0.7878210738825082
2026-09-09 05:30:00,WTG-003,621.7975728802248,8.180777135256266,20.62561495262227,0.8604230258853974
2026-09-09 05:45:00,WTG-003,1477.1338731860433,10.703337550822745,21.094324201620697,1.1012434137253855
2026-09-09 06:00:00,WTG-003,488.80748808644694,7.505663441364232,19.938755516277677,0.7499754579240183
2026-09-09 06:15:00,WTG-003,1848.7131331350079,11.56344357444602,20.857027570025146,1.129030265130166
2026-09-09 06:30:00,WTG-003,578.6976823628443,8.34895825560801,20.26197895347007,0.7956190689382844
2026-09-09 06:45:00,WTG-003,1055.882279565806,9.855070053853945,21.18112506490203,0.9518761753317709
2026-09-09 07:00:00,WTG-003,745.5346440383764,8.791125204025416,21.82286019607112,0.9055922458097758
2026-09-09 07:15:00,WTG-003,1354.0092111567328,10.552761233060057,21.465702929063514,1.0821263099534064
2026-09-09 07:30:00,WTG-003,803.7463044413116,8.951607495559712,20.352934336210318,0.8794462765226584
2026-09-09 07:45:00,WTG-003,678.1941677898465,8.50070609655995,22.294300162922795,0.9397348264755983
2026-09-09 08:00:00,WTG-003,387.831339661901,7.101918212725267,22.386589291880554,0.7149312224568216
2026-09-09 08:15:00,WTG-003,695.6908391209918,8.654456616431364,22.980052381270834,0.7621974947637096
2026-09-09 08:30:00,WTG-003,830.2600281681439,8.730982204490363,24.446656002422234,0.8864602625471936
2026-09-09 08:45:00,WTG-003,336.98874480408017,6.194871538404655,25.805729020687373,0.6457915240153493
2026-09-09 09:00:00,WTG-003,1084.5926251673322,9.723749715690063,23.97857053833852,0.9413069814408818
2026-09-09 09:15:00,WTG-003,1010.4716075493278,9.38845724397758,23.413854560920623,0.9639579553534701
2026-09-09 09:30:00,WTG-003,374.75394202586557,6.592470223371336,23.876154802726166,0.6712188368025827
2026-09-09 09:45:00,WTG-003,599.8727374982165,8.150324015428025,26.062829407354624,0.8081330979808294
2026-09-09 10:00:00,WTG-003,120.12084393036262,5.071666072571881,24.821398169796222,0.48794907925235126
2026-09-09 10:15:00,WTG-003,427.0339605826515,6.9479390851800105,25.393865915027142,0.7125189593739064
2026-09-09 10:30:00,WTG-003,538.2694674103521,7.6869299153591975,23.41780341944068,0.7525925539308956
2026-09-09 10:45:00,WTG-003,253.10525225517532,6.103531642165121,23.981442889505477,0.5789742823032754
2026-09-09 11:00:00,WTG-003,944.9408759583941,9.200622917440967,22.81967698470703,0.9031423983277779
2026-09-09 11:15:00,WTG-003,60.28133972710186,3.1308973976374723,25.256924218085615,0.2289512137032853
2026-09-09 11:30:00,WTG-003,408.17852219578594,6.57880205671523,26.130204044279292,0.6569336489264563
2026-09-09 11:45:00,WTG-003,143.25561507789507,5.504014759128404,23.70923008441082,0.5864250357518015
2026-09-09 12:00:00,WTG-003,212.82047133902506,6.126760363244256,25.09308628895154,0.6504082942674894
2026-09-09 12:15:00,WTG-003,0.0,2.78273520771645,23.434099483672206,0.3163845470878778
2026-09-09 12:30:00,WTG-003,184.23095318545035,4.49942466616789,26.828203816224516,0.4387085828338294
2026-09-09 12:45:00,WTG-003,0.0,3.67217437185925,23.749112815003453,0.3943444833593119
2026-09-09 13:00:00,WTG-003,45.36357053398013,4.048575931419912,24.848056289897134,0.47181223453140375
2026-09-09 13:15:00,WTG-003,46.107309490056664,4.188887786530515,24.098443437428728,0.4028919771592598
2026-09-09 13:30:00,WTG-003,314.911526941409,6.380716550399265,24.476386392130372,0.725728325794021
2026-09-09 13:45:00,WTG-003,348.4788948447805,6.672004346550315,24.460928574551364,0.700596830151092
2026-09-09 14:00:00,WTG-003,25.60417861295825,2.5421249737211946,24.74926186454793,0.33533342336782707
2026-09-09 14:15:00,WTG-003,94.34274905274071,4.199788912632529,22.921640669079583,0.42000693115419263
2026-09-09 14:30:00,WTG-003,44.01278301263654,3.0408482808228925,24.0349386941719,0.31071539351354094
2026-09-09 14:45:00,WTG-003,208.63512165855212,4.996341557202811,22.72540196618784,0.47808603646840653
2026-09-09 15:00:00,WTG-003,35.285165146226156,2.9839748850920484,22.44019222162554,0.22208486031269936
2026-09-09 15:15:00,WTG-003,57.84900510180234,4.410312240732723,22.69059778327168,0.5405869574788105
2026-09-09 15:30:00,WTG-003,77.03165500737903,0.2823572093403546,25.567192583001532,0.0008865715642303526
2026-09-09 15:45:00,WTG-003,99.77623502226253,4.076710543760482,23.12776932613393,0.41849603077283803
2026-09-09 16:00:00,WTG-003,65.02312620440884,4.006835616327827,23.269444753622047,0.35252489905321277
2026-09-09 16:15:00,WTG-003,0.0,3.4199425945809536,20.981406937042028,0.35601032754672224
2026-09-09 16:30:00,WTG-003,0.0,2.337242486277063,22.96035771915921,0.27313023812260023
2026-09-09 16:45:00,WTG-003,21.101146814533813,0.2532652360082883,21.367441801244464,0.03510479596043714
2026-09-09 17:00:00,WTG-003,176.27949615539006,4.234417704176303,21.128304270129906,0.35282991121820123
2026-09-09 17:15:00,WTG-003,0.0,1.6637091383343743,21.64951803577473,0.09228803584825698
2026-09-09 17:30:00,WTG-003,73.5845575565078,3.851319344433282,20.94746507927665,0.3980728233635598
2026-09-09 17:45:00,WTG-003,0.0,2.972628456233866,21.924921179346534,0.23374919053107407
2026-09-09 18:00:00,WTG-003,0.0,0.31676516942006927,19.353586078823298,0.17620934495415763
2026-09-09 18:15:00,WTG-003,47.85573320155082,3.484117967197304,19.107824260616848,0.32843772190189524
2026-09-09 18:30:00,WTG-003,17.162240054687697,3.4622933954260575,21.001932032355498,0.3739228286615205
2026-09-09 18:45:00,WTG-003,0.0,3.351437687721471,18.189280189187567,0.38650091601540376
2026-09-09 19:00:00,WTG-003,46.565651923937544,2.5007568651890195,18.710568135129975,0.2706834750452841
2026-09-09 19:15:00,WTG-003,0.0,0.6236369351157385,18.797849678180654,-0.00017692355341202004
2026-09-09 19:30:00,WTG-003,31.420666135422664,3.6452491655804735,16.49137030164477,0.32717903980558344
2026-09-09 19:45:00,WTG-003,135.40689661941627,4.108358608902552,17.85105130860822,0.3672583991184064
2026-09-09 20:00:00,WTG-003,131.7510133922284,4.60876969468206,16.510680228046798,0.4835737461704626
2026-09-09 20:15:00,WTG-003,291.84920707477704,6.031723033124713,16.73081901875972,0.5965177791571628
2026-09-09 20:30:00,WTG-003,44.68178121063471,1.3740619868856818,18.991225707871266,0.1779069019056368
2026-09-09 20:45:00,WTG-003,68.98815268130252,0.627932428891623,18.392044494513947,0.07270022557947982
2026-09-09 21:00:00,WTG-003,32.9977356641351,2.9071660852095325,17.28258077347545,0.3156922231640764
2026-09-09 21:15:00,WTG-003,0.0,3.2102438561706483,16.049923335915043,0.42865080901366015
2026-09-09 21:30:00,WTG-003,119.22561520541508,4.794554087475992,16.8076374852985,0.5429305860878466
2026-09-09 21:45:00,WTG-003,146.26398640395135,5.394751966310147,15.81980270727143,0.5468107491874715
2026-09-09 22:00:00,WTG-003,152.58741790744114,4.2702861504022405,15.217651737233064,0.4086880217388855
2026-09-09 22:15:00,WTG-003,70.95739808849942,4.315994727036509,15.009759392388824,0.398437753550405
2026-09-09 22:30:00,WTG-003,159.8964516755398,4.16448259965414,15.877916718757895,0.3950492432650834
2026-09-09 22:45:00,WTG-003,23.06406176627725,3.424775206428869,16.828192679704003,0.3561434973342488
2026-09-09 23:00:00,WTG-003,63.25673536898018,4.030312145794527,14.57996898547436,0.3685356215835995
2026-09-09 23:15:00,WTG-003,66.78803572509082,4.442934991038181,15.114968173438573,0.5200682706914009
2026-09-09 23:30:00,WTG-003,308.05228196096624,6.229384559788063,14.31601599391288,0.5758538640460309
2026-09-09 23:45:00,WTG-003,52.140448582472374,3.9016147202820104,13.287532627995981,0.39824037356139386
2026-09-10 00:00:00,WTG-003,469.8325215582057,6.823315348287634,15.451383322293859,0.6997210397298692
2026-09-10 00:15:00,WTG-003,171.1816028026608,5.23591570780541,12.697340402897634,0.5162247583605875
2026-09-10 00:30:00,WTG-003,194.7147710211752,5.562375866265571,16.40516912061191,0.5744362524880585
2026-09-10 00:45:00,WTG-003,683.791799223339,8.22020387488901,13.413429417591379,0.8459162292648867
2026-09-10 01:00:00,WTG-003,818.6660178363544,8.92772789984393,15.88005442927649,0.9008311020421546
2026-09-10 01:15:00,WTG-003,482.12440500535433,7.356251069477699,15.898462465655257,0.7227145590381538
2026-09-10 01:30:00,WTG-003,886.2431781359724,9.249840195702664,15.189446161774365,0.8898160312430143
2026-09-10 01:45:00,WTG-003,931.3902605100418,9.37923427225762,17.867963532140777,0.9420002442615116
2026-09-10 02:00:00,WTG-003,108.88104500735118,4.575945830922343,16.537003917060737,0.46448197796358337
2026-09-10 02:15:00,WTG-003,570.9514342405539,7.954768700339192,13.570430108650134,0.7562625298236071
2026-09-10 02:30:00,WTG-003,393.76841631765865,7.113222108433407,16.445129167325412,0.6582453629272216
2026-09-10 02:45:00,WTG-003,461.7362394484436,7.235626843705975,18.23352764158313,0.6997192220218109
2026-09-10 03:00:00,WTG-003,529.3071156407403,7.669556735961363,15.825926688019821,0.794959985791711
2026-09-10 03:15:00,WTG-003,938.8163790974005,9.63912924316572,15.617909834663429,0.93539967035318
2026-09-10 03:30:00,WTG-003,940.0809682215668,9.478146096413598,18.676118005715526,0.8620272519359053
2026-09-10 03:45:00,WTG-003,777.2426177690513,8.574919521626013,18.22112570059716,0.9032443262223724
2026-09-10 04:00:00,WTG-003,1996.839231885313,12.031905426103743,19.955561426735144,1.1849499390276244
2026-09-10 04:15:00,WTG-003,1358.4897340803013,10.588090029342084,16.97188942733757,1.0167345109814092
2026-09-10 04:30:00,WTG-003,1615.0026269005027,10.997315388272838,18.007275530907794,1.072643995629885
2026-09-10 04:45:00,WTG-003,215.32739592183975,6.46246202684978,17.9518866787842,0.5807610088345402
2026-09-10 05:00:00,WTG-003,1414.3464993119023,10.888687662341024,18.577646585303278,1.185406615712975
2026-09-10 05:15:00,WTG-003,1335.528753763494,10.52605494296736,19.774114997181528,1.0344307998173126
2026-09-10 05:30:00,WTG-003,1157.1490339619395,9.880741079063652,18.85800494489424,0.916681464648228
2026-09-10 05:45:00,WTG-003,698.9610965268295,8.795103065050611,21.653974603654067,0.8943402310620343
2026-09-10 06:00:00,WTG-003,511.70095552232345,7.237391952177413,19.39234782321181,0.7032372530546973
2026-09-10 06:15:00,WTG-003,351.6814639483191,6.445354607430073,19.476131424237686,0.5857714999673947
2026-09-10 06:30:00,WTG-003,797.4248831040298,9.077962017607478,21.988329335774427,0.9779047570257293
2026-09-10 06:45:00,WTG-003,561.7325118593412,7.855058412191117,21.537223866442122,0.7951484241272296
2026-09-10 07:00:00,WTG-003,1043.6889262336758,9.871704216627151,20.862270307593484,0.96073495098468
2026-09-10 07:15:00,WTG-003,559.919274632429,7.958578727432953,22.864532725268642,0.7120157625234129
2026-09-10 07:30:00,WTG-003,1426.6135776586711,10.712343349431539,21.184813477070602,1.1087347952281807
2026-09-10 07:45:00,WTG-003,738.8075741525005,8.844970748511173,22.984020385776144,0.8260394433167698
2026-09-10 08:00:00,WTG-003,302.11313401071976,6.524008688249543,21.92646811499852,0.7158992140066844
2026-09-10 08:15:00,WTG-003,894.3965080398762,9.33831315253192,22.143506908172967,1.1042671348767192
2026-09-10 08:30:00,WTG-003,296.72089377688894,5.79919538447697,23.041998779815753,0.6011395819938554
2026-09-10 08:45:00,WTG-003,293.4796376588577,6.405495606074407,23.067022741466094,0.721153793433617
2026-09-10 09:00:00,WTG-003,89.92821594026393,4.476167484752796,23.192702755594702,0.4524125602478532
2026-09-10 09:15:00,WTG-003,656.2279091060032,8.240608660889968,25.60912065563561,0.813484966252657
2026-09-10 09:30:00,WTG-003,1427.1439887875586,10.642697285152707,25.3835974723763,1.0064123192921057
2026-09-10 09:45:00,WTG-003,615.5964416431497,8.045388500289487,23.04525432823092,0.7953253493580579
2026-09-10 10:00:00,WTG-003,450.41185063435694,6.898880623640878,25.2448403202798,0.7184322255488303
2026-09-10 10:15:00,WTG-003,354.2862419582882,6.721678478922946,24.173679844132902,0.6593306322236426
2026-09-10 10:30:00,WTG-003,813.7634885984577,8.97966111826214,23.914585881444953,0.8994862454623453
2026-09-10 10:45:00,WTG-003,606.1901431520866,7.933733203478948,22.889623825594395,0.9157088298083995
2026-09-10 11:00:00,WTG-003,278.1735333773217,6.516558762872286,24.29376025733241,0.61741813696995
2026-09-10 11:15:00,WTG-003,295.49340408699214,6.386355233584661,22.96200346609283,0.7396832373151943
2026-09-10 11:30:00,WTG-003,496.46856107683726,7.686979858571861,24.109615885290385,0.7520957380071597
2026-09-10 11:45:00,WTG-003,182.29335252363927,5.074821480190938,24.006183028658448,0.5421164726975409
2026-09-10 12:00:00,WTG-003,493.15801136180545,7.65860311247721,26.494143839084018,0.6583934563178407
2026-09-10 12:15:00,WTG-003,680.4828169860896,8.532611854842965,23.94338155966656,1.006888343160239
2026-09-10 12:30:00,WTG-003,0.0,2.5807051437862443,24.36127619372026,0.21241004325767432
2026-09-10 12:45:00,WTG-003,325.2236434968948,6.924826393740666,25.484462449194613,0.681372446724997
2026-09-10 13:00:00,WTG-003,123.1726241662447,4.407454720096977,25.003630700342637,0.4339034536046713
2026-09-10 13:15:00,WTG-003,343.2381957306526,7.441838024530785,25.33954296304283,0.6807823741319174
2026-09-10 13:30:00,WTG-003,457.2787232080864,6.377908514586273,24.65309919965992,0.576080154736474
2026-09-10 13:45:00,WTG-003,0.0,2.990002530480778,23.327256604042272,0.3155843748211955
2026-09-10 14:00:00,WTG-003,88.18592358830264,3.1543665212098033,23.850786344460552,0.32490701742862443
2026-09-10 14:15:00,WTG-003,33.31800670054903,2.7872317037934784,23.82680874870024,0.24409266580739986
2026-09-10 14:30:00,WTG-003,0.0,2.5878215423656665,24.031676377243393,0.2279016935641467
2026-09-10 14:45:00,WTG-003,0.0,3.8775718018815404,22.535001515110828,0.4561629885232998
2026-09-10 15:00:00,WTG-003,298.82972529783177,6.207594258285772,24.675059420269687,0.6090773047337961
2026-09-10 15:15:00,WTG-003,33.45094296444372,1.5993670180342896,23.632197422791737,0.24899441517832727
2026-09-10 15:30:00,WTG-003,60.71781150802254,1.0510454712970034,21.344547970062287,0.10094604554401067
2026-09-10 15:45:00,WTG-003,170.72121427660088,4.925459292081612,22.18922968343848,0.5422342693244457
2026-09-10 16:00:00,WTG-003,106.33050010500402,4.958382873568483,20.638958682987152,0.5167154595679955
2026-09-10 16:15:00,WTG-003,0.0,2.476236247215554,21.155881215181036,0.2525473212068436
2026-09-10 16:30:00,WTG-003,124.81759148259451,4.5869628235127,22.795194690716105,0.3395510898646938
2026-09-10 16:45:00,WTG-003,0.0,3.058019558872259,20.77819447934792,0.33575386730837664
2026-09-10 17:00:00,WTG-003,67.17243775178261,1.0163192189049228,21.846104516180823,0.18577545586397073
2026-09-10 17:15:00,WTG-003,19.949021099315587,2.563314589397949,19.499272565082187,0.2224314990920644
2026-09-10 17:30:00,WTG-003,0.0,2.953232082081511,20.08397744712556,0.3211762482818018
2026-09-10 17:45:00,WTG-003,56.19243455881413,1.968100887913991,23.211761790547797,0.1881051144759745
2026-09-10 18:00:00,WTG-003,61.816507586031385,3.8381867692602034,20.556981288135383,0.3791807237198585
2026-09-10 18:15:00,WTG-003,0.0,0.0,20.245586384469135,-0.07131774091139036
2026-09-10 18:30:00,WTG-003,0.0,2.578571142648817,20.52275692070857,0.34072330391209615
2026-09-10 18:45:00,WTG-003,41.64293618691555,3.0649106139744178,17.8244365009391,0.3030082977995114
2026-09-10 19:00:00,WTG-003,69.94997035651913,4.750252465793023,18.562922823728652,0.4667005088039118
2026-09-10 19:15:00,WTG-003,0.0,0.7909806524283525,18.260797211004974,0.07789890259699345
2026-09-10 19:30:00,WTG-003,100.69896481073792,3.8835398663638543,18.072063770075047,0.4380415144600401
2026-09-10 19:45:00,WTG-003,120.70429102922941,4.940316941940523,17.03163953837209,0.509417037503347
2026-09-10 20:00:00,WTG-003,0.0,3.816849682296951,18.284524058997025,0.3686716217436543
2026-09-10 20:15:00,WTG-003,378.3486568941773,6.046394630306313,16.589167850370703,0.6273326555250763
2026-09-10 20:30:00,WTG-003,183.40449827245504,4.680319517497644,17.765163517979822,0.48462558066061623
2026-09-10 20:45:00,WTG-003,144.33177725733032,3.3104985213910147,17.121355250984134,0.27004647888296734
2026-09-10 21:00:00,WTG-003,94.04834388886266,3.781027437701158,15.0740165378054,0.45027505562337894
2026-09-10 21:15:00,WTG-003,623.2733011671437,7.977942143095655,15.279245395813222,0.8166750605632149
2026-09-10 21:30:00,WTG-003,96.25210855074309,3.580739394378142,15.569263352297481,0.39451957017489253
2026-09-10 21:45:00,WTG-003,365.4445952661108,6.905729736590908,15.392429884859377,0.6270107716171067
2026-09-10 22:00:00,WTG-003,104.71605223428928,4.518940391344037,15.879626468767274,0.3837247347663761
2026-09-10 22:15:00,WTG-003,0.0,2.7330028687322563,14.312604885995627,0.26191290668590417
2026-09-10 22:30:00,WTG-003,96.9098886096091,5.383431951104341,14.668992139450411,0.48824080698599603
2026-09-10 22:45:00,WTG-003,68.48236524311537,4.069101714899189,17.348562543526164,0.3542471678142217
2026-09-10 23:00:00,WTG-003,180.5041352305583,5.5062581522563105,16.678038456161786,0.6253602995971471
2026-09-10 23:15:00,WTG-003,168.9313813867694,5.033975996044887,16.170939898798252,0.4677826716838901
2026-09-10 23:30:00,WTG-003,80.41923069085831,4.501203991396316,15.252819673349565,0.400636187051025
2026-09-10 23:45:00,WTG-003,101.50213129485306,5.247811601500232,15.018735283649193,0.5393397219982337
2026-09-11 00:00:00,WTG-003,204.38706919448435,5.7538890172243375,13.379376310941486,0.6479863952242874
2026-09-11 00:15:00,WTG-003,86.40881131615119,4.780439014986806,14.085331911783308,0.5391299976983775
2026-09-11 00:30:00,WTG-003,1511.0585489909113,10.98925250059288,14.688939899041756,1.1303288200538895
2026-09-11 00:45:00,WTG-003,155.54949767557486,5.342975430871498,15.385856546625273,0.5675294537611434
2026-09-11 01:00:00,WTG-003,829.6687331729383,8.625299190125649,14.14569129828675,0.8724667707052498
2026-09-11 01:15:00,WTG-003,243.00997841873468,6.1920227712030425,16.327714378784005,0.7025076675494519
2026-09-11 01:30:00,WTG-003,433.101797425988,6.918046560995475,16.763016579235625,0.683082669005038
2026-09-11 01:45:00,WTG-003,1289.9884385331698,10.456546453418262,14.249196787354569,1.0709285887440718
2026-09-11 02:00:00,WTG-003,916.3071061986528,9.11893271153561,15.795084649648638,0.8451649471491194
2026-09-11 02:15:00,WTG-003,239.7678406495915,5.224396078231489,14.657838625808033,0.5689874079560892
2026-09-11 02:30:00,WTG-003,969.4483611819131,9.507871196993438,13.77415062579135,0.9301813254932412
2026-09-11 02:45:00,WTG-003,857.5602062288111,9.207879991495426,16.629359870362418,0.9398731027203737
2026-09-11 03:00:00,WTG-003,1300.234059713865,10.53762378443268,17.19110505970911,1.0273964192577694
2026-09-11 03:15:00,WTG-003,686.6437695190015,8.6667938098335,16.81959349700745,0.8090324669634027
2026-09-11 03:30:00,WTG-003,789.7736547335566,8.73633794306847,16.041616762453565,0.9289577478757534
2026-09-11 03:45:00,WTG-003,984.3791236564642,9.641592860445304,17.454345398587122,0.9048756987065232
2026-09-11 04:00:00,WTG-003,707.3420064512516,8.569571862919974,18.44424046247902,0.7826088629785904
2026-09-11 04:15:00,WTG-003,1220.6381129288413,10.084503456234945,18.486028122190973,1.04879003182257
2026-09-11 04:30:00,WTG-003,1994.2953381886432,12.438195590409126,19.025143746663012,1.2499886151379693
2026-09-11 04:45:00,WTG-003,667.343346612812,8.223085782721238,20.0412695885539,0.8553508443984841
2026-09-11 05:00:00,WTG-003,904.9141963199068,9.14637271573088,19.56784385214054,0.9625019412577485
2026-09-11 05:15:00,WTG-003,880.7148140896539,9.143524975077845,20.051094802628903,0.9586968566300379
2026-09-11 05:30:00,WTG-003,647.3492424935365,8.177647046884712,20.102533882814587,0.8831229659442676
2026-09-11 05:45:00,WTG-003,297.02996985418423,6.659748048575199,19.79076268762962,0.6663702111296266
2026-09-11 06:00:00,WTG-003,910.7907045816542,9.451404282356519,19.706353620179172,0.9703010530648383
2026-09-11 06:15:00,WTG-003,1310.1748113890783,10.304320015182089,18.36057844340375,1.0797276549332357
2026-09-11 06:30:00,WTG-003,931.1827350850399,9.31420359036037,21.122889390083916,1.0877859088262734
2026-09-11 06:45:00,WTG-003,366.5444730988147,7.13583583576929,21.203415645026606,0.7182964723678338
2026-09-11 07:00:00,WTG-003,230.90817094120092,6.529896526400722,22.70010559330916,0.6409259999937073
2026-09-11 07:15:00,WTG-003,346.53997218367965,6.9345587158286115,22.625265191881464,0.6443899364264933
2026-09-11 07:30:00,WTG-003,1139.5454216041599,10.10340861866618,23.268944817478094,1.0069690723127978
2026-09-11 07:45:00,WTG-003,1386.9697117363469,10.339212867089593,23.223482911960147,1.06467847583974
2026-09-11 08:00:00,WTG-003,342.1271482239594,7.2301591056362025,22.77676045602511,0.7453913430707887
2026-09-11 08:15:00,WTG-003,1257.1428666632457,10.135821664118744,23.983806197834685,1.042023861037803
2026-09-11 08:30:00,WTG-003,762.2734765941268,8.92963448333678,22.764367978043378,0.8767502976767154
2026-09-11 08:45:00,WTG-003,1205.583468833804,9.908361284951162,22.591403480423573,1.0643390698537005
2026-09-11 09:00:00,WTG-003,420.7590711396217,7.24523528977101,22.96936188785501,0.6033426540797461
2026-09-11 09:15:00,WTG-003,460.2292030252516,7.153428644510388,25.037424392175765,0.6680668691118467
2026-09-11 09:30:00,WTG-003,843.4979781561059,9.028886478772355,23.82950359028862,0.8566591309808538
2026-09-11 09:45:00,WTG-003,246.03378589087248,6.464259401704016,23.623359894419817,0.624757041170195
2026-09-11 10:00:00,WTG-003,684.8770123497906,8.4066515730605,23.549517517892426,0.8812837688317361
2026-09-11 10:15:00,WTG-003,591.6280686972658,7.9783101228048725,25.02756953897977,0.7892079949527924
2026-09-11 10:30:00,WTG-003,292.16553754788094,6.052467896608986,25.00573608534122,0.5920615054140023
2026-09-11 10:45:00,WTG-003,561.071603767844,7.810791877355956,23.70429649106608,0.8754279382984121
2026-09-11 11:00:00,WTG-003,503.4986103642386,7.053343146061265,26.17231696810877,0.790689076297911
2026-09-11 11:15:00,WTG-003,67.64395995312161,3.626420152493923,25.890466395733558,0.3025054739055574
2026-09-11 11:30:00,WTG-003,108.23654879241354,5.249909272810901,26.245713638337048,0.6956373974153409
2026-09-11 11:45:00,WTG-003,406.4436844382873,6.670919683518857,25.151636953274068,0.8419582125392504
2026-09-11 12:00:00,WTG-003,112.77675916277317,4.74094509726978,24.874409565308575,0.424538844625842
2026-09-11 12:15:00,WTG-003,358.3379546187242,6.47466927669746,26.028829074213213,0.5842340160245915
2026-09-11 12:30:00,WTG-003,890.9378733208766,8.955563871107609,27.587948875450284,0.8970220862614763
2026-09-11 12:45:00,WTG-003,152.65642380834495,4.496456690702104,24.072667499821012,0.41350590317467995
2026-09-11 13:00:00,WTG-003,263.48839943093463,5.898929072527743,25.24178495333625,0.6527707844977906
2026-09-11 13:15:00,WTG-003,215.24702691662657,4.791423138804678,23.30622132678511,0.3969745444603093
2026-09-11 13:30:00,WTG-003,316.6044809909075,6.613566665370271,24.452309513636774,0.6778485964893826
2026-09-11 13:45:00,WTG-003,0.0,3.2064186393652907,23.023711754185545,0.2751969052089094
2026-09-11 14:00:00,WTG-003,0.0,3.662187126320647,23.52212704836554,0.3955582154622901
2026-09-11 14:15:00,WTG-003,65.34507060834694,4.314775944947981,23.17511289529219,0.3401220828946012
2026-09-11 14:30:00,WTG-003,12.28876021829555,3.3153036978145507,23.92773609839298,0.30331670393826615
2026-09-11 14:45:00,WTG-003,127.02492050067109,5.067462769791225,23.728474910832794,0.5723302104753156
2026-09-11 15:00:00,WTG-003,41.86542947469957,4.863985048734433,23.894434305431346,0.4712166427485551
2026-09-11 15:15:00,WTG-003,75.01744863430628,4.164531793048867,24.32624068228682,0.45023008381971136
2026-09-11 15:30:00,WTG-003,70.2977499921769,0.9077922909349261,23.787979086046324,0.14004434593301598
2026-09-11 15:45:00,WTG-003,87.26444842257983,3.1726123901864844,24.365382064385567,0.2576178260602076
2026-09-11 16:00:00,WTG-003,31.57222026071676,3.138816723449821,23.719525083655434,0.3426177596207236
2026-09-11 16:15:00,WTG-003,70.8299190993384,3.5495329217234897,23.575292952817115,0.4122800737726631
2026-09-11 16:30:00,WTG-003,35.690311580383806,1.4810421005325693,18.368644406363583,0.21085416929564788
2026-09-11 16:45:00,WTG-003,5.428549070212939,0.0,20.294600386899013,0.02831132414346022
2026-09-11 17:00:00,WTG-003,0.0,2.9566725867538586,22.30370166001112,0.31095977812128167
2026-09-11 17:15:00,WTG-003,81.03411824562417,2.500064331196365,21.25637597764679,0.3359015960880943
2026-09-11 17:30:00,WTG-003,233.79761249481385,5.5102622138690105,19.49766717496471,0.5175741012861749
2026-09-11 17:45:00,WTG-003,51.61833709829261,2.844623059086361,20.59523278412278,0.25886108132860547
2026-09-11 18:00:00,WTG-003,141.86995296916356,4.728468611737483,20.96272517181943,0.4131346611771191
2026-09-11 18:15:00,WTG-003,97.02148769491023,4.464177927453198,19.36246607117464,0.45560008545046227
2026-09-11 18:30:00,WTG-003,69.4834485286252,4.190281987384031,17.96803818877895,0.3568399720595149
2026-09-11 18:45:00,WTG-003,194.42400541734256,5.211099718125156,20.688221678003174,0.4641697384284057
2026-09-11 19:00:00,WTG-003,77.86010448322767,4.801103714354877,18.469015203571924,0.44791059909787645
2026-09-11 19:15:00,WTG-003,32.52743093122314,2.0882978300318453,19.24495554596573,0.23384951711735194
2026-09-11 19:30:00,WTG-003,79.80082370399462,1.8271081062503494,18.331638631886726,0.25047720257244577
2026-09-11 19:45:00,WTG-003,325.8690174210611,6.3183281793298285,18.703337897539416,0.6086301505340539
2026-09-11 20:00:00,WTG-003,123.54320748486762,4.280760886934008,18.116513300773516,0.46112216801534306
2026-09-11 20:15:00,WTG-003,157.59740778333367,4.027007436045307,17.513870195222008,0.4175922541368301
2026-09-11 20:30:00,WTG-003,179.77523326062314,5.205736051071018,16.718502470371106,0.4719930522547907
2026-09-11 20:45:00,WTG-003,11.028443345853042,1.254923297984483,16.154136531548627,0.19411226048190727
2026-09-11 21:00:00,WTG-003,0.0,3.38017106500224,15.001814465150495,0.3915382051526826
2026-09-11 21:15:00,WTG-003,0.0,3.371780577331009,16.148300068363127,0.3847119120840557
2026-09-11 21:30:00,WTG-003,10.053433848811764,4.04745899825857,17.03869087029589,0.3929337521654171
2026-09-11 21:45:00,WTG-003,137.4018717533283,4.3732374034114425,15.704068568323011,0.49830842116715307
2026-09-11 22:00:00,WTG-003,259.173265297019,6.141672448749144,14.175728921010553,0.6344791923530022
2026-09-11 22:15:00,WTG-003,230.22831581054328,4.670186385933158,15.202371911184299,0.5131676580253683
2026-09-11 22:30:00,WTG-003,66.31035278821031,4.61197255645237,14.847598150288102,0.4724975224454079
2026-09-11 22:45:00,WTG-003,0.0,3.267108764005085,13.432134315122262,0.4389408066711159
2026-09-11 23:00:00,WTG-003,0.0,2.689990989863671,16.349570386789384,0.2416493658246261
2026-09-11 23:15:00,WTG-003,0.0,3.3509763312966108,16.24138376954037,0.30046998504619116
2026-09-11 23:30:00,WTG-003,509.2766958184962,7.578160225103544,16.40452321764985,0.752318399197528
2026-09-11 23:45:00,WTG-003,163.53925887077645,4.80723451006339,14.613295891681728,0.43527524586347466
2026-09-12 00:00:00,WTG-003,59.10816945137536,4.808867782651622,15.590518787869717,0.44872769200572016
2026-09-12 00:15:00,WTG-003,699.8553992342886,7.929261051482977,13.982268357893549,0.7399235359128158
2026-09-12 00:30:00,WTG-003,246.27251184438154,5.711892845161451,14.27508658047138,0.6335363385514607
2026-09-12 00:45:00,WTG-003,888.8228766810211,9.106019075477636,16.977867244405058,0.9071099610089236
2026-09-12 01:00:00,WTG-003,669.1130481156957,8.370720355708166,17.050255088785235,0.8110390522446651
2026-09-12 01:15:00,WTG-003,447.0460490008361,7.328696836585029,15.321758845389384,0.7606453619814136
2026-09-12 01:30:00,WTG-003,601.8853438904657,8.057682155832952,15.004348486948542,0.7801545235070133
2026-09-12 01:45:00,WTG-003,573.3999705409748,7.980823425508099,14.975406697050563,0.859605973062805
2026-09-12 02:00:00,WTG-003,315.7219707847605,6.181401569257648,16.09119282812021,0.6046168767585878
2026-09-12 02:15:00,WTG-003,1221.1650351431142,9.999008906058279,15.614450304366729,0.9751237404632525
2026-09-12 02:30:00,WTG-003,1050.513305602216,9.64509415270682,13.38385460782001,0.9494376678901886
2026-09-12 02:45:00,WTG-003,995.5920805329281,9.366289244521388,14.848526068061224,1.021153808024774
2026-09-12 03:00:00,WTG-003,826.0651211805165,8.789065729260788,18.624810629320834,0.9468679967353613
2026-09-12 03:15:00,WTG-003,570.5747901162312,8.01365357317004,16.577168940953758,0.7805139278389347
2026-09-12 03:30:00,WTG-003,712.6651297741819,8.201110516401277,16.39631453039622,0.9443378877087051
2026-09-12 03:45:00,WTG-003,770.6636730747621,8.41814147935367,18.109399152465045,0.7868725138123399
2026-09-12 04:00:00,WTG-003,403.8685029329689,6.375103055633122,18.46632633500362,0.5804185721695718
2026-09-12 04:15:00,WTG-003,760.833852738754,8.523553234696433,17.197137993127374,0.8708724428244496
2026-09-12 04:30:00,WTG-003,659.3725431435204,8.281381910009772,17.73639924350705,0.8362023886215804
2026-09-12 04:45:00,WTG-003,952.8221189037259,9.36283586223831,19.234604399294415,0.8421725410841528
2026-09-12 05:00:00,WTG-003,1353.3062635365663,10.46524840918216,18.0860052193901,1.0547364806669868
2026-09-12 05:15:00,WTG-003,591.7946057387632,7.970501605039818,17.3160573518493,0.8272715558472796
2026-09-12 05:30:00,WTG-003,987.5181382066411,9.240658999292533,19.636823496788008,0.8781975768633735
2026-09-12 05:45:00,WTG-003,1159.7254359014532,9.927682730017828,19.86778964682178,1.0075269863560066
2026-09-12 06:00:00,WTG-003,1208.640384560533,9.99947871659413,19.952393743214316,0.9929279230510089
2026-09-12 06:15:00,WTG-003,889.4443848976501,9.265625726903625,19.470381559935195,0.9691358142063342
2026-09-12 06:30:00,WTG-003,1127.88977989247,9.81117702530948,21.319166944759537,0.972192764191984
2026-09-12 06:45:00,WTG-003,1134.5765789447892,10.189216500442567,20.8320646380547,1.0063582133507167
2026-09-12 07:00:00,WTG-003,1049.411848441948,9.579997638055199,22.445755335034548,0.9381922234949271
2026-09-12 07:15:00,WTG-003,1123.8865995284518,9.615839916322482,21.090141491862077,0.9320988222557994
2026-09-12 07:30:00,WTG-003,298.06858785791735,6.420546813589384,22.00583889108231,0.6328026582762716
2026-09-12 07:45:00,WTG-003,935.2773786547125,9.510223775762775,23.057209849473683,0.921834166380821
2026-09-12 08:00:00,WTG-003,1060.4478647033563,9.843164832010833,22.27165533150284,0.9545010058922766
2026-09-12 08:15:00,WTG-003,1198.7362170285332,10.159930763173369,22.681843581951124,1.0497563694516108
2026-09-12 08:30:00,WTG-003,332.77185423142896,6.894029514136423,22.7474662820882,0.7507555515411927
2026-09-12 08:45:00,WTG-003,984.9754451262289,9.64526471604714,23.008055826786077,0.9067675449117862
2026-09-12 09:00:00,WTG-003,285.0678075127631,6.094088446074153,23.49202634954118,0.576012435176447
2026-09-12 09:15:00,WTG-003,405.3323316556662,6.667053749640992,23.891892269674056,0.648974147106908
2026-09-12 09:30:00,WTG-003,576.2573810784548,8.113003024097168,23.32898327311652,0.7822722758969188
2026-09-12 09:45:00,WTG-003,480.2465818708384,7.3887679750978394,24.614790151032885,0.7062685379890533
2026-09-12 10:00:00,WTG-003,1025.344389428304,9.642280570589895,24.566691072925956,0.8861190452662052
2026-09-05 10:00:00,WTG-004,268.1183236838107,5.5988921903394235,25.433272275091948,0.5345583016147945
2026-09-05 10:15:00,WTG-004,461.5484095085094,7.676857771919254,25.72515289047097,0.7946401736677112
2026-09-05 10:30:00,WTG-004,528.3134761745804,7.356387039050479,22.2295428413566,0.756213260015221
2026-09-05 10:45:00,WTG-004,1031.0190808119419,9.63884669310334,23.76871499862456,0.9218808880722674
2026-09-05 11:00:00,WTG-004,968.7848110726474,9.605171725409974,23.723329326638034,0.936962675193083
2026-09-05 11:15:00,WTG-004,132.3072877342676,5.171418784146403,25.967839401656466,0.37484673908111366
2026-09-05 11:30:00,WTG-004,364.32053552686205,7.078005090923298,22.216572231904642,0.7148220696543344
2026-09-05 11:45:00,WTG-004,254.08445822138557,6.19576972551613,24.50801715162906,0.6566381079136322
2026-09-05 12:00:00,WTG-004,287.9191564451701,6.452784649174534,25.711047583625483,0.7084260854008917
2026-09-05 12:15:00,WTG-004,273.0949221015602,6.468678705915546,23.750122829137524,0.7295265026743365
2026-09-05 12:30:00,WTG-004,140.16535279320766,4.956571399252552,23.171643019751222,0.5138245697250172
2026-09-05 12:45:00,WTG-004,72.79132325889687,3.982372366888583,23.786506171686003,0.3637951476021595
2026-09-05 13:00:00,WTG-004,15.285801282150729,4.755474554443816,25.048985840636128,0.48111143169958887
2026-09-05 13:15:00,WTG-004,154.3011979162829,5.288987138303169,24.664326749177373,0.61778424036538
2026-09-05 13:30:00,WTG-004,324.8342773981336,6.74277647027187,23.101294621537185,0.7287229746904308
2026-09-05 13:45:00,WTG-004,0.0,2.229107797646592,23.730977928079128,0.2442373990938783
2026-09-05 14:00:00,WTG-004,35.96473997042527,3.028785873482274,24.909528028695892,0.27473587092822793
2026-09-05 14:15:00,WTG-004,97.0618738009675,5.443522048819549,24.365942790026256,0.4816234656542263
2026-09-05 14:30:00,WTG-004,52.80891728294468,4.975941749422222,23.74009945482578,0.3994726350821157
2026-09-05 14:45:00,WTG-004,28.5283138840516,1.916893696032251,21.456492581507366,0.12005862417324463
2026-09-05 15:00:00,WTG-004,159.550151914191,5.172320770931801,24.081437342604495,0.4605103471080144
2026-09-05 15:15:00,WTG-004,14.51362029777603,4.368947753487829,23.553734748170697,0.3636060458857372
2026-09-05 15:30:00,WTG-004,43.65618636233122,1.2706511693240796,23.956845094338224,0.11235483082445463
2026-09-05 15:45:00,WTG-004,181.63494269655348,5.5450988086401045,22.321717059017935,0.5103079649896436
2026-09-05 16:00:00,WTG-004,105.21018939199362,3.004430061284886,22.693566736547265,0.2742975050677415
2026-09-05 16:15:00,WTG-004,13.054895779110787,2.81029469094452,22.241136840811727,0.28885556950068036
2026-09-05 16:30:00,WTG-004,15.724993056800763,1.0193938371320272,21.49639270236883,0.03354015886280942
2026-09-05 16:45:00,WTG-004,45.91948433138604,1.2215585442091337,23.387431408145233,0.1369213495007326
2026-09-05 17:00:00,WTG-004,0.0,2.8989254973304224,20.952527173497046,0.2853486498239306
2026-09-05 17:15:00,WTG-004,18.422336940371355,3.408971922209144,21.783360747383558,0.42381735161312867
2026-09-05 17:30:00,WTG-004,236.217669043789,5.289055267220233,20.510483441290514,0.5180556071169231
2026-09-05 17:45:00,WTG-004,0.0,1.1876877198848566,21.49609435491709,0.05339940450217617
2026-09-05 18:00:00,WTG-004,0.0,0.7832717400544622,20.352911587943833,0.05334366047290625
2026-09-05 18:15:00,WTG-004,41.70192527021831,0.3294113741089708,18.633732482996564,0.1527217214576267
2026-09-05 18:30:00,WTG-004,0.0,1.87810230914211,17.744769079593887,0.2254867275267406
2026-09-05 18:45:00,WTG-004,79.56258050101349,4.160146878846062,19.98177194683283,0.4728862126831974
2026-09-05 19:00:00,WTG-004,146.26539831476674,4.359072023678563,18.954425432160747,0.5188283876371437
2026-09-05 19:15:00,WTG-004,0.0,2.460112895190874,18.875129741813137,0.13805898133050232
2026-09-05 19:30:00,WTG-004,53.70019602784013,3.2825422982785666,18.062722557192128,0.30564425647653204
2026-09-05 19:45:00,WTG-004,79.07428387200734,2.2341901355339875,18.988839245364705,0.22836865102657863
2026-09-05 20:00:00,WTG-004,0.0,2.831751482241907,16.965413579405215,0.20251113066622978
2026-09-05 20:15:00,WTG-004,80.16294750054266,3.861443514980713,16.627353505934106,0.42242846317276966
2026-09-05 20:30:00,WTG-004,140.61730807357623,4.070945963905981,16.780941036899776,0.45307490117578064
2026-09-05 20:45:00,WTG-004,142.4958527354737,5.490190786764288,16.96791617393234,0.5246630376222379
2026-09-05 21:00:00,WTG-004,0.0,2.3414863556951486,17.510468243129647,0.23506753433778127
2026-09-05 21:15:00,WTG-004,0.0,3.277699035041312,17.02556119836675,0.40498207399258795
2026-09-05 21:30:00,WTG-004,0.0,3.695211792853133,15.045325006071074,0.34056652375958124
2026-09-05 21:45:00,WTG-004,120.09111948636743,5.4322273321221655,15.1034768003039,0.4557589329483307
2026-09-05 22:00:00,WTG-004,93.4378328565329,3.1529307720691815,16.487629996707657,0.2506241407112366
2026-09-05 22:15:00,WTG-004,158.87590677244373,4.8612734933830435,15.662085836943598,0.46051612571958844
2026-09-05 22:30:00,WTG-004,217.4833482381961,5.389922188812699,16.927983915595643,0.52778127390662
2026-09-05 22:45:00,WTG-004,140.859238964276,5.542772087846295,14.838404508337895,0.548731927868359
2026-09-05 23:00:00,WTG-004,378.72519177123985,7.390131387032343,15.068209607962457,0.6944645411311308
2026-09-05 23:15:00,WTG-004,265.3240517917281,5.789072926368596,15.098892299305101,0.5913662364260835
2026-09-05 23:30:00,WTG-004,759.9563013961324,8.524129382308713,14.856502829536618,0.8442132957738859
2026-09-05 23:45:00,WTG-004,350.7943673245378,6.818355780084445,16.141827014563795,0.585344681721156
2026-09-06 00:00:00,WTG-004,11.41641051975214,3.2322213419271324,16.675847321765563,0.31669045728318657
2026-09-06 00:15:00,WTG-004,328.0530920441433,6.4284933233726305,14.316844760204855,0.7492142279638235
2026-09-06 00:30:00,WTG-004,247.60223837292838,6.20939527700381,15.144954249672274,0.593197119310252
2026-09-06 00:45:00,WTG-004,331.18597480167455,6.532743864894783,14.863522925624848,0.6590132147870177
2026-09-06 01:00:00,WTG-004,208.00245496852958,5.459380141441019,15.481217504645274,0.5034801367130504
2026-09-06 01:15:00,WTG-004,1589.0711749601378,11.050240107265795,15.799670431489467,1.1453593033444032
2026-09-06 01:30:00,WTG-004,369.1229527015084,6.764130835293331,15.897624141114914,0.6255398919464783
2026-09-06 01:45:00,WTG-004,1220.638161693876,10.2739561411988,15.297040997733111,1.1001798066118054
2026-09-06 02:00:00,WTG-004,357.9606168735967,6.482946751618208,15.450893489727171,0.5487483783348931
2026-09-06 02:15:00,WTG-004,1021.8992153521655,9.4988284700633,14.78363742587097,1.0002989751843216
2026-09-06 02:30:00,WTG-004,280.10019566706643,6.142902420975371,16.63173257639587,0.5785099382357268
2026-09-06 02:45:00,WTG-004,906.4095531533551,9.108771374433003,16.059467131043014,0.8816572542353178
2026-09-06 03:00:00,WTG-004,144.01696887214274,5.716029043337855,18.019765659586902,0.5347297664312384
2026-09-06 03:15:00,WTG-004,813.8807238368395,9.199324132237871,18.81697790414972,0.9255082346633283
2026-09-06 03:30:00,WTG-004,525.9695340692451,7.390303374474648,16.806550171212127,0.7088442904635641
2026-09-06 03:45:00,WTG-004,392.73193023247666,7.056836786680254,17.34743338880798,0.7312412548591813
2026-09-06 04:00:00,WTG-004,721.0855556303577,8.135850058228215,16.500962987181516,0.9475690248691888
2026-09-06 04:15:00,WTG-004,1079.004215225602,9.903704927690834,17.256921902966297,0.9313836259609324
2026-09-06 04:30:00,WTG-004,529.4250066278721,8.186913555854721,19.33870912874842,0.8682517337718465
2026-09-06 04:45:00,WTG-004,983.0922782675102,9.709733405950002,19.079473579770283,0.9291094163195797
2026-09-06 05:00:00,WTG-004,897.4085564199308,9.123423623491451,18.66742035979115,0.9242977693393344
2026-09-06 05:15:00,WTG-004,1171.224229382259,9.96472919676342,19.143532656000964,1.0251845512910311
2026-09-06 05:30:00,WTG-004,1357.9276107882874,10.522365010928587,17.356851234522985,1.06153430218319
2026-09-06 05:45:00,WTG-004,1114.0680627599065,9.763078775434169,20.17804618696324,0.9659712672977536
2026-09-06 06:00:00,WTG-004,1271.5980763119555,10.383916606906716,18.132973025156602,1.1433946914830144
2026-09-06 06:15:00,WTG-004,873.0962788121254,9.010726779137743,20.677709774208783,0.9606290808556794
2026-09-06 06:30:00,WTG-004,666.1251027248952,8.016015441084328,20.538035987894947,0.7652213512432725
2026-09-06 06:45:00,WTG-004,905.7960236944159,9.24904116136358,21.711705474441594,0.9124163859548523
2026-09-06 07:00:00,WTG-004,750.9188072101766,8.983270617048579,21.622964626297236,0.9994305904528903
2026-09-06 07:15:00,WTG-004,723.8006857346641,8.346771651166552,22.205649486333158,0.9442151933217557
2026-09-06 07:30:00,WTG-004,808.2972814714954,8.628923739046625,23.911280871693982,0.9038810927756389
2026-09-06 07:45:00,WTG-004,407.08602593794143,7.074882234528018,22.001319458680044,0.7445251117692469
2026-09-06 08:00:00,WTG-004,377.9573304246371,6.833680656932297,22.00266626535029,0.5599018586602411
2026-09-06 08:15:00,WTG-004,404.9304377662963,7.014916188103893,23.228245909601533,0.8169051504717181
2026-09-06 08:30:00,WTG-004,979.0180935650628,9.442139117665947,22.991537338851828,0.908834991916874
2026-09-06 08:45:00,WTG-004,641.5157734788185,8.117461003997628,22.618317004003828,0.874711817927096
2026-09-06 09:00:00,WTG-004,691.0316244495139,8.46368482105657,22.506029594824103,0.8156965953167018
2026-09-06 09:15:00,WTG-004,772.421720878768,8.299837124378065,22.950487870839133,0.8950282834458146
2026-09-06 09:30:00,WTG-004,1378.8089976639083,10.588247928168165,23.65825086310411,1.0227756475103833
2026-09-06 09:45:00,WTG-004,380.3511400196471,6.798059675578194,24.209274812919798,0.6380283261574164
2026-09-06 10:00:00,WTG-004,874.0106107649481,9.177704676071508,23.884378170290336,0.9008140232032427
2026-09-06 10:15:00,WTG-004,570.991687281552,7.538575001146806,23.233923979804633,0.7634094341748169
2026-09-06 10:30:00,WTG-004,515.5939711531125,7.500026604756228,25.560239002656648,0.8089640429197191
2026-09-06 10:45:00,WTG-004,651.8933206851455,7.705733800898533,24.13808236707556,0.8060843121856914
2026-09-06 11:00:00,WTG-004,353.47575563517336,6.173398057963963,24.693380748275484,0.6318439889304172
2026-09-06 11:15:00,WTG-004,181.78438991583278,5.526320367918261,26.568858511625315,0.561806093883552
2026-09-06 11:30:00,WTG-004,287.2719244936354,6.5775461793287215,23.48515857202229,0.6678915928164939
2026-09-06 11:45:00,WTG-004,373.35972791803044,7.578430951091464,24.202337005062322,0.7000550690376603
2026-09-06 12:00:00,WTG-004,48.083687463012424,3.9579804150362206,25.683822893587752,0.36768335017448184
2026-09-06 12:15:00,WTG-004,61.37099609477244,4.087752719790987,25.463242452276116,0.42741199425526727
2026-09-06 12:30:00,WTG-004,135.36169004880045,4.651938880552177,24.024879284888538,0.45266739464854927
2026-09-06 12:45:00,WTG-004,27.681848527097795,2.7455609846882107,21.600247952203446,0.31894627969681644
2026-09-06 13:00:00,WTG-004,407.08580999086735,6.903592164484239,24.876534708491803,0.6697233715767358
2026-09-06 13:15:00,WTG-004,207.04891870975106,3.6736531234922363,25.34129297360713,0.3479308928945779
2026-09-06 13:30:00,WTG-004,280.0156698736893,6.283183812957556,22.40304188634893,0.5258547066508
2026-09-06 13:45:00,WTG-004,177.65360438757688,4.923718840234489,26.96486587764496,0.4671694564737266
2026-09-06 14:00:00,WTG-004,35.644676134546174,4.662815842566606,25.136590827930135,0.503422461444918
2026-09-06 14:15:00,WTG-004,0.0,2.5365013985071716,25.081998470232012,0.2260283613896228
2026-09-06 14:30:00,WTG-004,0.0,3.352328875868941,24.24212353918883,0.2526128410010523
2026-09-06 14:45:00,WTG-004,64.98044929809734,4.890251555970933,25.117940022189774,0.53839883065592
2026-09-06 15:00:00,WTG-004,101.70489771545087,5.025832251685061,24.695675777789912,0.47954842118717506
2026-09-06 15:15:00,WTG-004,0.0,0.8060379284929713,23.693648430828695,-0.016248885234967037
2026-09-06 15:30:00,WTG-004,37.85948300533082,3.1107692371696656,24.898319865496084,0.23931557070082715
2026-09-06 15:45:00,WTG-004,0.0,2.591540750329533,23.851675242699464,0.3045526978129382
2026-09-06 16:00:00,WTG-004,125.79145416108639,3.1997745910440587,23.549207049103924,0.2993624527667805
2026-09-06 16:15:00,WTG-004,0.0,2.0036835196063576,20.869926956887024,0.1550305261193319
2026-09-06 16:30:00,WTG-004,56.226512259913136,3.5821829665106186,21.147009610140078,0.30547993240140187
2026-09-06 16:45:00,WTG-004,65.89276954137257,1.9104183825708987,25.001155828085384,0.2734480170685058
2026-09-06 17:00:00,WTG-004,73.40482241595352,2.7372422059278847,20.55069441782063,0.19102446906842036
2026-09-06 17:15:00,WTG-004,7.0484745417143975,2.6934263691947793,20.562060820842422,0.21783018086668954
2026-09-06 17:30:00,WTG-004,91.18678819222134,2.4601400825331226,19.87615028189187,0.20754408629623972
2026-09-06 17:45:00,WTG-004,267.118118567177,6.401842450896702,20.832238919012664,0.6491231783908881
2026-09-06 18:00:00,WTG-004,0.0,0.0,22.263736760125504,-0.053426564979331265
2026-09-06 18:15:00,WTG-004,35.916042316529236,2.9977697941671,20.704543567702675,0.31395762707950037
2026-09-06 18:30:00,WTG-004,11.948019611557466,1.8652642929964998,20.224771302184678,0.2630548925244597
2026-09-06 18:45:00,WTG-004,246.9976104381393,5.911457013424598,18.053197109453958,0.6190754547270115
2026-09-06 19:00:00,WTG-004,73.61019817748058,2.543525254235859,18.907127364507,0.27850611700846273
2026-09-06 19:15:00,WTG-004,0.0,0.7604246133116961,17.765986510842076,0.07583385672723526
2026-09-06 19:30:00,WTG-004,31.715093107731825,2.57872276356829,18.493416066133427,0.1921678807847551
2026-09-06 19:45:00,WTG-004,0.0,2.0338552367901643,17.660821611131116,0.2439653083048902
2026-09-06 20:00:00,WTG-004,208.62695652635344,5.1379253590074825,17.999119246920866,0.4793910856365
2026-09-06 20:15:00,WTG-004,129.82006607323163,3.889035885309197,18.010689962387442,0.27967541540614166
2026-09-06 20:30:00,WTG-004,101.78085035233669,3.1335054967987293,15.566053629436693,0.3262396280030586
2026-09-06 20:45:00,WTG-004,144.42652650468557,5.833273937447892,17.491441675484495,0.6290243526997087
2026-09-06 21:00:00,WTG-004,90.14250793847224,4.391738064805455,16.369812125779166,0.5541617987913294
2026-09-06 21:15:00,WTG-004,23.257711301718583,1.5411957712712905,15.684566227952043,0.30527240028586655
2026-09-06 21:30:00,WTG-004,306.07217847960794,6.790303396505935,15.534939430742075,0.6807544320098716
2026-09-06 21:45:00,WTG-004,51.68178588824961,3.9568281887906056,15.863222177683323,0.4017869336811131
2026-09-06 22:00:00,WTG-004,69.65301465466806,3.7269426988710115,13.940607411542963,0.3695343332438199
2026-09-06 22:15:00,WTG-004,96.28363228685146,4.381325365674365,15.198599027588273,0.41480395945083165
2026-09-06 22:30:00,WTG-004,9.729972404063524,3.832908965068289,14.656949846154506,0.3403520892464641
2026-09-06 22:45:00,WTG-004,11.99138119285233,4.017857176908392,15.817005553012624,0.41095741130058033
2026-09-06 23:00:00,WTG-004,321.3363599406109,6.8001482715053685,15.818079856307147,0.7483105289361819
2026-09-06 23:15:00,WTG-004,122.94364722427156,3.9741685909348043,15.87170523996293,0.4248762175581113
2026-09-06 23:30:00,WTG-004,0.0,2.316373637752977,14.439831285814206,0.22765716294429048
2026-09-06 23:45:00,WTG-004,22.155421959877387,3.9223745562090797,15.129424483073425,0.43528447426614997
2026-09-07 00:00:00,WTG-004,457.4036651849005,7.341224570023792,15.12453055361269,0.7405431666214218
2026-09-07 00:15:00,WTG-004,331.5466270022341,6.333757903781252,14.237481429149812,0.6711719822789044
2026-09-07 00:30:00,WTG-004,38.65147863735338,4.649840292415169,13.760655027216266,0.44050472079030023
2026-09-07 00:45:00,WTG-004,66.39667421804701,4.397467923170131,14.329399689571494,0.4680363559671137
2026-09-07 01:00:00,WTG-004,249.50812660608864,5.9093363763859745,13.293700783373271,0.5674056632312302
2026-09-07 01:15:00,WTG-004,411.6486257804181,6.89541547554654,14.920518049599597,0.5936505780364018
2026-09-07 01:30:00,WTG-004,205.30372477605198,5.949206364951673,17.44398185803442,0.6256805876879543
2026-09-07 01:45:00,WTG-004,443.6847838374979,7.2113112763045635,14.567440652676465,0.7904131732570457
2026-09-07 02:00:00,WTG-004,309.8396060389645,6.265915749512192,14.386671329741569,0.682381063217149
2026-09-07 02:15:00,WTG-004,517.6491445080446,7.8388173285917055,17.227126146647134,0.7678822107634163
2026-09-07 02:30:00,WTG-004,1144.8811573507764,10.145275750367759,14.915744416661887,0.9411351402869433
2026-09-07 02:45:00,WTG-004,568.0035907371454,7.802501043744549,14.334740667684429,0.8083785649062792
2026-09-07 03:00:00,WTG-004,480.24177056421667,7.5220306779244686,17.88656302523806,0.6981388684159857
2026-09-07 03:15:00,WTG-004,697.8963909257623,8.661740210375484,17.323129959536054,0.8850018254244987
2026-09-07 03:30:00,WTG-004,193.18602366668972,5.762900391857633,16.716875038638666,0.6180452596577661
2026-09-07 03:45:00,WTG-004,396.6199457107051,6.950871372180448,16.615881128651846,0.7540603728138593
2026-09-07 04:00:00,WTG-004,951.7364535249411,9.408501763211754,15.898398269674153,0.9163134284176656
2026-09-07 04:15:00,WTG-004,1089.7810534801965,9.681202213499203,19.41582095685981,1.018935281889805
2026-09-07 04:30:00,WTG-004,941.2673475026987,9.343435981680173,18.071709236297227,0.9281878763371462
2026-09-07 04:45:00,WTG-004,543.7812693264475,7.890063952072411,17.478425782723786,0.7679287327598874
2026-09-07 05:00:00,WTG-004,993.159243864526,9.443503519162409,19.753251209457513,0.8868191241861515
2026-09-07 05:15:00,WTG-004,701.451111477933,8.440382719197368,18.653544991749165,0.8747386527973134
2026-09-07 05:30:00,WTG-004,613.6250564256327,8.310893470985548,17.763805363988844,0.8173767985562517
2026-09-07 05:45:00,WTG-004,828.9878877646398,9.264172791955176,20.207528916476434,0.8757652545110184
2026-09-07 06:00:00,WTG-004,251.63170743691757,6.011923826581056,20.94885706335706,0.6225932075619787
2026-09-07 06:15:00,WTG-004,921.7517178835644,9.227946298762975,20.848190062142578,1.0045382930888447
2026-09-07 06:30:00,WTG-004,772.5506760414096,8.814615731269042,19.297300466987238,0.8871007268120013
2026-09-07 06:45:00,WTG-004,910.2769388724715,9.207633401071027,20.29823388105192,0.9722801509550049
2026-09-07 07:00:00,WTG-004,824.589769444071,9.177679163893448,20.19338398327488,0.8757991402018289
2026-09-07 07:15:00,WTG-004,637.123306522894,8.162896710777826,22.19287455990807,0.8402771097226353
2026-09-07 07:30:00,WTG-004,417.7668780421145,6.980982312432383,23.170872322302372,0.6180734747501131
2026-09-07 07:45:00,WTG-004,531.2346716957882,7.866547977957641,22.320364696289104,0.8454351275109474
2026-09-07 08:00:00,WTG-004,178.31089846227633,5.259034982924692,23.221948173671638,0.5054040282348788
2026-09-07 08:15:00,WTG-004,485.80980614928785,7.75219349523913,23.24459261197072,0.7339812098487937
2026-09-07 08:30:00,WTG-004,348.5282963391359,6.364323163964966,23.307504494511015,0.5888503780325097
2026-09-07 08:45:00,WTG-004,394.8110533445943,7.213037408713257,23.396765559154918,0.5993700212406429
2026-09-07 09:00:00,WTG-004,780.488614861737,8.95397927864137,24.578426790770976,0.8460845556937486
2026-09-07 09:15:00,WTG-004,1426.9342988779008,10.619618342093183,25.09387576973562,1.0500474483414162
2026-09-07 09:30:00,WTG-004,1424.0942689032381,10.584913936804535,22.794132274820576,1.0232445652703326
2026-09-07 09:45:00,WTG-004,108.46250568805216,4.703914611572241,24.66371665507755,0.47004603991483507
2026-09-07 10:00:00,WTG-004,219.83688432426615,5.275207156699165,22.786270017500016,0.5525778013205388
2026-09-07 10:15:00,WTG-004,551.2001622262051,7.674996833659117,25.603221915457382,0.7477030318680158
2026-09-07 10:30:00,WTG-004,9.929479055375339,3.941155763717536,23.522896822817223,0.359405894286182
2026-09-07 10:45:00,WTG-004,136.80704253308318,4.535754772031098,25.49403358328729,0.4128235891151863
2026-09-07 11:00:00,WTG-004,5.154932792407877,4.354452737636019,24.747583854173364,0.37818817819817363
2026-09-07 11:15:00,WTG-004,340.0948050115491,6.926900114523489,24.82363824529645,0.7648018272600078
2026-09-07 11:30:00,WTG-004,474.07943667390117,7.65393608468447,25.166840495328888,0.8039815635839184
2026-09-07 11:45:00,WTG-004,298.4368992307393,6.266056564720659,25.344715408728117,0.633665725360648
2026-09-07 12:00:00,WTG-004,366.17988403838353,7.514366971394085,23.032110206125903,0.7005410000062691
2026-09-07 12:15:00,WTG-004,265.31167390910343,5.9311193758649425,24.51380815510765,0.6722874195917083
2026-09-07 12:30:00,WTG-004,159.67983050731831,4.9400099567105835,25.578023299611704,0.5218585870139787
2026-09-07 12:45:00,WTG-004,217.13760805629016,4.685774471488941,24.367221994480975,0.49899006862573814
2026-09-07 13:00:00,WTG-004,266.8448926882019,6.200570448755495,24.109999244207597,0.5840546091246881
2026-09-07 13:15:00,WTG-004,67.00601948939266,3.3360858393827275,25.21839219915871,0.3430615543664168
2026-09-07 13:30:00,WTG-004,116.69747833211233,4.075436292062008,24.196413336670805,0.2855537517510849
2026-09-07 13:45:00,WTG-004,391.9329782437475,6.602474276792046,25.81284694264966,0.7197349181233083
2026-09-07 14:00:00,WTG-004,129.74973802244304,4.005522847617205,22.175585597235397,0.37060039123473376
2026-09-07 14:15:00,WTG-004,238.51865899602382,5.4607433690632,23.918856641900536,0.5554804917186257
2026-09-07 14:30:00,WTG-004,174.4980515100102,5.634544057046834,24.384919186530894,0.6265494653400684
2026-09-07 14:45:00,WTG-004,165.86782122596495,4.75628968541886,20.359731363412635,0.524769231501819
2026-09-07 15:00:00,WTG-004,104.5708600327036,4.530436758928302,24.313286256048624,0.44130765168739405
2026-09-07 15:15:00,WTG-004,92.34529712282941,4.64361088321314,23.734830473114265,0.5312673736975879
2026-09-07 15:30:00,WTG-004,173.48143105828046,4.912260424564234,24.658615316012103,0.4009759820473864
2026-09-07 15:45:00,WTG-004,241.512967102691,5.392828601842248,22.635319531342482,0.5467560748699325
2026-09-07 16:00:00,WTG-004,13.279579133858466,3.139988794072117,24.342426802493076,0.348639094249365
2026-09-07 16:15:00,WTG-004,164.65933408148499,3.5418680329165326,20.641893737119094,0.29838972725440954
2026-09-07 16:30:00,WTG-004,0.0,2.4225567379061115,21.834526648478164,0.2956846018372997
2026-09-07 16:45:00,WTG-004,0.0,2.5176346539031127,22.088209239498863,0.2857703376891638
2026-09-07 17:00:00,WTG-004,13.960644029179257,2.598322106192743,21.99183669023246,0.3174781822290898
2026-09-07 17:15:00,WTG-004,91.99614098930505,3.711946675017169,21.470932793940776,0.3023703409863486
2026-09-07 17:30:00,WTG-004,13.682832089542002,2.4329229793545104,20.66230554652023,0.17840007566918742
2026-09-07 17:45:00,WTG-004,0.0,1.892203519045299,20.556511007042914,0.19706840296808503
2026-09-07 18:00:00,WTG-004,61.764783727095406,1.818859799054319,20.425718276982867,0.21882560777494578
2026-09-07 18:15:00,WTG-004,74.03835804289707,4.508835971440712,20.67799063793711,0.4942644227746482
2026-09-07 18:30:00,WTG-004,282.65807992362744,5.887989197789205,19.954029031677376,0.5285439386762101
2026-09-07 18:45:00,WTG-004,150.6287511258924,4.79200241115624,18.673865070922986,0.5051590481102592
2026-09-07 19:00:00,WTG-004,12.666953904090015,1.7308123260230688,18.070953865744723,0.14585195917682578
2026-09-07 19:15:00,WTG-004,215.00154552576822,5.2601472275991465,16.830766462896285,0.570762930793397
2026-09-07 19:30:00,WTG-004,0.0,1.6611058661691847,18.55420751719449,0.20139608802930317
2026-09-07 19:45:00,WTG-004,216.19427706173568,5.4907900629826365,18.992316422164322,0.4824709326014549
2026-09-07 20:00:00,WTG-004,97.6820183458986,4.299081208085674,18.60936343472536,0.40491298443544194
2026-09-07 20:15:00,WTG-004,317.15384347881803,6.3107842551672615,16.78934483610681,0.6570467943895381
2026-09-07 20:30:00,WTG-004,90.98311526183511,3.0260217218215057,16.508119940919897,0.3043367734510739
2026-09-07 20:45:00,WTG-004,48.781317680832686,3.058895332145972,16.777931811707465,0.34474973769803624
2026-09-07 21:00:00,WTG-004,64.10440475871017,4.101342739206649,16.72240232547922,0.3658233154763066
2026-09-07 21:15:00,WTG-004,23.16898894085342,3.6050650812615324,19.212609340888516,0.3796345932553703
2026-09-07 21:30:00,WTG-004,25.33683110997292,3.9628639096582297,16.17644680599201,0.3505640475107843
2026-09-07 21:45:00,WTG-004,203.2380449804455,5.346790456253112,15.644640229894984,0.4708329178060118
2026-09-07 22:00:00,WTG-004,47.77923761399663,3.9705082041403026,14.729907075139137,0.40811694942551857
2026-09-07 22:15:00,WTG-004,119.03905176715054,3.3434333154659397,16.53791237311399,0.3435192690467041
2026-09-07 22:30:00,WTG-004,421.29823895586776,7.049736666060977,14.99454329470865,0.6727654267308547
2026-09-07 22:45:00,WTG-004,22.773072376676616,3.7306439836953014,15.52611300895732,0.4634303032306625
2026-09-07 23:00:00,WTG-004,87.20893084527687,4.787980048402156,14.002000860384516,0.48768879579495583
2026-09-07 23:15:00,WTG-004,200.08588469537221,5.731666001234251,15.288156799841666,0.5721625527782886
2026-09-07 23:30:00,WTG-004,255.06349430352256,5.973027898495798,16.861998577187325,0.6793226513154426
2026-09-07 23:45:00,WTG-004,80.0151282359043,4.1318290081912,16.228540292539027,0.4457188442750699
2026-09-08 00:00:00,WTG-004,165.4186479706193,5.4393379390968075,14.252454754243008,0.5999258450957987
2026-09-08 00:15:00,WTG-004,289.9353438198219,6.104900073682155,14.461473687677508,0.5338186897910397
2026-09-08 00:30:00,WTG-004,582.7557237873835,8.15231260826651,15.243409305826704,0.8753344859192399
2026-09-08 00:45:00,WTG-004,172.7612034074382,5.484893490673337,13.931610351732735,0.5888387000116075
2026-09-08 01:00:00,WTG-004,305.978640394587,6.268215873255083,14.84202066424279,0.6098161328587117
2026-09-08 01:15:00,WTG-004,467.10379938138476,7.504432198825288,15.006079816977689,0.7592695013711152
2026-09-08 01:30:00,WTG-004,259.4204366442749,6.540487672686978,15.402174834170397,0.6161161908183328
2026-09-08 01:45:00,WTG-004,397.1098292875605,6.976522749889062,16.01661299660133,0.7067188739865058
2026-09-08 02:00:00,WTG-004,1208.2209459270362,10.12332562535762,15.186439794455646,0.9310038877769723
2026-09-08 02:15:00,WTG-004,482.3728881296758,7.057731899649783,14.779251492459863,0.7159616818584136
2026-09-08 02:30:00,WTG-004,1587.2797616509133,11.243664233931373,16.001105170147834,1.0565026281355823
2026-09-08 02:45:00,WTG-004,650.2017539100771,8.34887722237757,15.729088630094124,0.8290416855382708
2026-09-08 03:00:00,WTG-004,315.0373931341068,6.952246148336625,16.346021573179613,0.6574697433736129
2026-09-08 03:15:00,WTG-004,1195.744195505923,10.095715261991796,17.234559327542335,1.0249830064050969
2026-09-08 03:30:00,WTG-004,672.7545306886612,8.465031446101762,14.824375363464107,0.7997707656882919
2026-09-08 03:45:00,WTG-004,602.7252329885084,8.286963376104378,18.875528240902213,0.8751381249430766
2026-09-08 04:00:00,WTG-004,1179.5956882043708,10.043030066603837,19.506232534196883,0.9677943048924499
2026-09-08 04:15:00,WTG-004,667.0368642228361,8.136330472967453,18.653411379660668,0.8311560861986118
2026-09-08 04:30:00,WTG-004,856.890049573736,8.986491205416586,16.820524712298347,0.9003354965311834
2026-09-08 04:45:00,WTG-004,1817.5675582834212,11.749453505832307,18.9387130306867,1.1656677498212826
2026-09-08 05:00:00,WTG-004,1214.0260962110272,10.157509954933316,17.69975352076999,1.0587302904540992
2026-09-08 05:15:00,WTG-004,634.7930956231456,8.25573071884371,19.72482636608093,0.7103712194258539
2026-09-08 05:30:00,WTG-004,365.2011367394087,6.941710102340386,18.341603774210252,0.6790742894420706
2026-09-08 05:45:00,WTG-004,787.289316951713,9.004662098469792,19.98066602072362,0.8063687051594954
2026-09-08 06:00:00,WTG-004,777.9903505767605,8.845452000669399,19.60782040226245,0.8172916123587025
2026-09-08 06:15:00,WTG-004,605.6071045637212,8.153713458985573,20.94969746085276,0.7779694402696108
2026-09-08 06:30:00,WTG-004,820.2487305926943,8.404669932685346,21.451894516280273,0.7102834068525481
2026-09-08 06:45:00,WTG-004,393.3093010910609,6.487730989616282,21.551157544648305,0.7122402493875588
2026-09-08 07:00:00,WTG-004,874.0261889628893,8.91923002629395,22.442394055265733,0.8475613987233821
2026-09-08 07:15:00,WTG-004,1195.9425827599798,10.17714283641247,21.686214746917088,1.0051099127314786
2026-09-08 07:30:00,WTG-004,1536.8894188828376,10.798386250075357,21.733045576266747,1.0590597727314917
2026-09-08 07:45:00,WTG-004,1447.4475422107416,10.740698074757518,23.35442442273119,1.1237998805918632
2026-09-08 08:00:00,WTG-004,828.1351888230533,8.875478626400916,23.27634180933281,0.9117505080547617
2026-09-08 08:15:00,WTG-004,624.496505759482,7.9216142974413835,19.636754551625483,0.7085930369816729
2026-09-08 08:30:00,WTG-004,443.7355413946204,6.62145501967817,22.29189427213556,0.6510781459737959
2026-09-08 08:45:00,WTG-004,1450.880592774549,10.777381024640036,24.750487215850022,1.0774210253740568
2026-09-08 09:00:00,WTG-004,376.9280317548421,6.1217120996490015,23.970631571744985,0.5597878146999928
2026-09-08 09:15:00,WTG-004,726.184425468071,8.681088136270409,25.315903923253718,0.8008878305174415
2026-09-08 09:30:00,WTG-004,977.4405340017352,9.581877510661164,23.375709555252854,0.9317170171565945
2026-09-08 09:45:00,WTG-004,401.0382696823068,7.480974788182325,23.890607677723988,0.6867416962913184
2026-09-08 10:00:00,WTG-004,118.09944708571209,4.599441072897707,23.53900565296378,0.4651125485560617
2026-09-08 10:15:00,WTG-004,527.9514785475372,7.623428424699819,24.78746016407254,0.7867780574485592
2026-09-08 10:30:00,WTG-004,676.2334162566017,8.082901295815867,23.491806856882413,0.8331007112456955
2026-09-08 10:45:00,WTG-004,169.89604316580497,5.148215299407422,24.92549989703972,0.5038838949479353
2026-09-08 11:00:00,WTG-004,436.85762569147494,7.300338298466144,27.06226936198933,0.6899129319433819
2026-09-08 11:15:00,WTG-004,309.5563169275593,6.567956155790776,24.801738251799897,0.7118254265683559
2026-09-08 11:30:00,WTG-004,99.53635990746068,4.260163632213764,25.67817083037358,0.3851810530853096
2026-09-08 11:45:00,WTG-004,185.02957060225737,4.92944497825191,24.284138853667805,0.5050881982336095
2026-09-08 12:00:00,WTG-004,159.40680629208916,5.064471309383776,24.742014822938987,0.5046960325226619
2026-09-08 12:15:00,WTG-004,281.7773552504135,5.595389283872843,25.500296650097237,0.5389350488315308
2026-09-08 12:30:00,WTG-004,663.5206238015633,8.097029653985429,23.53604542018505,0.7779791967830918
2026-09-08 12:45:00,WTG-004,739.3342336436523,8.648647415226296,25.09765075580792,0.8116002665432057
2026-09-08 13:00:00,WTG-004,16.134821421298604,3.2036821541353278,24.727656070711994,0.2725055193207979
2026-09-08 13:15:00,WTG-004,160.24406073131019,4.153051323518124,25.01575881640605,0.4300671037405836
2026-09-08 13:30:00,WTG-004,286.0046733343849,6.789164585726754,25.84269976515933,0.6525644829364948
2026-09-08 13:45:00,WTG-004,0.0,2.9948787998360826,25.999748725344414,0.2850458528662715
2026-09-08 14:00:00,WTG-004,101.86507353812286,3.3481973771232223,24.651708730115935,0.39030133231762293
2026-09-08 14:15:00,WTG-004,68.11303784989734,4.248619899665178,25.363578086242782,0.22603681080766336
2026-09-08 14:30:00,WTG-004,38.80893487717508,4.014639713558065,25.715962529325687,0.4029851123804215
2026-09-08 14:45:00,WTG-004,24.470906202791014,2.8327898978431785,23.720539549126507,0.25822277657770665
2026-09-08 15:00:00,WTG-004,0.0,3.243538936986358,22.680061553417797,0.2603586795791972
2026-09-08 15:15:00,WTG-004,60.215249644817035,3.277431568356158,23.13305561172949,0.2985667349303074
2026-09-08 15:30:00,WTG-004,64.80467171304818,3.799536357205459,23.761815790755723,0.36008220823448034
2026-09-08 15:45:00,WTG-004,0.0,2.959411506293773,22.36203053691388,0.31320054376562
2026-09-08 16:00:00,WTG-004,94.32395664836027,4.357703300555082,24.09314838142261,0.4694879795327053
2026-09-08 16:15:00,WTG-004,76.83779028158318,3.6346251467286095,22.175996841720526,0.3791568063028607
2026-09-08 16:30:00,WTG-004,62.58672697457386,2.8759308239086283,22.784363253200134,0.3330571456866799
2026-09-08 16:45:00,WTG-004,9.15657137334429,0.8373793309659052,19.316074262180326,0.09449418933657433
2026-09-08 17:00:00,WTG-004,23.118316468761893,2.9578961089597704,21.4081457400476,0.29527113021471957
2026-09-08 17:15:00,WTG-004,30.491457667228456,1.6260845864754896,19.77156733869072,0.1912583253082254
2026-09-08 17:30:00,WTG-004,72.47010657290821,1.6065663587288055,21.624034293803188,0.1248811021183083
2026-09-08 17:45:00,WTG-004,0.0,1.622405446160825,22.51852615238299,0.162840583478464
2026-09-08 18:00:00,WTG-004,0.0,0.04278988548079088,21.11951238064867,0.015326191771578741
2026-09-08 18:15:00,WTG-004,32.53847439189153,0.9595522905952572,18.2285540609059,0.1321547321735545
2026-09-08 18:30:00,WTG-004,114.74709436686629,3.7060702594294606,18.928408687529178,0.39014747131065214
2026-09-08 18:45:00,WTG-004,52.324208248405554,4.097076182627712,17.64553988114296,0.38625371969454364
2026-09-08 19:00:00,WTG-004,23.36184194658815,1.4309961336186419,18.01615756903426,0.13449206747248021
2026-09-08 19:15:00,WTG-004,157.66528009179086,5.544990779075906,18.921780411035,0.5469033287294225
2026-09-08 19:30:00,WTG-004,0.0,1.0729975276927908,17.66391517672242,0.1498988063322753
2026-09-08 19:45:00,WTG-004,172.60558149630566,4.9698881922589475,18.242415918322454,0.45377956418787935
2026-09-08 20:00:00,WTG-004,30.285067141494316,3.0807514896158397,17.501801248457628,0.3506331547473205
2026-09-08 20:15:00,WTG-004,508.93787030025044,6.838152925798636,17.69108533891606,0.7108154602682478
2026-09-08 20:30:00,WTG-004,65.96658604446475,2.7839304219437713,17.758089369790635,0.22663885018876428
2026-09-08 20:45:00,WTG-004,116.4248350131892,5.0328419500341255,17.62546435472195,0.5548942508234639
2026-09-08 21:00:00,WTG-004,41.405020885216906,3.277216230483505,16.224871980406935,0.29096860884267156
2026-09-08 21:15:00,WTG-004,111.2633902179533,4.3631681337539945,16.1513689501367,0.44792683595589744
2026-09-08 21:30:00,WTG-004,0.0,3.0533321056562928,16.669395110886484,0.31282028056349526
2026-09-08 21:45:00,WTG-004,9.823382342435858,2.5484342204996513,14.714843685273857,0.24171584147257946
2026-09-08 22:00:00,WTG-004,405.3272243557519,6.459644616638339,16.96217965621579,0.5920380815362283
2026-09-08 22:15:00,WTG-004,151.3139275313027,5.472785205010991,15.50979549586298,0.5904182700891867
2026-09-08 22:30:00,WTG-004,42.12638142556853,3.5321077902865623,13.923603325645043,0.4679102972243639
2026-09-08 22:45:00,WTG-004,75.00166638880651,3.199241671330117,14.608929477070912,0.35959748727367324
2026-09-08 23:00:00,WTG-004,519.8166354560544,7.140851814681826,14.731063002788224,0.6976136987962231
2026-09-08 23:15:00,WTG-004,619.0514341595668,7.806569895254887,15.131025491157231,0.8378220740960367
2026-09-08 23:30:00,WTG-004,448.4043038574311,7.346219579200106,15.79882929898955,0.6782084781687379
2026-09-08 23:45:00,WTG-004,241.90925202445996,5.4695834684180085,15.155500729693653,0.5615088842862104
2026-09-09 00:00:00,WTG-004,827.2889856505619,8.834067377216918,14.181586533949778,0.8858133408386845
2026-09-09 00:15:00,WTG-004,180.5962211450737,5.532402237994656,16.703566136451787,0.6056323425704917
2026-09-09 00:30:00,WTG-004,298.8696787723901,6.3446126178852325,16.728250548925637,0.6424740695926974
2026-09-09 00:45:00,WTG-004,39.54682263595049,4.81257653641268,15.435273517165344,0.5183815671858528
2026-09-09 01:00:00,WTG-004,116.78395282515683,3.725304757663138,13.93382237452524,0.33972788335076354
2026-09-09 01:15:00,WTG-004,718.9876617305009,8.502129404308702,14.225470394992008,0.799994738639018
2026-09-09 01:30:00,WTG-004,718.0531475670365,8.315755386206922,15.56972250157872,0.8396109614422024
2026-09-09 01:45:00,WTG-004,949.4851994888661,9.422576639627415,15.757329403003604,0.8932289325549536
2026-09-09 02:00:00,WTG-004,119.31187340676686,4.477189847638016,15.453653512222813,0.3863380458103999
2026-09-09 02:15:00,WTG-004,117.67494250694335,5.2980392385150825,17.22230291888619,0.43280781713402394
2026-09-09 02:30:00,WTG-004,190.50140059210682,5.510935548524204,15.801043645953227,0.560556356510676
2026-09-09 02:45:00,WTG-004,955.385731779286,9.56205758171813,15.389554944676425,0.9205265125460603
2026-09-09 03:00:00,WTG-004,449.470583961809,7.3636037140833785,17.10026350538729,0.6955954811963782
2026-09-09 03:15:00,WTG-004,925.1139705123549,9.18688357978711,16.631673207857645,0.8338997348403006
2026-09-09 03:30:00,WTG-004,293.90456413154106,6.84145076171157,17.063929292857093,0.6834467820836495
2026-09-09 03:45:00,WTG-004,1282.7936706573541,10.330606064046462,18.575908272714937,0.9394154632542551
2026-09-09 04:00:00,WTG-004,865.7264514580556,9.043473030452365,18.668743968445185,0.9396117032827149
2026-09-09 04:15:00,WTG-004,728.6046152878919,8.420032489408316,17.495518829068775,0.8188648968359332
2026-09-09 04:30:00,WTG-004,635.2701711206942,8.153623787649892,19.239045785219535,0.7012332939129357
2026-09-09 04:45:00,WTG-004,329.12388428911095,6.8010905863948015,17.015667282830762,0.7102981791334325
2026-09-09 05:00:00,WTG-004,871.2362721542745,9.148210405419222,17.597553350999277,0.9187194359921274
2026-09-09 05:15:00,WTG-004,1183.048075429273,10.098704571336185,19.094744664451163,1.0311882868963929
2026-09-09 05:30:00,WTG-004,985.7850856207285,9.629637404220496,19.413628277198736,0.9144051123008305
2026-09-09 05:45:00,WTG-004,1840.8438349201388,11.649771453539385,20.215124294202823,1.178522110131281
2026-09-09 06:00:00,WTG-004,656.0247075726141,8.120024475200726,18.648415166378243,0.7453483049199123
2026-09-09 06:15:00,WTG-004,1337.8854568142365,10.17837955141217,19.459319948852905,1.0103837409292757
2026-09-09 06:30:00,WTG-004,1042.3017964015885,9.68290664787461,21.034004635676762,0.8876259522619959
2026-09-09 06:45:00,WTG-004,305.9001522442716,6.238422528087897,21.168253746121927,0.5801678450775383
2026-09-09 07:00:00,WTG-004,1589.0283026977365,11.127706456758563,21.392964157194758,1.0979512752376295
2026-09-09 07:15:00,WTG-004,1142.2076575912286,10.225712866214627,20.515843212900396,0.934807479487982
2026-09-09 07:30:00,WTG-004,580.3523055088554,7.883930098791467,21.555195936254794,0.7944125797038477
2026-09-09 07:45:00,WTG-004,333.9630237687229,6.746388666572578,21.681257098632933,0.619437948113969
2026-09-09 08:00:00,WTG-004,584.5003823187076,8.066829946115702,22.204407717098253,0.8070143890190015
2026-09-09 08:15:00,WTG-004,549.8696052797148,7.7219957129471055,23.199464697182766,0.8352849263506473
2026-09-09 08:30:00,WTG-004,421.5832612387189,7.239135948329037,22.149901274001746,0.709267104486695
2026-09-09 08:45:00,WTG-004,418.5014530265242,6.989079521784942,24.498528983123386,0.6793888392118527
2026-09-09 09:00:00,WTG-004,244.72839760266112,6.777849234084598,22.060524711738065,0.6954522709802798
2026-09-09 09:15:00,WTG-004,410.7133428104449,6.9722028887831495,23.367127209112493,0.6487566096025178
2026-09-09 09:30:00,WTG-004,778.9297463604324,8.739006526704928,21.80784883581551,0.8670436122933924
2026-09-09 09:45:00,WTG-004,457.905954431001,7.495208109986775,21.99107724769746,0.7551018462458141
2026-09-09 10:00:00,WTG-004,95.75222437941098,5.2531527790290085,26.134025600561664,0.5766534897447804
2026-09-09 10:15:00,WTG-004,616.313806249616,8.326167320190294,22.95874653571554,0.7658358748256442
2026-09-09 10:30:00,WTG-004,343.7565950466802,6.786094616800367,26.128213337992612,0.6889831934269535
2026-09-09 10:45:00,WTG-004,519.0203080631852,7.618420341393017,25.184639330795747,0.7124165182725044
2026-09-09 11:00:00,WTG-004,675.4452161779298,8.538917798613376,26.88555477360158,0.8017076112396652
2026-09-09 11:15:00,WTG-004,569.8531083316622,7.678468053645214,24.299072726170998,0.8015049196174535
2026-09-09 11:30:00,WTG-004,539.1019210006513,7.399711223087163,24.179970776036544,0.7433983873832198
2026-09-09 11:45:00,WTG-004,118.05403151255263,3.7770005521681433,26.688989839185673,0.4164562761881826
2026-09-09 12:00:00,WTG-004,100.94212284766553,4.845829853826522,24.855285453680562,0.5856143286365082
2026-09-09 12:15:00,WTG-004,158.07914701416053,5.671184006774145,25.660087663394467,0.586597625098796
2026-09-09 12:30:00,WTG-004,458.31510749507447,7.225903639075556,25.57954495753328,0.7307287316162442
2026-09-09 12:45:00,WTG-004,276.90299576722424,6.603407470477459,24.48685855461899,0.6142476180735359
2026-09-09 13:00:00,WTG-004,370.50063402887884,6.640688823056038,25.22170847316235,0.6464812181693542
2026-09-09 13:15:00,WTG-004,44.09206806578784,4.922959673829432,24.579450953359682,0.47263379336228406
2026-09-09 13:30:00,WTG-004,153.75640094358477,4.3172612719386585,24.070656354426916,0.4164637571908924
2026-09-09 13:45:00,WTG-004,114.52860867100253,5.0975211040631585,25.119839259555185,0.4433639420810939
2026-09-09 14:00:00,WTG-004,195.9520363735432,4.641254053065912,24.051904268952235,0.6191805872232289
2026-09-09 14:15:00,WTG-004,10.740411891289599,0.8446912914928131,25.76208815027161,0.0351072966811283
2026-09-09 14:30:00,WTG-004,148.66779172247527,3.7810835367249664,24.087167706343152,0.35308626917476144
2026-09-09 14:45:00,WTG-004,574.2545901860477,8.068006502933557,23.505568065591543,0.7659289971593324
2026-09-09 15:00:00,WTG-004,105.4176331764157,3.947932281408778,25.05805618137486,0.3585834661824513
2026-09-09 15:15:00,WTG-004,318.33640974321634,6.797218130196432,22.135691910221936,0.6929354017095344
2026-09-09 15:30:00,WTG-004,69.07516070324445,1.1525628084106883,21.835526151861714,0.10038500090201453
2026-09-09 15:45:00,WTG-004,3.858506089633188,3.1668204337698076,24.049949768002296,0.35243266172949056
2026-09-09 16:00:00,WTG-004,143.69633194312277,5.227103022635109,21.351873910666583,0.5298679997099942
2026-09-09 16:15:00,WTG-004,0.0,3.4099381686881034,21.47820655867899,0.3148669618845504
2026-09-09 16:30:00,WTG-004,54.65758161708549,3.440547043396009,21.433197198049662,0.30169472151355486
2026-09-09 16:45:00,WTG-004,82.34212568309125,2.876033919756909,22.15115138288567,0.28631219917029277
2026-09-09 17:00:00,WTG-004,0.0,2.009033208016559,19.904651021131315,0.25092399104948415
2026-09-09 17:15:00,WTG-004,26.734317869471802,3.8439400703544617,20.187592452012794,0.3857877775835396
2026-09-09 17:30:00,WTG-004,0.0,2.4090689557337814,21.344420304530956,0.173593892985009
2026-09-09 17:45:00,WTG-004,0.0,0.0,18.711080982831746,0.006268702982899315
2026-09-09 18:00:00,WTG-004,45.87422583863761,4.241581341321169,21.60723671419451,0.45650855473128565
2026-09-09 18:15:00,WTG-004,0.0,2.9973377361475673,19.534035473764188,0.3590337465326786
2026-09-09 18:30:00,WTG-004,0.0,2.4313274609918336,18.97583644733099,0.23750718916109637
2026-09-09 18:45:00,WTG-004,263.5476652155497,5.255421827149759,19.79467239700099,0.4832579010250227
2026-09-09 19:00:00,WTG-004,24.25696265275845,3.1426210378240156,19.073523541745782,0.375206778860149
2026-09-09 19:15:00,WTG-004,0.0,2.3955450400242846,18.217744597099816,0.2577408321653889
2026-09-09 19:30:00,WTG-004,16.867804100539562,0.9359026595301292,17.73826159269788,0.11190820282700749
2026-09-09 19:45:00,WTG-004,4.397495466629846,2.7196545055450843,17.260858163900394,0.2274355102752508
2026-09-09 20:00:00,WTG-004,248.03021838789238,5.894077522846375,16.94091373968992,0.590326007893328
2026-09-09 20:15:00,WTG-004,109.17646640775611,3.2482677826684525,18.035246964320667,0.37217036465882003
2026-09-09 20:30:00,WTG-004,116.23169895438824,1.323955513045599,18.646625516622752,0.15540789111304773
2026-09-09 20:45:00,WTG-004,126.94255285799267,4.317624151105905,16.903178146755067,0.4475656970976488
2026-09-09 21:00:00,WTG-004,390.4806630118565,6.5549509740851475,14.837038455795327,0.6214500192307901
2026-09-09 21:15:00,WTG-004,84.26026007526018,3.3800783883651535,15.318716965298506,0.3876268926810784
2026-09-09 21:30:00,WTG-004,76.05370733024662,3.52474258751447,17.73609900240931,0.3506804685157629
2026-09-09 21:45:00,WTG-004,39.562895816912594,3.353331997181029,16.924478551125848,0.3531116940227959
2026-09-09 22:00:00,WTG-004,27.260828630662477,2.2897873063822565,15.377355920642918,0.17043074821144077
2026-09-09 22:15:00,WTG-004,159.97455763985832,3.8357412443988377,14.291169606327266,0.43234029522163664
2026-09-09 22:30:00,WTG-004,460.9580338891032,7.468654584739861,15.303537086151358,0.725708065436649
2026-09-09 22:45:00,WTG-004,200.38515657036777,4.5389717064976045,17.221388905159614,0.5026966898819305
2026-09-09 23:00:00,WTG-004,399.4519860879921,6.703700784599265,16.522420064026992,0.609103813615843
2026-09-09 23:15:00,WTG-004,265.64372639393457,6.143926537547743,16.336858585356044,0.6187002344903955
2026-09-09 23:30:00,WTG-004,47.619816916575914,4.192870285711768,14.354981571231772,0.3655983009298458
2026-09-09 23:45:00,WTG-004,372.17682493473296,6.4132509479369695,13.69640076551007,0.7296597980525448
2026-09-10 00:00:00,WTG-004,375.6287641301438,6.945126106229637,12.80575321360078,0.7920920747064363
2026-09-10 00:15:00,WTG-004,920.5258603919642,9.30395587275114,15.282428087911045,0.9383162909898486
2026-09-10 00:30:00,WTG-004,221.75222806690795,6.007750264476505,15.495286687464,0.6102931318390769
2026-09-10 00:45:00,WTG-004,593.4248524895502,8.23505937636276,15.205150132446418,0.7503445565986994
2026-09-10 01:00:00,WTG-004,15.784843419458653,4.7150637127287,13.934704508093423,0.4838320335448712
2026-09-10 01:15:00,WTG-004,676.3940212716674,8.271112408730268,15.535815552750103,0.824848947805117
2026-09-10 01:30:00,WTG-004,163.41152744453524,5.3466253388253016,16.288490720314332,0.5253326544543714
2026-09-10 01:45:00,WTG-004,1105.029473967037,9.911644595595511,15.747821805061061,1.041592622036965
2026-09-10 02:00:00,WTG-004,455.85704702488755,7.600314226706568,12.956607018362662,0.7294516890160362
2026-09-10 02:15:00,WTG-004,429.63778717485604,7.220073091329784,15.083841704044806,0.7330154057312982
2026-09-10 02:30:00,WTG-004,481.2908702496557,7.292119780301508,15.92659987877327,0.7154444404664142
2026-09-10 02:45:00,WTG-004,522.3453106076352,8.030789333753164,16.461896372322784,0.8738687363502898
2026-09-10 03:00:00,WTG-004,719.3242568491639,8.718852815107002,17.43015480370174,0.9493444101579958
2026-09-10 03:15:00,WTG-004,835.3347745967346,9.021261876230483,16.351621245327618,0.9009797797159594
2026-09-10 03:30:00,WTG-004,885.1694933307688,8.957044530733587,18.04276083691739,0.931811853484856
2026-09-10 03:45:00,WTG-004,448.9940289136054,6.9170747961140275,18.80729280890752,0.7593942246966234
2026-09-10 04:00:00,WTG-004,763.940567677126,8.420694389807025,16.782910008791863,0.8622646537172644
2026-09-10 04:15:00,WTG-004,1204.9620161275925,10.052067546703416,18.375556540590427,1.0244471987377346
2026-09-10 04:30:00,WTG-004,937.150435471061,8.94304054866756,17.277238997844147,0.9412200895893479
2026-09-10 04:45:00,WTG-004,613.3312773412322,7.935108508130498,18.307548414036564,0.8943146539199831
2026-09-10 05:00:00,WTG-004,931.5049713631918,9.463121643152608,19.268882351287175,0.843953937779236
2026-09-10 05:15:00,WTG-004,1546.1156476379178,11.010795047390294,18.04483603487352,1.0765599489351207
2026-09-10 05:30:00,WTG-004,322.6360708114152,6.715486454287029,18.30503623938611,0.6962088934021732
2026-09-10 05:45:00,WTG-004,153.30150285317094,5.659617031504831,18.32689147444749,0.5085282357497288
2026-09-10 06:00:00,WTG-004,1521.0245437580934,10.706647628856695,19.716828216010907,1.0237131825089691
2026-09-10 06:15:00,WTG-004,1027.2253345199938,9.697089162813786,21.28088592056318,0.9449620518896218
2026-09-10 06:30:00,WTG-004,1026.2000842162863,9.145374367110596,22.34466461846038,0.8186785739866206
2026-09-10 06:45:00,WTG-004,491.6285987284629,7.826907465109339,20.532148612260915,0.8193864220778743
2026-09-10 07:00:00,WTG-004,833.7477996119612,8.695553058927981,23.22143415725824,0.8716711457444613
2026-09-10 07:15:00,WTG-004,1881.1815295308954,11.81322406990228,21.974862322688626,1.1190833524417552
2026-09-10 07:30:00,WTG-004,755.573830967702,8.645735664104159,21.07322060426648,0.8479324131337357
2026-09-10 07:45:00,WTG-004,1148.0974929967056,9.931503596904015,22.595347659063147,1.0287842093673212
2026-09-10 08:00:00,WTG-004,805.2276009896574,8.81128326598298,21.998732953035233,0.7971697888255378
2026-09-10 08:15:00,WTG-004,672.8815758427545,7.882152906802581,22.7031976273724,0.9009820564022792
2026-09-10 08:30:00,WTG-004,1056.499426993836,9.426203866231765,22.11177048496492,0.9594083935948435
2026-09-10 08:45:00,WTG-004,1070.7019426090737,9.895279695362788,22.314098845865615,1.0259142585897103
2026-09-10 09:00:00,WTG-004,1119.0052123144683,10.090009956463959,20.979058028008623,0.9449324399087448
2026-09-10 09:15:00,WTG-004,370.00793251089686,6.8197685390071765,24.224746643718944,0.7503788778068496
2026-09-10 09:30:00,WTG-004,428.07732353230904,7.55391631845431,23.908649345580496,0.8131574465922354
2026-09-10 09:45:00,WTG-004,559.7098652912355,7.7631436352934475,23.292420323860703,0.7724866530237168
2026-09-10 10:00:00,WTG-004,75.936998643665,3.9362331563879804,25.090588703188033,0.397091504655497
2026-09-10 10:15:00,WTG-004,311.33498626264577,6.52382947338774,22.374763020890434,0.7054129575921267
2026-09-10 10:30:00,WTG-004,636.9182149347705,8.191024329758891,22.919129158739487,0.9328180845174333
2026-09-10 10:45:00,WTG-004,491.07933833562964,7.432151390845863,23.729869855712444,0.7309834948497517
2026-09-10 11:00:00,WTG-004,259.879234645741,5.619948703648755,24.540120467383826,0.5069029323412666
2026-09-10 11:15:00,WTG-004,499.5462242905928,7.254975295847569,24.71353931093946,0.7154756563367155
2026-09-10 11:30:00,WTG-004,78.24547373227028,5.053344728791483,24.554342361393758,0.5590633046142205
2026-09-10 11:45:00,WTG-004,239.19294862877382,6.174339734114675,25.450195982223356,0.5741263047572254
2026-09-10 12:00:00,WTG-004,146.1533302293262,5.370173358621432,24.441324041149958,0.49668254681790885
2026-09-10 12:15:00,WTG-004,445.02058957794935,7.082466097066932,27.30529040602806,0.753345635155791
2026-09-10 12:30:00,WTG-004,0.0,4.226438667211793,25.47329645193182,0.37874951572697135
2026-09-10 12:45:00,WTG-004,120.27752204815673,4.858609075476972,24.346050890649582,0.5107723933261411
2026-09-10 13:00:00,WTG-004,130.89678277800698,4.618563108701569,26.337524102515534,0.5059417758429329
2026-09-10 13:15:00,WTG-004,453.6147756625382,7.209054480741289,25.72573555631299,0.7085340369130589
2026-09-10 13:30:00,WTG-004,29.960572710955674,3.2360916593577915,25.811626628352087,0.31844465882886214
2026-09-10 13:45:00,WTG-004,145.4211548004156,4.741653817110932,23.635874512201628,0.5359634940269185
2026-09-10 14:00:00,WTG-004,38.04300479133149,2.3881658290044583,24.923768400323777,0.315038640507319
2026-09-10 14:15:00,WTG-004,71.50696790513314,4.158816483980464,22.742776328795333,0.4705814318844263
2026-09-10 14:30:00,WTG-004,15.553809003785247,1.8448327303562708,24.037936311900477,0.2115892228755598
2026-09-10 14:45:00,WTG-004,84.38609027653013,3.670842221183274,22.66333081243298,0.4097741917988998
2026-09-10 15:00:00,WTG-004,18.67334415388153,3.239527975763023,23.319576470466334,0.4465024859224329
2026-09-10 15:15:00,WTG-004,57.50143894729776,3.524760319318858,24.734638273534998,0.39182128181770803
2026-09-10 15:30:00,WTG-004,86.98850635251385,4.322485967159467,23.769305403087895,0.4231158862473827
2026-09-10 15:45:00,WTG-004,72.37690612664166,4.204600059570913,22.206031868073154,0.4525983440296938
2026-09-10 16:00:00,WTG-004,0.0,2.3014286737855896,21.977678189264235,0.15140596661257621
2026-09-10 16:15:00,WTG-004,0.0,2.2006941609413304,21.28885596181344,0.19350418214873355
2026-09-10 16:30:00,WTG-004,0.0,1.4793202140327373,22.412850417512274,0.12172552104134861
2026-09-10 16:45:00,WTG-004,0.0,2.4184297583318504,21.596215452266605,0.16828278400279573
2026-09-10 17:00:00,WTG-004,41.02116328582452,3.7925762392209776,20.880041259873945,0.4379136837591786
2026-09-10 17:15:00,WTG-004,328.59709047274254,6.68851308841348,20.414061750090855,0.7747091506509741
2026-09-10 17:30:00,WTG-004,24.349515561659967,2.7937589840458275,21.059611920848482,0.38629520562898534
2026-09-10 17:45:00,WTG-004,0.0,2.326933883901041,19.954224347352195,0.17853944855696868
2026-09-10 18:00:00,WTG-004,157.03057821555043,4.953914413084167,21.66714136098262,0.44175316277788323
2026-09-10 18:15:00,WTG-004,82.11002941041673,4.316958071902768,19.29064822917511,0.469223354835398
2026-09-10 18:30:00,WTG-004,0.0,0.8328326420660912,20.1455808303109,0.18194444869337856
2026-09-10 18:45:00,WTG-004,0.0,2.184337395775963,18.89666279159925,0.2840348748425177
2026-09-10 19:00:00,WTG-004,78.97298266149944,3.900788154094314,18.90554633489751,0.47425853039546695
2026-09-10 19:15:00,WTG-004,16.81893446357308,3.2766681572970593,20.166127826865885,0.31842548353556205
2026-09-10 19:30:00,WTG-004,55.705186575148055,1.9123083913825862,17.575073764791494,0.24203275651381018
2026-09-10 19:45:00,WTG-004,142.14911886354426,4.52660624353361,17.686701699303555,0.5539370463568104
2026-09-10 20:00:00,WTG-004,82.49108909668665,3.422712157857039,17.639732424123096,0.33173117100952376
2026-09-10 20:15:00,WTG-004,130.5238165684256,5.047155247155038,17.447407770832054,0.48479667811169136
2026-09-10 20:30:00,WTG-004,142.21271031155845,4.607479171101755,18.420471071786416,0.5031353325623843
2026-09-10 20:45:00,WTG-004,248.27530794154677,5.683246924207342,15.845938695817562,0.5027304865437858
2026-09-10 21:00:00,WTG-004,100.81080194407178,4.267413192995634,16.779131131928093,0.451513942870375
2026-09-10 21:15:00,WTG-004,76.7843493162746,4.500519047252416,16.15910133866657,0.4155645682953478
2026-09-10 21:30:00,WTG-004,208.91781081375584,6.722671782010083,16.929599253341262,0.5929873074399731
2026-09-10 21:45:00,WTG-004,172.47109846952236,5.348619985128033,14.546916315502372,0.49132117073592924
2026-09-10 22:00:00,WTG-004,267.49034754738693,6.393099552004415,14.770047967093218,0.5835906207064814
2026-09-10 22:15:00,WTG-004,214.15087593839064,5.914090702416868,15.405441134959942,0.5954927215274264
2026-09-10 22:30:00,WTG-004,266.9608352182456,6.793759688991273,14.573480559128278,0.6589325180834503
2026-09-10 22:45:00,WTG-004,448.59251409021033,7.068941710222643,14.960150367265667,0.7228946349340725
2026-09-10 23:00:00,WTG-004,0.36079335965783343,3.419760261400065,14.995009812984057,0.3754622824911675
2026-09-10 23:15:00,WTG-004,197.77018292397594,6.477662132626843,17.0361051879808,0.6494767706463284
2026-09-10 23:30:00,WTG-004,229.04328631278787,5.856461330131582,14.891728208229464,0.6543748381179335
2026-09-10 23:45:00,WTG-004,214.68855865880587,5.324287660464271,14.159442962944459,0.5689634363952402
2026-09-11 00:00:00,WTG-004,253.52215441604244,6.339009452040003,15.20980051919015,0.6347556065430509
2026-09-11 00:15:00,WTG-004,118.07996043066974,4.234011219846703,14.179895642521306,0.38658764650039484
2026-09-11 00:30:00,WTG-004,625.7646306396741,8.39295813554046,13.736424871458787,0.7955433402477406
2026-09-11 00:45:00,WTG-004,227.36592588082186,4.886298312144747,14.8155732081287,0.5360960036441575
2026-09-11 01:00:00,WTG-004,316.7022916661941,6.336481273447826,15.795697249452058,0.6224711295731361
2026-09-11 01:15:00,WTG-004,324.89288135792975,6.642037255960435,14.932528451655983,0.6506964294080936
2026-09-11 01:30:00,WTG-004,721.0323361013507,8.46307358696468,14.998703234124442,0.7802515922132586
2026-09-11 01:45:00,WTG-004,263.6533812980219,6.644064174777293,15.938412437978807,0.6086366215867067
2026-09-11 02:00:00,WTG-004,484.0202814351368,7.526933613743202,16.163407020692993,0.7931282058459078
2026-09-11 02:15:00,WTG-004,800.703994011392,9.018635906274033,15.563401832885235,0.8488587915300587
2026-09-11 02:30:00,WTG-004,970.4884825451016,9.357128819545396,15.130654027378894,0.9351015602389943
2026-09-11 02:45:00,WTG-004,1007.3100681608155,9.530417469248638,17.474344342683747,1.0424668840748585
2026-09-11 03:00:00,WTG-004,352.4036633651968,6.511548091837263,14.637488353864855,0.598902626713938
2026-09-11 03:15:00,WTG-004,923.7735763709024,9.193249793455696,15.819165937115066,0.9100695117592839
2026-09-11 03:30:00,WTG-004,155.3873427893181,5.227818565867283,16.235392213066437,0.5510834993229639
2026-09-11 03:45:00,WTG-004,1114.6773606401407,9.993895221668724,17.852215796862307,1.0850007460661169
2026-09-11 04:00:00,WTG-004,273.3263571439803,6.384418773874511,18.754690484984792,0.647025166921726
2026-09-11 04:15:00,WTG-004,908.390732964856,9.24593632248865,16.157317887476847,0.9303018783016106
2026-09-11 04:30:00,WTG-004,1407.986255236597,10.676152776726457,17.604094497624757,1.1037838475657238
2026-09-11 04:45:00,WTG-004,976.4529641812105,9.052462306793082,19.80874939641152,0.8740234937796888
2026-09-11 05:00:00,WTG-004,764.5637143328287,8.580496242252723,17.630139266444026,0.8328480376178214
2026-09-11 05:15:00,WTG-004,679.0272674212914,8.235400326720468,18.38692939594139,0.7910026396755355
2026-09-11 05:30:00,WTG-004,1175.9874204426112,9.928563050005623,19.58703751103537,0.9296271089059728
2026-09-11 05:45:00,WTG-004,1974.4748707192603,11.841138029018417,18.491171438645942,1.195642239035435
2026-09-11 06:00:00,WTG-004,405.60748539773607,6.973153756271538,19.359619118065872,0.627125983969709
2026-09-11 06:15:00,WTG-004,839.2628730369058,8.970702585778298,19.005141952019873,0.885394968268927
2026-09-11 06:30:00,WTG-004,496.5911194889197,7.864719521593729,20.419073460411276,0.8664430288564218
2026-09-11 06:45:00,WTG-004,877.4140995254436,9.246478939075228,22.43238398383645,0.8989031296952874
2026-09-11 07:00:00,WTG-004,1250.3594204719818,10.323842092345007,20.62510627834367,0.9671064293875663
2026-09-11 07:15:00,WTG-004,523.5842263080816,7.675785052804917,20.686653882374106,0.754602544200866
2026-09-11 07:30:00,WTG-004,371.1382788580114,7.053561389909395,21.313483582620538,0.6581339629907442
2026-09-11 07:45:00,WTG-004,947.9655071681991,9.267494247377241,24.703764938622804,0.8242195132628309
2026-09-11 08:00:00,WTG-004,444.0720356899542,7.459386038538273,22.01470701115781,0.6648679239136782
2026-09-11 08:15:00,WTG-004,423.3838521537668,7.26411611351504,22.0583673179501,0.7020934540972088
2026-09-11 08:30:00,WTG-004,482.84680364948855,7.645919147621873,21.440410554934907,0.755244815199384
2026-09-11 08:45:00,WTG-004,772.5637731927285,8.758397436447195,22.20056709827314,0.919584218836057
2026-09-11 09:00:00,WTG-004,708.2017201274595,8.367331931591428,23.522245435073625,0.83437956831254
2026-09-11 09:15:00,WTG-004,1223.1751268949458,9.902654509437582,23.470638637593687,0.9374523188084494
2026-09-11 09:30:00,WTG-004,513.9438304566795,7.901709401704946,25.9015769988643,0.7614635396042014
2026-09-11 09:45:00,WTG-004,357.4902679081807,6.51682401290986,23.501159869862185,0.6872411421019047
2026-09-11 10:00:00,WTG-004,289.16314225201876,6.641290239698226,23.2006838498124,0.6885224981991772
2026-09-11 10:15:00,WTG-004,1766.6283411333643,11.65623526039672,24.58807388108659,1.144260156425884
2026-09-11 10:30:00,WTG-004,317.0217679301612,6.190736841839156,25.446830546885526,0.6525828054838421
2026-09-11 10:45:00,WTG-004,339.88643184356323,6.2099762585103155,25.30598459458972,0.656177972182782
2026-09-11 11:00:00,WTG-004,454.06836386155817,7.200571936885773,25.707051265375597,0.6415647904960449
2026-09-11 11:15:00,WTG-004,128.92000230626954,4.9071252830771614,24.16555182739496,0.4434811212875674
2026-09-11 11:30:00,WTG-004,143.3832092374097,4.469873378711714,25.36091512134834,0.5422775220798601
2026-09-11 11:45:00,WTG-004,326.3784260404943,6.481969497177356,24.26085845777526,0.6645150113583066
2026-09-11 12:00:00,WTG-004,511.52757215227734,7.7104247431056745,24.60967716193707,0.7478259883772937
2026-09-11 12:15:00,WTG-004,278.33601219341165,6.714138381513691,23.43060240476329,0.698582813097139
2026-09-11 12:30:00,WTG-004,470.3543200398904,7.475043229437556,25.1320732186048,0.7648142413690606
2026-09-11 12:45:00,WTG-004,242.60340328144008,6.125451763952158,24.024773726515967,0.6236042043088981
2026-09-11 13:00:00,WTG-004,202.72457587029794,5.747755879847543,24.621938180106984,0.4417042378350886
2026-09-11 13:15:00,WTG-004,308.8447221407057,6.046415221705681,23.979111516877136,0.708479531741435
2026-09-11 13:30:00,WTG-004,137.97021272026302,5.580631262176928,26.014045435356916,0.5764161534489286
2026-09-11 13:45:00,WTG-004,73.61278690448509,3.275431148420156,23.73089451116487,0.4330124525952993
2026-09-11 14:00:00,WTG-004,0.0,2.547517147520557,25.970840463264338,0.1563824413430558
2026-09-11 14:15:00,WTG-004,20.274363399785138,3.6224957566919214,26.31358201921935,0.3517666757798897
2026-09-11 14:30:00,WTG-004,22.522437799461986,2.8654184148261796,23.923099222331935,0.3263596750641631
2026-09-11 14:45:00,WTG-004,156.25317678874836,5.161288853133142,24.905762564798422,0.5441194418563327
2026-09-11 15:00:00,WTG-004,0.0,0.8075763658986275,23.099168217939326,0.10679651774120416
2026-09-11 15:15:00,WTG-004,91.60092159046998,4.07089655590572,23.881419065658545,0.419411326335683
2026-09-11 15:30:00,WTG-004,316.7147199530028,5.5450179935092745,24.01906588824533,0.48568143328174446
2026-09-11 15:45:00,WTG-004,130.7595404634503,4.384688730916883,22.768648181824503,0.3628225200301448
2026-09-11 16:00:00,WTG-004,148.83654964963551,2.6572176790908273,23.3191335753583,0.32155605816948063
2026-09-11 16:15:00,WTG-004,109.09884159907969,4.301300455759527,21.243340118286376,0.4626224469121116
2026-09-11 16:30:00,WTG-004,1.52422812869807,4.479500033213487,21.787396509070362,0.4215718656038443
2026-09-11 16:45:00,WTG-004,40.33762820951263,4.5508036819983175,20.655692642372404,0.43961369115255794
2026-09-11 17:00:00,WTG-004,0.0,1.0691746594650158,21.01312693734828,0.14665145452128664
2026-09-11 17:15:00,WTG-004,0.0,3.520961007234281,20.94997267142683,0.3075939133175115
2026-09-11 17:30:00,WTG-004,97.92739576886521,4.942887493437356,20.75881098749351,0.5405910575044613
2026-09-11 17:45:00,WTG-004,0.0,3.347816069458355,18.726209801122312,0.347921040580843
2026-09-11 18:00:00,WTG-004,80.40106835096486,4.4748750401489215,22.44676078221521,0.47946650652476125
2026-09-11 18:15:00,WTG-004,0.0,2.9325508681205372,17.82921980898461,0.37089287430716544
2026-09-11 18:30:00,WTG-004,129.43977004069296,4.881851016308258,20.408110777888748,0.3916098052673128
2026-09-11 18:45:00,WTG-004,0.0,2.056933747093394,18.097908613757856,0.18796831851137888
2026-09-11 19:00:00,WTG-004,6.121756061061271,2.3663286712524783,19.753935567438326,0.23361801606472488
2026-09-11 19:15:00,WTG-004,49.04126121062585,3.684318850545573,18.18439830375549,0.3242514038776576
2026-09-11 19:30:00,WTG-004,217.92042817178321,5.4783342413061025,17.817823095062103,0.5321843102878109
2026-09-11 19:45:00,WTG-004,0.0,3.930257962124853,15.832696144307945,0.35927526500536633
2026-09-11 20:00:00,WTG-004,230.49306324660682,4.753565970977397,14.699621350510942,0.5503663225847749
2026-09-11 20:15:00,WTG-004,78.94269494734506,3.8874654891154785,15.348640892337768,0.3960289163849708
2026-09-11 20:30:00,WTG-004,0.0,1.3246101910136971,18.065751604260115,0.19236886770390357
2026-09-11 20:45:00,WTG-004,177.2465731358999,5.327266368842524,17.266930563395114,0.505139568158327
2026-09-11 21:00:00,WTG-004,24.08416853557524,1.4389021910256283,17.38076988939538,0.14274954859700825
2026-09-11 21:15:00,WTG-004,0.0,2.518988431045196,15.944490891945932,0.24573455850202822
2026-09-11 21:30:00,WTG-004,113.71724896453509,5.042692974101565,16.408463518560527,0.4818854992165529
2026-09-11 21:45:00,WTG-004,16.036336178527797,3.3639826737261123,14.115203025467762,0.4317192165811699
2026-09-11 22:00:00,WTG-004,205.72380395652397,5.021105533384961,16.70171563112602,0.47613256365238293
2026-09-11 22:15:00,WTG-004,160.83006879188557,4.687004146216413,16.26015320855628,0.3525775750137233
2026-09-11 22:30:00,WTG-004,180.45936758822285,5.960534128995462,14.683836268844294,0.5802850225295862
2026-09-11 22:45:00,WTG-004,192.9612374101875,4.9328228868183555,14.223441153949683,0.5107454306214024
2026-09-11 23:00:00,WTG-004,323.9684485606698,6.108262418566957,12.40095126533067,0.6276886099359684
2026-09-11 23:15:00,WTG-004,295.4367440361702,5.881031305280113,16.75640276291001,0.5348070741133139
2026-09-11 23:30:00,WTG-004,31.596899907651583,3.3377795241022907,14.280223436357666,0.3440953188484992
2026-09-11 23:45:00,WTG-004,679.1590252996606,8.329552597526606,16.66709812002603,0.9282431709920509
2026-09-12 00:00:00,WTG-004,129.88706180739595,4.85170435829495,14.509265718191141,0.5112117434514961
2026-09-12 00:15:00,WTG-004,345.17328431251303,6.92939337586751,14.956461787365347,0.7383611496334692
2026-09-12 00:30:00,WTG-004,171.0133630008389,5.679021741583688,13.424557899474967,0.44533525425083675
2026-09-12 00:45:00,WTG-004,369.22951013362604,6.815126652526955,16.019953927194578,0.670051226501174
2026-09-12 01:00:00,WTG-004,276.2958756624049,6.4026055258167345,15.558137429053229,0.6416550598376937
2026-09-12 01:15:00,WTG-004,61.32548887750665,4.609050505551619,15.379379951420777,0.5537193804930136
2026-09-12 01:30:00,WTG-004,821.2905333683092,8.939618008239618,16.34240178852434,0.8709759912818231
2026-09-12 01:45:00,WTG-004,205.45027818162353,5.803226074061055,14.442726612318154,0.6804865859926644
2026-09-12 02:00:00,WTG-004,798.516984358653,8.67330522757418,16.151321728145152,0.8937026176814388
2026-09-12 02:15:00,WTG-004,892.0775989670449,9.237552155820328,16.55523695020833,0.8380779516067737
2026-09-12 02:30:00,WTG-004,1029.1268970086478,9.31477264185899,15.896301453453917,0.8719898744458475
2026-09-12 02:45:00,WTG-004,345.18206199200307,6.932031704157948,15.880967426705896,0.6976782105624546
2026-09-12 03:00:00,WTG-004,428.1676525359745,7.178384564993214,16.191572602990025,0.6357547670361564
2026-09-12 03:15:00,WTG-004,1101.4828722973825,9.67865409465941,16.16532340265434,0.9798296203085268
2026-09-12 03:30:00,WTG-004,612.1193398438871,8.048924209074707,16.46500749840669,0.8413147826520042
2026-09-12 03:45:00,WTG-004,1330.4949330824522,10.420734741377963,16.24116842202517,1.0460850901759904
2026-09-12 04:00:00,WTG-004,1288.8154560813282,10.381355981742262,16.524431799147678,1.0039894344098432
2026-09-12 04:15:00,WTG-004,458.0281232790697,7.391587934531407,16.450182503427335,0.6677158407335188
2026-09-12 04:30:00,WTG-004,953.3464073951001,9.336613044542633,18.105599328170676,0.9425389116760617
2026-09-12 04:45:00,WTG-004,1065.5850965567788,9.517643409836829,18.899180713197126,1.0207820875921603
2026-09-12 05:00:00,WTG-004,864.8990267868016,9.08739832554245,17.685932330097614,0.8618952255943078
2026-09-12 05:15:00,WTG-004,611.1601533398696,8.201000966021718,18.850438388968307,0.8352292854589227
2026-09-12 05:30:00,WTG-004,747.4337831802682,8.589915996551632,18.415862352909663,0.9112784597467589
2026-09-12 05:45:00,WTG-004,962.4629998573444,9.682329702999445,20.570506301269425,0.9501101475620419
2026-09-12 06:00:00,WTG-004,1435.68699539648,10.831019735047867,19.424090258154404,1.1491696474915962
2026-09-12 06:15:00,WTG-004,1055.8358563217635,9.820529567123959,19.854302828580817,1.0522187202760225
2026-09-12 06:30:00,WTG-004,260.2778926279991,6.588451000132611,22.134628990430095,0.5709376896395777
2026-09-12 06:45:00,WTG-004,883.208283359483,9.176814551068263,21.70258637197611,0.8582244506565518
2026-09-12 07:00:00,WTG-004,957.8227295674747,9.282604863032084,21.068521918062576,0.8737950273495441
2026-09-12 07:15:00,WTG-004,1529.8635483595958,10.864126737053827,21.72403998216954,1.0896059126758504
2026-09-12 07:30:00,WTG-004,621.0877454521166,8.043462423414766,21.024565857390115,0.826015016331476
2026-09-12 07:45:00,WTG-004,1427.2068976854448,10.705172759368448,22.066371808345743,1.0534467824606595
2026-09-12 08:00:00,WTG-004,1104.6292932150993,9.916308961046362,23.34308087033404,1.0257409044932135
2026-09-12 08:15:00,WTG-004,852.4058858892632,9.046294733774248,21.050879410035556,0.9447070158496405
2026-09-12 08:30:00,WTG-004,651.0767192867343,8.402599333544398,22.88908255514221,0.9083571051129513
2026-09-12 08:45:00,WTG-004,540.2995108691174,7.532182322332665,23.914648091633627,0.7639877696587225
2026-09-12 09:00:00,WTG-004,635.4804064333091,8.111704813477475,24.302752613702594,0.760860739451865
2026-09-12 09:15:00,WTG-004,1081.155203532602,9.766214476820423,23.698387325827312,1.0617929812621145
2026-09-12 09:30:00,WTG-004,957.9948099561072,9.364068634638176,24.340717935730456,0.9695300765079923
2026-09-12 09:45:00,WTG-004,782.4435385519082,8.786347470541044,21.270466848910914,0.9020162934064856
2026-09-12 10:00:00,WTG-004,584.8179660517113,7.929079348111156,24.145454202013347,0.8810489179934184
2026-09-05 10:00:00,WTG-005,386.483284324993,6.679574381290003,22.361257893778355,0.6681328453358786
2026-09-05 10:15:00,WTG-005,371.8076696155109,6.765867823167591,25.520874512398812,0.6990086602552446
2026-09-05 10:30:00,WTG-005,261.42757615501137,6.068861577158459,23.997899307932606,0.6364970146793154
2026-09-05 10:45:00,WTG-005,1075.9979978150325,9.700818144280202,23.20084726332068,0.9272881837485173
2026-09-05 11:00:00,WTG-005,504.83965103543966,7.4737206706005646,25.412232989856953,0.7924526153755465
2026-09-05 11:15:00,WTG-005,426.9034573179184,7.2969651874162755,24.25869270101351,0.7312792750128652
2026-09-05 11:30:00,WTG-005,194.92903587199243,4.816006514591399,23.34459354794801,0.5155106374440325
2026-09-05 11:45:00,WTG-005,269.5264464617587,6.130846578371546,25.376811289155757,0.6285980548164987
2026-09-05 12:00:00,WTG-005,393.85377704812174,7.118845924172626,24.85588304187849,0.7911881379790322
2026-09-05 12:15:00,WTG-005,313.1428358490225,6.788861977726628,24.429867346758698,0.7750352266209637
2026-09-05 12:30:00,WTG-005,489.48011594942045,7.506505328676823,24.34687902335401,0.8006477269873608
2026-09-05 12:45:00,WTG-005,81.4047651955277,4.154633638080485,25.964336749895025,0.4484425783691283
2026-09-05 13:00:00,WTG-005,318.65029131066706,6.540353636150679,26.14338684630685,0.667896863161025
2026-09-05 13:15:00,WTG-005,286.36416360186735,6.080967139653685,23.263193542711996,0.5921598269387245
2026-09-05 13:30:00,WTG-005,186.1344524054187,5.443725768015062,25.03627458323369,0.49873533837497436
2026-09-05 13:45:00,WTG-005,0.0,3.0628636081416767,24.91192501986961,0.2636306999440091
2026-09-05 14:00:00,WTG-005,278.14649433858153,4.698684415853955,24.40662236233251,0.5584768786965482
2026-09-05 14:15:00,WTG-005,130.8885597138075,4.650636984688684,24.4197703248618,0.48918714471976893
2026-09-05 14:30:00,WTG-005,91.86892088282275,4.377762413214829,22.753752347126156,0.4526293028153196
2026-09-05 14:45:00,WTG-005,125.19322140452323,5.166001392359759,24.440548450142145,0.420236167483832
2026-09-05 15:00:00,WTG-005,207.60440083680598,4.781618075586814,24.512466028146438,0.5597398291524069
2026-09-05 15:15:00,WTG-005,88.38369202074522,3.8964945150263564,24.688556319798266,0.4027723597873127
2026-09-05 15:30:00,WTG-005,135.10836932541906,5.15383486240172,22.807259810364037,0.46658032006940175
2026-09-05 15:45:00,WTG-005,0.0,2.108695922479833,23.552906541262438,0.2328969010416135
2026-09-05 16:00:00,WTG-005,12.851401098573213,1.7858758279369742,21.250722811021372,0.130397965050303
2026-09-05 16:15:00,WTG-005,51.81906709948026,4.592742607386767,20.786399010991953,0.4601638964160234
2026-09-05 16:30:00,WTG-005,0.0,3.278580338740935,22.97530205731571,0.35973744246767153
2026-09-05 16:45:00,WTG-005,24.782580720064242,1.7499299839215663,21.030823249490002,0.22588335762401798
2026-09-05 17:00:00,WTG-005,168.85821888126011,4.925164762867297,22.280324649538368,0.5276181628403629
2026-09-05 17:15:00,WTG-005,178.78701836687793,5.647707980326873,21.171929401694396,0.6067807993582358
2026-09-05 17:30:00,WTG-005,0.0,1.841972532607575,20.015434118398666,0.23351540163317552
2026-09-05 17:45:00,WTG-005,0.0,0.681959821073371,21.715198014333534,0.008063568158974917
2026-09-05 18:00:00,WTG-005,40.67506719789545,2.3013940151140453,21.30199633963447,0.1860480796782097
2026-09-05 18:15:00,WTG-005,39.00833248857482,2.214133079770791,20.698265027308093,0.25757064419594067
2026-09-05 18:30:00,WTG-005,0.0,2.932295184154075,18.45526761479422,0.30928958182656063
2026-09-05 18:45:00,WTG-005,65.85381649122594,3.709859923315917,19.384172403592284,0.38592059596102135
2026-09-05 19:00:00,WTG-005,0.0,2.391678640310875,18.54301245853105,0.2423324272976634
2026-09-05 19:15:00,WTG-005,62.02124621717022,4.10429242048183,17.879383894144556,0.43253127722115703
2026-09-05 19:30:00,WTG-005,34.3530090924383,3.4056853835005327,17.757059164207064,0.2925893291572667
2026-09-05 19:45:00,WTG-005,218.95744050336936,5.2396257289322765,17.462689999527225,0.5349215778521378
2026-09-05 20:00:00,WTG-005,91.24043334549134,4.401465794557511,15.980509427208455,0.4269078004867011
2026-09-05 20:15:00,WTG-005,74.54711741661819,4.223973203095681,17.602746227459253,0.4041163657541505
2026-09-05 20:30:00,WTG-005,149.79722841264433,5.014774852816163,16.297021380507747,0.5361904967327933
2026-09-05 20:45:00,WTG-005,325.39908241448677,6.233187092597626,16.956519351649856,0.6718577490779917
2026-09-05 21:00:00,WTG-005,361.2533882563346,6.446073239965468,18.496200601831383,0.5353430874946477
2026-09-05 21:15:00,WTG-005,81.46372980407348,4.164970834827498,14.934502549073027,0.3886398549969223
2026-09-05 21:30:00,WTG-005,82.44435978263891,4.2433142607106635,14.827905165376317,0.37731939171594464
2026-09-05 21:45:00,WTG-005,39.73525322884454,3.2024459432611225,17.26475111497595,0.3185057531443792
2026-09-05 22:00:00,WTG-005,87.82157141995599,2.8614215079547862,14.716852106287009,0.2987459234549272
2026-09-05 22:15:00,WTG-005,0.0,2.7351545757738718,15.49420178948258,0.2839616619765554
2026-09-05 22:30:00,WTG-005,51.773525523931646,3.129105393340077,15.018162698120175,0.3328769823972472
2026-09-05 22:45:00,WTG-005,0.0,2.54912064994535,15.47497355332112,0.258515181156636
2026-09-05 23:00:00,WTG-005,162.62445584583952,4.027884240774188,14.998498522893644,0.3768513826177039
2026-09-05 23:15:00,WTG-005,4.030755283626306,3.9024812198257983,16.83338183014759,0.2879366174521729
2026-09-05 23:30:00,WTG-005,258.4870765536218,6.127527678803402,15.977889956028104,0.6348354024653631
2026-09-05 23:45:00,WTG-005,316.77476124727525,6.449027641430513,15.455225635735392,0.6923106072368668
2026-09-06 00:00:00,WTG-005,373.88610861615894,6.9170182031096905,14.76978003112068,0.7167674504540031
2026-09-06 00:15:00,WTG-005,911.9988492871025,9.04455055528965,15.49632011166452,0.8765926597404832
2026-09-06 00:30:00,WTG-005,335.67521878955006,6.338725576115304,14.51109800937132,0.580553246048433
2026-09-06 00:45:00,WTG-005,468.88445289255645,7.071061782658238,14.232769902040744,0.744652349514464
2026-09-06 01:00:00,WTG-005,180.6947667254408,5.195813292914397,14.98947313848904,0.5512387450194643
2026-09-06 01:15:00,WTG-005,184.06094986240686,5.448048116837378,13.529237877223768,0.5411527209311522
2026-09-06 01:30:00,WTG-005,494.88595057284886,7.206511026997884,15.896104050713527,0.6779927423523245
2026-09-06 01:45:00,WTG-005,831.2542041521913,8.894009226849139,16.18496689532623,0.9216240660007986
2026-09-06 02:00:00,WTG-005,644.5912273025485,8.012240787952134,17.133474227142962,0.8098377520102834
2026-09-06 02:15:00,WTG-005,1976.0338217083402,11.962099694486131,16.22890261508839,1.1350783873584216
2026-09-06 02:30:00,WTG-005,702.9122424888029,8.42787595949468,15.886508316976405,0.7708700816154327
2026-09-06 02:45:00,WTG-005,230.75532104255848,5.902042554209297,17.08232963841838,0.5897293520567292
2026-09-06 03:00:00,WTG-005,1976.4595720474567,12.682728920577622,16.781922981000424,1.209222671929148
2026-09-06 03:15:00,WTG-005,161.27815188845176,6.1574248835438095,18.041731889894166,0.5468635991517371
2026-09-06 03:30:00,WTG-005,1734.070750196007,11.489319193312154,16.389601534089913,1.2448180467595702
2026-09-06 03:45:00,WTG-005,531.6633661095591,8.049659440312126,19.281684980561618,0.7812584889320516
2026-09-06 04:00:00,WTG-005,595.889120825149,7.812477561631384,19.920650235135334,0.7450372197201972
2026-09-06 04:15:00,WTG-005,1676.2132708948668,11.22538994194708,16.93134019855738,1.1706616004618162
2026-09-06 04:30:00,WTG-005,1721.909914082063,11.563698323198292,16.387721352308365,1.1679069938609126
2026-09-06 04:45:00,WTG-005,494.43030158824075,7.615756286745047,17.376397099356506,0.8150759713665637
2026-09-06 05:00:00,WTG-005,448.6818048026556,7.152430424322315,17.74075933204675,0.7352572793574637
2026-09-06 05:15:00,WTG-005,716.8112705482005,8.720475534249875,20.180841575894107,0.9379161232949504
2026-09-06 05:30:00,WTG-005,460.37158129360785,7.137822007809776,20.346229563776635,0.7513747481747054
2026-09-06 05:45:00,WTG-005,982.9240631102324,9.597645397546989,19.781982771831093,0.9725383901407865
2026-09-06 06:00:00,WTG-005,912.6385032981873,8.994780678895127,19.03582349645651,0.8871463587186618
2026-09-06 06:15:00,WTG-005,366.3801326661556,7.236100577953458,20.02964472171612,0.7943121434407203
2026-09-06 06:30:00,WTG-005,1399.27172447779,10.813012205475694,20.868318139337187,1.1054641456247463
2026-09-06 06:45:00,WTG-005,371.5215813534645,7.2290495228461396,21.889599591656598,0.713218415784312
2026-09-06 07:00:00,WTG-005,404.6546298392968,6.682690742608035,21.76847832468024,0.5844694143968163
2026-09-06 07:15:00,WTG-005,374.98603425038164,6.908619745599568,22.013538671605748,0.7804054476613609
2026-09-06 07:30:00,WTG-005,478.0837466181665,7.665620010255772,22.096578744272062,0.7249715685933507
2026-09-06 07:45:00,WTG-005,1029.2264221006728,9.567498000921235,21.963457399353068,0.934271592536449
2026-09-06 08:00:00,WTG-005,429.8354769888416,7.680979569982956,21.45771385097555,0.7485420610953626
2026-09-06 08:15:00,WTG-005,1135.3510320319338,10.144636930982509,24.627205905764328,1.0488861104260103
2026-09-06 08:30:00,WTG-005,1266.1909338554074,10.323447020792418,22.791920711172033,1.0560295142961686
2026-09-06 08:45:00,WTG-005,1145.6477514987826,10.055721440196352,22.698319984254688,0.9823347744808664
2026-09-06 09:00:00,WTG-005,1063.2324619411304,9.67255489898535,23.031932003921405,0.9193175566790821
2026-09-06 09:15:00,WTG-005,624.1477550710293,8.13201571284618,23.692775852715695,0.7600684396196125
2026-09-06 09:30:00,WTG-005,576.3302619298893,8.114144010218052,24.561203978394783,0.7180149991733331
2026-09-06 09:45:00,WTG-005,1002.5075393380521,9.428768124897296,24.728392879386334,0.8881970489910479
2026-09-06 10:00:00,WTG-005,349.87181656534085,6.78321794224249,24.448253038538994,0.7265853060348513
2026-09-06 10:15:00,WTG-005,385.28719859980055,6.819159510593418,23.605824642212497,0.7454271363555229
2026-09-06 10:30:00,WTG-005,904.0971552170028,9.141367805698371,24.928347574735266,0.8977052010426713
2026-09-06 10:45:00,WTG-005,361.51260994845353,6.763452042323031,24.31095006196464,0.6681558030184536
2026-09-06 11:00:00,WTG-005,639.9274247785445,8.022358634600739,22.994090695447106,0.7631273512714605
2026-09-06 11:15:00,WTG-005,161.23707729514865,4.752368785540474,23.844444537508103,0.42126970560189414
2026-09-06 11:30:00,WTG-005,149.19383894978012,4.523457568476315,25.328150120470653,0.4583858671968763
2026-09-06 11:45:00,WTG-005,173.25639535946056,5.7545693983480515,25.069977915551252,0.5654248763604972
2026-09-06 12:00:00,WTG-005,121.93428709961199,4.181114865386645,23.560718052309003,0.4094936417046991
2026-09-06 12:15:00,WTG-005,362.2513049254179,7.045848409182751,23.34049852253549,0.6746882261883806
2026-09-06 12:30:00,WTG-005,213.43382651497166,6.389396905806751,26.23693820083544,0.7236766267885132
2026-09-06 12:45:00,WTG-005,631.3270868756133,8.077467271996733,24.208717511873942,0.8892048811895183
2026-09-06 13:00:00,WTG-005,67.29223372796567,4.9879292532239345,26.08575310211996,0.478639282777715
2026-09-06 13:15:00,WTG-005,319.4267547212839,7.096977864002913,25.076263266558485,0.7187944624377287
2026-09-06 13:30:00,WTG-005,233.37445337254894,5.993421771845697,26.058913772238412,0.5729147190937948
2026-09-06 13:45:00,WTG-005,160.3773841361181,4.538406149211174,24.05351366133336,0.5488965838568849
2026-09-06 14:00:00,WTG-005,168.11359894641595,4.6697674829970515,22.17605688368554,0.48743352307103505
2026-09-06 14:15:00,WTG-005,284.19973381206813,5.691146383782604,23.931588508222745,0.6550323729754886
2026-09-06 14:30:00,WTG-005,109.91190938099218,3.3069381729278113,23.383154815471645,0.32941720847354156
2026-09-06 14:45:00,WTG-005,152.93022256395585,4.11646529092746,24.266107751058815,0.458513272782007
2026-09-06 15:00:00,WTG-005,120.9381797448473,4.4542166434348545,24.385529489986453,0.5117688219730183
2026-09-06 15:15:00,WTG-005,67.81978158814823,3.464488444764303,23.35543533654329,0.3632117383953385
2026-09-06 15:30:00,WTG-005,36.45397741597981,4.712436560268634,22.837958392020877,0.4187581242769025
2026-09-06 15:45:00,WTG-005,0.0,1.9803166709571502,21.3258421443237,0.1478246734315704
2026-09-06 16:00:00,WTG-005,118.43035579887936,5.014924055040173,23.439136389857946,0.49292889542752955
2026-09-06 16:15:00,WTG-005,67.59267541093696,4.228694826589618,22.425177875954326,0.41927376564540053
2026-09-06 16:30:00,WTG-005,111.72186261552235,3.2069160307553832,21.20578068313688,0.26694068913788854
2026-09-06 16:45:00,WTG-005,19.84859508135942,3.3401149551588105,21.406062312449766,0.34182210354775566
2026-09-06 17:00:00,WTG-005,146.26961189813582,5.097273588869586,21.635149308278272,0.4976395265550336
2026-09-06 17:15:00,WTG-005,252.95104942913855,5.713848661544888,20.60483218467747,0.5503112877874121
2026-09-06 17:30:00,WTG-005,0.0,1.5856092779000084,19.751790547182626,0.20054086922539713
2026-09-06 17:45:00,WTG-005,78.12669022363184,4.939610853469205,19.706528488260698,0.4582805837636245
2026-09-06 18:00:00,WTG-005,35.610028399112906,2.459866229981462,21.383328825245524,0.21542837599544676
2026-09-06 18:15:00,WTG-005,46.11333711461106,2.429116208768642,19.89606517549067,0.28832683581027263
2026-09-06 18:30:00,WTG-005,122.14846673592956,4.338556079194735,18.01550881327283,0.45556333757704653
2026-09-06 18:45:00,WTG-005,34.3012716201107,2.987885613554662,19.06654917663621,0.2453624461659114
2026-09-06 19:00:00,WTG-005,56.364329413577344,3.3912315929302004,19.25196717965881,0.31930384559330804
2026-09-06 19:15:00,WTG-005,123.35801413549885,5.425960993656183,21.013977187323043,0.5599718636571616
2026-09-06 19:30:00,WTG-005,105.00469079849404,4.714732502993824,19.92836254344209,0.5847169578099654
2026-09-06 19:45:00,WTG-005,0.0,2.9062088479960364,18.243810113160926,0.26680594658208645
2026-09-06 20:00:00,WTG-005,0.0,2.2088041519860324,15.53593717093278,0.162041898050711
2026-09-06 20:15:00,WTG-005,82.71968765501667,2.99373591462042,16.394816913201787,0.2655665097777914
2026-09-06 20:30:00,WTG-005,70.40398070788999,3.700072301554022,15.436735784092475,0.3166733242432447
2026-09-06 20:45:00,WTG-005,390.7726119593492,6.647227411965376,15.04967137749949,0.5595207412584422
2026-09-06 21:00:00,WTG-005,78.02941486179067,3.7253889553008315,17.603648996917535,0.38854060417334263
2026-09-06 21:15:00,WTG-005,0.0,1.3432198117206107,15.65777381574881,0.1636948975172433
2026-09-06 21:30:00,WTG-005,165.82634491110792,4.774254692150256,15.861893056447606,0.4678848062506299
2026-09-06 21:45:00,WTG-005,105.99380377029597,3.092455232808611,16.93282159762946,0.25322378978258486
2026-09-06 22:00:00,WTG-005,12.182723774036788,2.656965146675004,15.562062844692923,0.25106132421867133
2026-09-06 22:15:00,WTG-005,163.29339200419193,5.090154972341968,16.779609576797395,0.5436425083062821
2026-09-06 22:30:00,WTG-005,121.87020020864387,4.008918924123234,15.176634859915891,0.3899199434200932
2026-09-06 22:45:00,WTG-005,65.80848636070445,3.7927866453376193,14.485004692569461,0.3586954166197839
2026-09-06 23:00:00,WTG-005,637.0586600012281,8.234081181263022,15.634991207426493,0.7962798749212202
2026-09-06 23:15:00,WTG-005,242.35329285812077,5.790069195624492,16.025971783317456,0.6208062357976656
2026-09-06 23:30:00,WTG-005,141.95414085045752,5.0099993414969015,15.503728414187648,0.4131495126707341
2026-09-06 23:45:00,WTG-005,146.21191310304437,5.30019255537652,14.243006228316059,0.617085746157705
2026-09-07 00:00:00,WTG-005,538.6806295151017,7.302506384191723,12.637206794010819,0.73648779015082
2026-09-07 00:15:00,WTG-005,185.87075866100128,5.7876886019912,15.147700082308228,0.5805359363362046
2026-09-07 00:30:00,WTG-005,270.25561364343724,6.670567685516823,14.696875525934715,0.5914924795932597
2026-09-07 00:45:00,WTG-005,437.1355146800869,7.630031554540591,14.496108264078975,0.7224980541672671
2026-09-07 01:00:00,WTG-005,237.37048749638953,5.967942849353843,14.376368235449752,0.5765857181663357
2026-09-07 01:15:00,WTG-005,963.2523356910169,9.322980612250388,16.995844410729887,0.9449704582555707
2026-09-07 01:30:00,WTG-005,118.26548744861213,4.946789943100038,14.983474832073183,0.5277229556904492
2026-09-07 01:45:00,WTG-005,148.15988268826754,4.798257113007878,15.81739185811963,0.4779937151873287
2026-09-07 02:00:00,WTG-005,12.744113845734262,4.895517943276105,15.564216893808899,0.48108417009162924
2026-09-07 02:15:00,WTG-005,618.1779351050293,7.918272576711525,14.933977160522732,0.6979051517105997
2026-09-07 02:30:00,WTG-005,585.8363557721946,7.969945938550677,16.16758228662623,0.6810419906915377
2026-09-07 02:45:00,WTG-005,163.6365707561441,5.987386602605346,15.261654204494677,0.6106505430820454
2026-09-07 03:00:00,WTG-005,389.7272840313341,6.6225915717096715,16.27340647057814,0.620960321230322
2026-09-07 03:15:00,WTG-005,1434.028399452631,10.622325483583811,17.356609922019558,1.0966383635555055
2026-09-07 03:30:00,WTG-005,1395.0800972509335,10.805055728757008,16.195685518601827,1.1193701038598458
2026-09-07 03:45:00,WTG-005,777.781163466666,8.647082178426992,17.799812579401365,0.8575284068852017
2026-09-07 04:00:00,WTG-005,1316.9972100006898,10.302165091342388,19.30535628390716,1.035170565510731
2026-09-07 04:15:00,WTG-005,412.87893021818553,6.987828304365818,17.514532872809337,0.687259603207785
2026-09-07 04:30:00,WTG-005,184.6412410107746,5.613226373767581,18.324180523816885,0.5887183429208291
2026-09-07 04:45:00,WTG-005,829.468052560344,8.593146571536625,16.61747659761777,0.8547510079293479
2026-09-07 05:00:00,WTG-005,476.49906788243396,7.492596810710817,17.742600053069,0.7622876161368859
2026-09-07 05:15:00,WTG-005,592.3784876886216,8.271918034035608,17.77086192129281,0.8478004223188295
2026-09-07 05:30:00,WTG-005,1129.5163413212833,10.108875785536986,20.09436569853289,1.0448645404708077
2026-09-07 05:45:00,WTG-005,316.3779322080924,6.71999352002987,19.008239784289373,0.6286753980999252
2026-09-07 06:00:00,WTG-005,1437.278163447753,10.704306961399565,20.8316004611023,1.1179648423728725
2026-09-07 06:15:00,WTG-005,750.5200167998956,8.38433678140348,21.517301669196506,0.8250790507760262
2026-09-07 06:30:00,WTG-005,737.7230364536213,8.545908218105145,19.237182039181594,0.8723982184257731
2026-09-07 06:45:00,WTG-005,1031.230962714664,9.732716825666452,22.651574126408754,1.0630601174682162
2026-09-07 07:00:00,WTG-005,1032.829697198803,9.293251327360819,20.704753850249805,0.9699708311050899
2026-09-07 07:15:00,WTG-005,1198.3449251213824,10.313262745904211,21.11034465736877,1.0192777079172841
2026-09-07 07:30:00,WTG-005,1278.1631216419908,10.32435001551023,23.495153858507354,1.0237062219353568
2026-09-07 07:45:00,WTG-005,1080.5488083704151,9.944417111605347,22.869737880966788,1.0280024755024533
2026-09-07 08:00:00,WTG-005,1649.981531052855,11.070752783142181,21.94328723183723,1.0676450196981901
2026-09-07 08:15:00,WTG-005,560.3316223626858,7.787809286478173,22.586689202619546,0.7925320324984526
2026-09-07 08:30:00,WTG-005,204.56962641055935,5.728868819970804,23.077683158342957,0.6217939965970938
2026-09-07 08:45:00,WTG-005,812.6179863190388,8.996979996161263,22.246075718849784,0.9128346889491149
2026-09-07 09:00:00,WTG-005,520.4100877692551,7.466265941982586,23.24465225142741,0.7328088251375909
2026-09-07 09:15:00,WTG-005,1160.683493228635,10.235817745987966,24.356060747339555,1.0734240455221193
2026-09-07 09:30:00,WTG-005,259.9149178889451,6.216136978282789,23.669353669472613,0.6115419243106959
2026-09-07 09:45:00,WTG-005,448.0736003966487,6.875952529994418,24.034953079962897,0.6022779484005157
2026-09-07 10:00:00,WTG-005,300.5713363244725,6.0941308520035795,22.632250083995615,0.6474389714734994
2026-09-07 10:15:00,WTG-005,791.031795997257,8.684171616678666,24.029052381346848,0.8665551835803784
2026-09-07 10:30:00,WTG-005,250.92900298658148,6.079171969418028,25.586602797013832,0.5517424022775892
2026-09-07 10:45:00,WTG-005,186.2220753204611,5.5825708901558,25.22658041914543,0.6007521110693763
2026-09-07 11:00:00,WTG-005,219.50289380134308,4.8899763625051875,25.124708741181443,0.4421917251006882
2026-09-07 11:15:00,WTG-005,393.75123801431164,6.673847182197835,22.161783893897777,0.6883455919014895
2026-09-07 11:30:00,WTG-005,467.1433041823859,7.9756516282932814,23.70662196371041,0.8009320634078043
2026-09-07 11:45:00,WTG-005,910.5313380121667,9.286223704624337,26.603709800525774,0.9035690333125824
2026-09-07 12:00:00,WTG-005,270.0444747419291,6.074030692115619,24.43556418399891,0.6128661628743881
2026-09-07 12:15:00,WTG-005,900.8997767758754,9.093215785363721,24.527531273978123,0.9021359344659082
2026-09-07 12:30:00,WTG-005,456.8804875983505,7.30660465911854,25.40527399559903,0.7051518892840888
2026-09-07 12:45:00,WTG-005,83.63109026959629,3.674846276519211,24.205219389594124,0.401906735089237
2026-09-07 13:00:00,WTG-005,47.05895015180863,4.23762105103091,23.978895641165625,0.39746386255804583
2026-09-07 13:15:00,WTG-005,142.9539373945715,4.929699050295848,27.0162986469537,0.4757660502104388
2026-09-07 13:30:00,WTG-005,337.5487500014706,6.120375989946248,23.694286895042598,0.5416657418450429
2026-09-07 13:45:00,WTG-005,139.53533354628112,4.94581829096779,25.239350875926267,0.41146108021691663
2026-09-07 14:00:00,WTG-005,178.16194480707793,4.952742248516509,24.462170316786064,0.44410012842797925
2026-09-07 14:15:00,WTG-005,141.70958153964136,4.307422121670055,24.684176760184133,0.4881426328334505
2026-09-07 14:30:00,WTG-005,0.0,2.8116471904293885,25.165684895440293,0.2932853256832236
2026-09-07 14:45:00,WTG-005,105.31508239226388,4.218884443044486,24.07551847256652,0.3913971937087203
2026-09-07 15:00:00,WTG-005,12.359674082787011,0.6369136833457385,23.135267393494626,0.09918804519011765
2026-09-07 15:15:00,WTG-005,282.59780597129253,6.282702092924123,25.33000041766459,0.6281864191146944
2026-09-07 15:30:00,WTG-005,73.43879362720693,4.756206269015575,23.29529871114469,0.52827568280787
2026-09-07 15:45:00,WTG-005,152.15774397576337,4.873490249929884,22.1609610730722,0.49551111046776486
2026-09-07 16:00:00,WTG-005,82.34582264517864,2.7125150479949944,21.336817322589262,0.23086790045170036
2026-09-07 16:15:00,WTG-005,151.9072525970056,5.063384492251927,23.469552673040077,0.45689272900499284
2026-09-07 16:30:00,WTG-005,102.8161127274962,4.25943282300915,21.944306672495014,0.3629178942457193
2026-09-07 16:45:00,WTG-005,231.218690241498,5.780843556151368,23.208035366781502,0.5480561159446786
2026-09-07 17:00:00,WTG-005,1.8995186278915,1.2372215258673553,22.205482927302924,0.0958850625053198
2026-09-07 17:15:00,WTG-005,0.0,2.793043521091883,20.69167052497102,0.2265219063674363
2026-09-07 17:30:00,WTG-005,0.0,1.197448193011981,20.60779538629466,0.08243945973333162
2026-09-07 17:45:00,WTG-005,0.0,1.067664594504957,20.15139557460723,0.13921590529327751
2026-09-07 18:00:00,WTG-005,12.052271079006697,0.0,19.965680344030133,0.049465563100446086
2026-09-07 18:15:00,WTG-005,114.34688148004047,2.617180637602809,19.543013622519478,0.2663656200684432
2026-09-07 18:30:00,WTG-005,85.02916694106679,3.0908644882748906,19.019462440419595,0.37322992665133986
2026-09-07 18:45:00,WTG-005,0.0,2.3549437475901938,20.146603466371122,0.2896786778198388
2026-09-07 19:00:00,WTG-005,24.89258033284834,2.8276686173976477,19.51267487397716,0.29189539577828294
2026-09-07 19:15:00,WTG-005,13.127554815225356,2.859202309764594,18.578278761361116,0.32659533131759866
2026-09-07 19:30:00,WTG-005,0.0,2.341747047480019,17.556772909104485,0.13031135326649093
2026-09-07 19:45:00,WTG-005,7.473076108390877,3.6284799832399,20.104286476864537,0.3588440668329071
2026-09-07 20:00:00,WTG-005,0.0,0.6349836307252237,17.45124286649944,0.022919510770693943
2026-09-07 20:15:00,WTG-005,100.7686542135221,5.118368224607904,17.967849324682216,0.3970242757423029
2026-09-07 20:30:00,WTG-005,0.0,2.0461056246787015,16.553536435800012,0.1721404880044029
2026-09-07 20:45:00,WTG-005,0.0,1.5624299370846688,17.04542462772914,0.07039590569377611
2026-09-07 21:00:00,WTG-005,49.07803962543801,4.070382835224687,17.377181696243063,0.413147852223943
2026-09-07 21:15:00,WTG-005,224.55788443668797,5.08551830431068,15.704558618931681,0.6088713959137911
2026-09-07 21:30:00,WTG-005,91.03053824802628,4.71165754472722,14.82909283923731,0.5237152105131411
2026-09-07 21:45:00,WTG-005,143.6797370753339,4.031983866949345,15.496663621959055,0.31610645206422733
2026-09-07 22:00:00,WTG-005,237.22224563654737,5.892075948921391,15.133727894472615,0.615147427848893
2026-09-07 22:15:00,WTG-005,34.76458281508982,3.070542350034531,15.606636710627827,0.2679752464369418
2026-09-07 22:30:00,WTG-005,300.6502556910311,6.277964854465495,15.268777578895975,0.6908999521919814
2026-09-07 22:45:00,WTG-005,302.3309494273041,6.6663846280081644,14.832495935696924,0.6600991633511636
2026-09-07 23:00:00,WTG-005,242.61702139422468,5.877930858610826,15.963360017065515,0.5163864915168661
2026-09-07 23:15:00,WTG-005,365.80562189475415,6.033693051846345,15.817356359655594,0.5899803501179886
2026-09-07 23:30:00,WTG-005,177.9448366086402,5.394830735521581,13.677473961432824,0.47400794623652676
2026-09-07 23:45:00,WTG-005,654.9022855374621,8.186663223468,15.2548546701386,0.752384121068458
2026-09-08 00:00:00,WTG-005,540.7060331616796,7.733261032127822,14.957896095168648,0.701838287233749
2026-09-08 00:15:00,WTG-005,261.5969285572027,6.0630118696351385,14.892235042631407,0.5405759382353154
2026-09-08 00:30:00,WTG-005,439.9651176721027,7.3539915300132055,13.538730379419771,0.767424036440012
2026-09-08 00:45:00,WTG-005,728.2242723857588,8.703516957218312,16.481577780044397,0.7461996022436014
2026-09-08 01:00:00,WTG-005,186.03986112438653,5.4857208095318,15.429738361831598,0.6005768121696898
2026-09-08 01:15:00,WTG-005,325.8862461550429,6.249514201316874,15.945722498186875,0.6294370447529425
2026-09-08 01:30:00,WTG-005,176.79572041087198,5.991289766717025,16.456383790456304,0.5767013855101275
2026-09-08 01:45:00,WTG-005,207.22474355655515,5.590113160698651,14.654860267802396,0.6251872297873908
2026-09-08 02:00:00,WTG-005,595.7083120636784,7.859636412426107,16.48461175006086,0.7404170586915746
2026-09-08 02:15:00,WTG-005,709.1516778633418,8.573543670317171,16.044583778782926,0.9247040234422644
2026-09-08 02:30:00,WTG-005,51.31202656671431,4.676065364801367,17.764250179590043,0.5305815930508062
2026-09-08 02:45:00,WTG-005,1403.0672302450548,10.55582203048203,15.818708166839812,1.0076304153556166
2026-09-08 03:00:00,WTG-005,563.3690177503919,7.547120313633791,17.426291535420564,0.7354408405762514
2026-09-08 03:15:00,WTG-005,475.2524583765998,7.273809130105175,19.333781326755947,0.7895506314142691
2026-09-08 03:30:00,WTG-005,315.0899968147763,6.6695137066258585,13.135865319276544,0.6230781346498998
2026-09-08 03:45:00,WTG-005,889.6147309252312,9.223071096525667,17.477979046934113,0.9685517039593707
2026-09-08 04:00:00,WTG-005,568.8674890749191,8.045830307787384,17.297071674921273,0.8836404314885541
2026-09-08 04:15:00,WTG-005,834.6328250035789,9.005192044353079,18.94324661262819,0.888725520024345
2026-09-08 04:30:00,WTG-005,603.8356239355223,8.426901627264915,15.229568830902402,0.8963145346945549
2026-09-08 04:45:00,WTG-005,1137.0895362986053,9.825885122930316,18.583278920387876,0.9504958271524998
2026-09-08 05:00:00,WTG-005,1810.672905819381,11.640571838689919,17.86598756128111,1.1595048956589005
2026-09-08 05:15:00,WTG-005,1078.9818551081296,9.61980571227014,18.155816721490407,0.8642091437765963
2026-09-08 05:30:00,WTG-005,682.933304378697,8.371523133481078,18.1487154267386,0.8113670129413412
2026-09-08 05:45:00,WTG-005,1193.9813225023663,10.21665439649146,20.960985682609017,1.078540934535476
2026-09-08 06:00:00,WTG-005,1677.0324588520566,11.229790103266847,19.150589508020794,1.1936353965974733
2026-09-08 06:15:00,WTG-005,633.9625788794393,8.187076187508449,20.46161878709667,0.7775782991799092
2026-09-08 06:30:00,WTG-005,518.4412312508019,8.02253265871307,23.11463341250737,0.8927389254155049
2026-09-08 06:45:00,WTG-005,1340.0714696539583,10.46311187361221,18.73658313381276,1.0068448370916667
2026-09-08 07:00:00,WTG-005,663.9700193287321,8.466536515188409,20.49385706284894,0.7796819555229102
2026-09-08 07:15:00,WTG-005,882.3749901219786,9.267207276781047,22.93588354292926,0.8895311000894658
2026-09-08 07:30:00,WTG-005,274.79354595624136,6.577431664839297,21.562800635961963,0.6454193474311832
2026-09-08 07:45:00,WTG-005,364.87113286761394,6.931501303060951,21.647615913980733,0.7361212341203089
2026-09-08 08:00:00,WTG-005,620.4856094733029,8.265869933835996,21.720184008102414,0.8092502249704099
2026-09-08 08:15:00,WTG-005,420.1335510171333,7.764642021821315,23.517782640496193,0.7643424156841234
2026-09-08 08:30:00,WTG-005,557.0265108674511,8.037436721168216,22.41782552287892,0.7798316898751015
2026-09-08 08:45:00,WTG-005,341.44297168917524,6.328837725990494,22.322444174645565,0.604488108347449
2026-09-08 09:00:00,WTG-005,347.2603466900929,6.9603593142926865,23.74072112379403,0.744314969605012
2026-09-08 09:15:00,WTG-005,343.99490443199534,6.9374720801805445,24.420370990501382,0.7049447241930429
2026-09-08 09:30:00,WTG-005,1653.5098288964693,11.118403438420222,22.854525559881633,1.1012172043326278
2026-09-08 09:45:00,WTG-005,923.6951197103959,9.378394348855892,26.764000875549293,0.8915786387102773
2026-09-08 10:00:00,WTG-005,324.66643465479024,6.692528279698072,24.348150692804012,0.6422307593991263
2026-09-08 10:15:00,WTG-005,257.3836304269186,6.191933164370931,23.40895239477933,0.6002151730572506
2026-09-08 10:30:00,WTG-005,574.0884346808272,7.4929832175382485,23.70432984504905,0.7692160461686354
2026-09-08 10:45:00,WTG-005,1601.5515117825314,11.164554771390264,24.3503620466311,1.1848734427597
2026-09-08 11:00:00,WTG-005,287.2169394733577,6.308158891423712,26.90423511122211,0.6037587485303454
2026-09-08 11:15:00,WTG-005,268.1983250029751,5.8794618879306055,24.97768189302214,0.6089217947571527
2026-09-08 11:30:00,WTG-005,365.6628442894469,6.978602591047881,25.21639163239533,0.6425990056854654
2026-09-08 11:45:00,WTG-005,271.0982900304026,6.339354224959756,26.223256791967813,0.6442112886263571
2026-09-08 12:00:00,WTG-005,205.2138854239236,5.561415420328586,23.65001341159519,0.6797948195870047
2026-09-08 12:15:00,WTG-005,207.25587861502814,5.815664788336094,24.05600231868858,0.5590221122215555
2026-09-08 12:30:00,WTG-005,309.1283782889841,5.365703975793956,23.955627118606255,0.4634888434668372
2026-09-08 12:45:00,WTG-005,306.93534045611295,6.181874393117264,24.336786311870718,0.5496139451363831
2026-09-08 13:00:00,WTG-005,249.60300744112405,6.450489065007079,25.565561307892114,0.680537237072368
2026-09-08 13:15:00,WTG-005,84.93828340719305,4.21332383663011,24.873911348578282,0.38856940781864413
2026-09-08 13:30:00,WTG-005,191.7908646928084,5.268881971912304,23.662495778253273,0.49158965654247
2026-09-08 13:45:00,WTG-005,76.94505101332709,3.212522366873655,24.166304879272214,0.2114656720356283
2026-09-08 14:00:00,WTG-005,142.79891132203463,4.815771538600838,23.320391407333286,0.47819747068542007
2026-09-08 14:15:00,WTG-005,0.0,2.8712091049546844,24.557526310032426,0.3446148157774016
2026-09-08 14:30:00,WTG-005,79.82214575204073,4.013323276928572,24.35789761485457,0.2931431421340419
2026-09-08 14:45:00,WTG-005,47.98338144528943,2.5930024171282717,24.683127549929623,0.30465693556941065
2026-09-08 15:00:00,WTG-005,85.0577343119067,4.357308199956969,23.243407044205004,0.38214002089914667
2026-09-08 15:15:00,WTG-005,489.2109631641471,7.357808968107841,23.593968366733844,0.7919860689171432
2026-09-08 15:30:00,WTG-005,231.29484465617884,5.480847407185875,23.156247229032697,0.49073372146860605
2026-09-08 15:45:00,WTG-005,125.05698046786495,3.9150127316891052,24.4795888488044,0.3623044236209123
2026-09-08 16:00:00,WTG-005,0.0,2.3186985709090036,23.07225789547796,0.2625533529291363
2026-09-08 16:15:00,WTG-005,0.0,2.8615908864334214,21.188463293528503,0.2748801187260254
2026-09-08 16:30:00,WTG-005,0.0,0.9856740810237086,22.26010257024244,0.1559838809537325
2026-09-08 16:45:00,WTG-005,89.79032527804189,4.444540516640938,22.302411898397086,0.3500629924482941
2026-09-08 17:00:00,WTG-005,181.1481947706168,5.433706107810064,21.679946276347028,0.5132244114973734
2026-09-08 17:15:00,WTG-005,0.0,1.4076165192285788,19.84787755141094,0.11931669605318418
2026-09-08 17:30:00,WTG-005,0.0,3.7523567596276166,19.12056429987531,0.4499676638508253
2026-09-08 17:45:00,WTG-005,103.0929579107811,4.543654673210293,21.264920821180407,0.5721394761622847
2026-09-08 18:00:00,WTG-005,35.2108238134365,4.063955399972264,19.82761287568238,0.4537452877432465
2026-09-08 18:15:00,WTG-005,210.9403115629246,6.115746832466781,18.66875851897928,0.6045647140490783
2026-09-08 18:30:00,WTG-005,88.87127038523897,1.7604374187109044,21.148530984808747,0.2977963288736365
2026-09-08 18:45:00,WTG-005,16.622358574689187,3.537516357024389,19.284569664854228,0.3308790839054114
2026-09-08 19:00:00,WTG-005,11.723562511443433,1.347237027762083,18.340870309427444,0.2557688178976228
2026-09-08 19:15:00,WTG-005,0.0,1.6613328437458912,18.769096721792526,0.23804874442857327
2026-09-08 19:30:00,WTG-005,0.0,4.206861371917581,17.09699610112413,0.39422066099927416
2026-09-08 19:45:00,WTG-005,250.37045058916186,4.876470162133996,17.911957600685326,0.39685105936719034
2026-09-08 20:00:00,WTG-005,79.06129154859792,5.166120975479253,18.219934942941997,0.5620295390249974
2026-09-08 20:15:00,WTG-005,68.46637619065342,3.433228375221307,16.823637129999984,0.37717972191699156
2026-09-08 20:30:00,WTG-005,253.81698539383942,5.64984870906102,17.41581221416778,0.6100826811981866
2026-09-08 20:45:00,WTG-005,7.915705941453146,2.1504669547698354,17.514185755523027,0.2456089176983643
2026-09-08 21:00:00,WTG-005,126.2218698919909,3.6542275203818915,16.07702653307164,0.2861336056503115
2026-09-08 21:15:00,WTG-005,193.6113542798147,5.105584581494101,17.047185580061026,0.49560392163067957
2026-09-08 21:30:00,WTG-005,77.81349155433725,4.04297281612248,17.584159705358786,0.42942539980331756
2026-09-08 21:45:00,WTG-005,71.50782687819863,3.7393853772615135,13.580947368948644,0.4480335274380533
2026-09-08 22:00:00,WTG-005,8.48710026023685,3.820035411808832,15.277602428674285,0.35153601702145326
2026-09-08 22:15:00,WTG-005,128.30699718163018,4.308537558573409,15.95746417042786,0.5521675771314337
2026-09-08 22:30:00,WTG-005,134.8925982023041,4.849622097900268,15.221172341732268,0.5427959990930743
2026-09-08 22:45:00,WTG-005,111.22791761016512,3.93308704994036,17.02625084216831,0.33744048623906636
2026-09-08 23:00:00,WTG-005,400.56950571685195,6.782369422865277,16.272325710462717,0.6672808969414952
2026-09-08 23:15:00,WTG-005,212.40579336899083,4.814325401800542,14.628318728378982,0.5046405038920381
2026-09-08 23:30:00,WTG-005,89.0596375296976,5.212438112147547,14.380650053191154,0.5263217862057823
2026-09-08 23:45:00,WTG-005,203.6234408960296,5.704723692133836,16.555946107157176,0.6324337363764027
2026-09-09 00:00:00,WTG-005,357.71963166201846,7.077848382412329,14.361211958345674,0.7871060634932516
2026-09-09 00:15:00,WTG-005,935.9413236085833,9.245311674390365,16.54325833996474,0.9631183632164312
2026-09-09 00:30:00,WTG-005,205.26455710270494,5.238765720628581,15.165141366712893,0.594254141851898
2026-09-09 00:45:00,WTG-005,117.93143830798965,3.527589527797884,15.67410122469656,0.3675944548138151
2026-09-09 01:00:00,WTG-005,644.9959628619811,8.637862037481431,14.242122620047917,0.8385402565019928
2026-09-09 01:15:00,WTG-005,618.4803045230161,7.8581065329672315,15.537478032165172,0.7835882357188325
2026-09-09 01:30:00,WTG-005,446.643658499466,6.993611526774452,16.065001036961128,0.7306623910391257
2026-09-09 01:45:00,WTG-005,424.01958939245776,7.022584882070506,15.088918915332416,0.6402712734336691
2026-09-09 02:00:00,WTG-005,564.4458271200497,8.15647200904022,16.448820657668854,0.7659495628217272
2026-09-09 02:15:00,WTG-005,659.3104232045272,8.35218438547484,14.960995754451265,0.9389952239086481
2026-09-09 02:30:00,WTG-005,438.1780963434066,6.885404036920284,16.831350662514527,0.6486757956747475
2026-09-09 02:45:00,WTG-005,382.0593465678665,6.776978303675934,15.023420360773349,0.6570409986687095
2026-09-09 03:00:00,WTG-005,623.3769919267446,8.021283607076944,15.19904124931317,0.7486439654819118
2026-09-09 03:15:00,WTG-005,999.9542401885627,9.324163251582648,17.098329433602142,1.0592092132598634
2026-09-09 03:30:00,WTG-005,652.0081414325075,8.654266550021953,15.355734121994804,0.9271686204437964
2026-09-09 03:45:00,WTG-005,957.7432751089259,9.329914834810369,16.730646332094864,0.9082435537953241
2026-09-09 04:00:00,WTG-005,393.52602373472587,6.614676473892282,17.44017198827211,0.6828753819054799
2026-09-09 04:15:00,WTG-005,1678.1447544910466,11.270916050529184,17.964684266249492,1.1191303371348909
2026-09-09 04:30:00,WTG-005,1279.656451795648,10.40349417287763,18.00923245617346,1.0675733796767182
2026-09-09 04:45:00,WTG-005,828.9362922175212,8.988017258945558,17.506214177167237,0.893433146612395
2026-09-09 05:00:00,WTG-005,470.1426064101359,8.027402899280068,18.67101066536983,0.7787877927786232
2026-09-09 05:15:00,WTG-005,382.2928635095331,7.531318071292843,17.9950015149688,0.7981709627029497
2026-09-09 05:30:00,WTG-005,902.6231973779197,9.071081907962439,19.653142158361184,0.8690843242293741
2026-09-09 05:45:00,WTG-005,630.9618276491085,7.931777200831456,19.6960802560908,0.7247877110373683
2026-09-09 06:00:00,WTG-005,150.81405819880118,5.474295685327705,20.689091344988295,0.5869905258451493
2026-09-09 06:15:00,WTG-005,951.6220454372981,9.470117829418879,21.04501862339941,0.9162608411715321
2026-09-09 06:30:00,WTG-005,812.5305285767663,8.947014563083984,19.690117933068116,0.8829203372693462
2026-09-09 06:45:00,WTG-005,524.9094793770713,7.347709649225368,21.351365482874172,0.7047983447856513
2026-09-09 07:00:00,WTG-005,1023.8169951304287,9.670187343910234,22.391139603101905,0.9209103535685007
2026-09-09 07:15:00,WTG-005,748.9585235220403,8.986755530487475,21.9749282905899,0.9026182399644178
2026-09-09 07:30:00,WTG-005,356.33289802782883,6.943565619775308,22.375418513354614,0.7052125603764542
2026-09-09 07:45:00,WTG-005,638.3249697233273,8.36247373929545,20.494335624723348,0.8330064175810077
2026-09-09 08:00:00,WTG-005,1076.9122771314112,9.564117438135966,23.18629096841962,0.9728874922534382
2026-09-09 08:15:00,WTG-005,525.9583381643796,7.345550813694385,21.650183325754366,0.7390882934376657
2026-09-09 08:30:00,WTG-005,1678.065439071383,11.11569560525907,23.605700255349436,1.090725894813353
2026-09-09 08:45:00,WTG-005,795.235074007379,8.907054532471536,23.7805012447428,0.9305887510745143
2026-09-09 09:00:00,WTG-005,337.44632342277913,6.4860964641920456,24.117218806386376,0.5823937982558449
2026-09-09 09:15:00,WTG-005,1995.0688867629262,12.288800400347887,23.215393133634052,1.1918159026406885
2026-09-09 09:30:00,WTG-005,513.5583667796046,7.6420567237419395,24.146493932213776,0.8402443204415203
2026-09-09 09:45:00,WTG-005,616.4501540184482,7.4450119847338945,23.976119059088237,0.7752537489581891
2026-09-09 10:00:00,WTG-005,298.9928513699722,5.869799472194545,24.80398870501968,0.6000448888313249
2026-09-09 10:15:00,WTG-005,214.8717585485631,6.06936676733495,25.02422233557222,0.6074993891329875
2026-09-09 10:30:00,WTG-005,477.97303607990983,7.352264105428334,24.34808943446678,0.7997575205818943
2026-09-09 10:45:00,WTG-005,766.6649512325023,8.414954448520525,26.221628628086336,0.8325030620407373
2026-09-09 11:00:00,WTG-005,643.8770135972263,8.120469268107707,24.929186074936077,0.8308790742795814
2026-09-09 11:15:00,WTG-005,767.6031942396834,8.404530088856536,25.77307575896296,0.8037731950360432
2026-09-09 11:30:00,WTG-005,589.2699804313262,8.03755568849513,25.22038569333107,0.8371205782485014
2026-09-09 11:45:00,WTG-005,97.44709182725094,3.6786087084522325,23.65093373709606,0.4091691656702803
2026-09-09 12:00:00,WTG-005,218.2036443194961,4.687684383005744,26.39922857105436,0.4794991651458842
2026-09-09 12:15:00,WTG-005,486.8124998011893,7.429113649967622,25.800847941427953,0.6306901341544456
2026-09-09 12:30:00,WTG-005,174.4303565955913,5.462441855258922,27.029058561013862,0.5525738826697794
2026-09-09 12:45:00,WTG-005,31.99500572174285,3.2929104555238076,24.839922321307952,0.3248386768614154
2026-09-09 13:00:00,WTG-005,136.62589803337886,4.700985354693476,25.716880277666302,0.5253092046870177
2026-09-09 13:15:00,WTG-005,254.6823413241688,6.273496278515367,25.03982906424991,0.5545389912951949
2026-09-09 13:30:00,WTG-005,170.8956836631481,5.433626805271089,24.69901568083901,0.5768615095693004
2026-09-09 13:45:00,WTG-005,10.569853080662043,3.4628205784432957,24.815195305172388,0.35045664611102734
2026-09-09 14:00:00,WTG-005,47.21935670758331,4.502092777928627,22.972743795478884,0.4398585826173511
2026-09-09 14:15:00,WTG-005,381.45434697004566,6.943282172268358,24.600655893600667,0.737294934470472
2026-09-09 14:30:00,WTG-005,50.01965666755701,2.8092469639537567,23.558373124792432,0.29227490538100104
2026-09-09 14:45:00,WTG-005,359.79814527017,6.019421655520622,23.556288850758396,0.5716431945224059
2026-09-09 15:00:00,WTG-005,145.57512270314277,4.9717816188495005,23.632597731715947,0.624676982385259
2026-09-09 15:15:00,WTG-005,84.12181782161939,3.750100660314355,20.682149072882996,0.39890826435228915
2026-09-09 15:30:00,WTG-005,15.667126494365785,0.0,22.621284762566223,-0.03229399059566356
2026-09-09 15:45:00,WTG-005,74.53463393969699,4.339082299815061,22.42715071515204,0.3620466498800642
2026-09-09 16:00:00,WTG-005,89.04683802047262,3.106909847573978,23.930325463131222,0.31478089702919515
2026-09-09 16:15:00,WTG-005,0.0,3.5772349569923376,22.594981881981568,0.4350950850399303
2026-09-09 16:30:00,WTG-005,19.87452971561044,2.8843096298157707,22.820410954152468,0.3206210968564351
2026-09-09 16:45:00,WTG-005,69.90943056039369,2.246167959782817,20.91818449594287,0.22065036284381156
2026-09-09 17:00:00,WTG-005,95.36332421180101,3.9745564093750785,20.46043179775879,0.410752559653119
2026-09-09 17:15:00,WTG-005,270.5241047924261,5.679216990329694,20.283718107851165,0.5428354442665437
2026-09-09 17:30:00,WTG-005,0.0,2.0964790000384514,21.173589617424955,0.15644355353549239
2026-09-09 17:45:00,WTG-005,78.78056285538318,1.7416587317751036,19.149985420967287,0.14818811321397077
2026-09-09 18:00:00,WTG-005,78.97625587678557,0.6362161445561285,19.96503978060903,0.091898497691415
2026-09-09 18:15:00,WTG-005,0.0,0.8095487668644457,19.027430622202644,0.17914152175048667
2026-09-09 18:30:00,WTG-005,0.0,1.0465878472847154,18.432351065554442,0.053622504662282036
2026-09-09 18:45:00,WTG-005,175.8204420707686,4.46832292558169,16.46327648718459,0.47774210175065246
2026-09-09 19:00:00,WTG-005,82.69630250047155,4.087721158076228,19.20054605873887,0.4025383064803187
2026-09-09 19:15:00,WTG-005,43.14680960622269,0.0,18.09818860594174,0.037271096143732245
2026-09-09 19:30:00,WTG-005,42.01496741927765,3.278682821338934,19.118045522302772,0.31747340680731695
2026-09-09 19:45:00,WTG-005,72.95673550942664,4.482068065675315,17.992729512144553,0.38298017285012736
2026-09-09 20:00:00,WTG-005,32.521528735443,3.728632410066326,16.02346177021183,0.43497792921908796
2026-09-09 20:15:00,WTG-005,0.0,3.0575799630855314,18.219556621873778,0.3521179336280606
2026-09-09 20:30:00,WTG-005,240.4952515561324,5.200982644879009,18.092435222644415,0.4547809233693801
2026-09-09 20:45:00,WTG-005,0.0,1.9527686603330827,17.396754163769508,0.10851105513196785
2026-09-09 21:00:00,WTG-005,106.68820043439817,4.755477195157413,18.076854205344137,0.5566587748977899
2026-09-09 21:15:00,WTG-005,189.77588060111066,5.768933165351374,15.767711855780192,0.5509467451621693
2026-09-09 21:30:00,WTG-005,46.78429965261589,1.162455820447355,16.044058658810446,0.06419820944579846
2026-09-09 21:45:00,WTG-005,211.98181677616844,5.164377690155275,16.10834470018225,0.4547537604674027
2026-09-09 22:00:00,WTG-005,125.73728870484369,4.178171508813034,14.61586486773732,0.4068301535469536
2026-09-09 22:15:00,WTG-005,13.29464566358935,2.319391844419459,15.733958275825955,0.17872637378664954
2026-09-09 22:30:00,WTG-005,221.87340470150215,5.585357437710356,14.401988028642062,0.6059761186550772
2026-09-09 22:45:00,WTG-005,276.93980832806307,6.483015957814704,14.950626657380269,0.6478211498752003
2026-09-09 23:00:00,WTG-005,227.22086799091736,5.137283475142674,13.410695253557318,0.5314719771450255
2026-09-09 23:15:00,WTG-005,161.49829776941206,5.345017288245213,15.301268523850686,0.5673681752563153
2026-09-09 23:30:00,WTG-005,297.00079083365654,5.954974765847228,15.22397117026988,0.5672313791809459
2026-09-09 23:45:00,WTG-005,291.2525962223352,6.736021675358122,14.940378631985462,0.6331756928380465
2026-09-10 00:00:00,WTG-005,120.54056797655639,4.71515317929317,15.394711835100145,0.48577072325852416
2026-09-10 00:15:00,WTG-005,193.61242131804138,5.63367184508457,15.949572594530862,0.5346889770771891
2026-09-10 00:30:00,WTG-005,227.0480581322505,4.905036665326533,13.611684702929411,0.4233610896036535
2026-09-10 00:45:00,WTG-005,404.389712298783,7.14888071963061,14.94987664776737,0.6531201635271033
2026-09-10 01:00:00,WTG-005,407.84962226002966,6.941431613023255,17.617865856251484,0.5826386827772748
2026-09-10 01:15:00,WTG-005,162.59398994402042,5.445668824418527,16.245429049372365,0.48377449554339824
2026-09-10 01:30:00,WTG-005,406.66505007253113,6.580071164074634,15.008358559173468,0.5817826405386011
2026-09-10 01:45:00,WTG-005,1180.5795343728234,9.951378619136115,14.07346985712978,0.9714901611703028
2026-09-10 02:00:00,WTG-005,420.64750238517115,7.446501366661168,16.39139035743772,0.7194313242945338
2026-09-10 02:15:00,WTG-005,271.1204428260423,5.79774727203592,15.47718460540074,0.5575272289917733
2026-09-10 02:30:00,WTG-005,1498.9705281220265,10.992037433719945,15.181767877191788,1.1170697874501747
2026-09-10 02:45:00,WTG-005,367.49228970752637,7.081084758228189,15.535416435460954,0.6821651220787295
2026-09-10 03:00:00,WTG-005,1202.9567883717737,10.259862494272685,16.451145665440425,0.9637052795555209
2026-09-10 03:15:00,WTG-005,481.76980973606913,7.513395472295037,15.185120025327647,0.7843347247293204
2026-09-10 03:30:00,WTG-005,1412.7865849898105,10.630624303558143,16.81313114395706,1.0545850176500946
2026-09-10 03:45:00,WTG-005,1408.8566944470267,10.88281346605581,17.64401050025772,1.0989256114559605
2026-09-10 04:00:00,WTG-005,1163.3385411438012,9.722343616234308,16.936353626204724,1.0104277189935644
2026-09-10 04:15:00,WTG-005,563.1946786106794,7.6428354185226635,17.50137132857345,0.7631013687833651
2026-09-10 04:30:00,WTG-005,883.4277674221494,9.096073889233194,17.57974651329899,0.922343035214115
2026-09-10 04:45:00,WTG-005,642.7945324366327,8.206185327929559,18.62261146123258,0.7549664899643925
2026-09-10 05:00:00,WTG-005,854.2047609384251,9.327952912800916,17.863945850268248,0.9310669872084426
2026-09-10 05:15:00,WTG-005,424.23563601896984,7.22202364357221,19.714600506052715,0.5976982156219347
2026-09-10 05:30:00,WTG-005,743.6464559202802,8.644438461790022,20.16986685467543,0.8319622197082704
2026-09-10 05:45:00,WTG-005,903.3412891878089,9.383509855799886,19.087472772830644,0.9969211032342659
2026-09-10 06:00:00,WTG-005,436.9811661423058,7.328562521158139,18.81688120782498,0.670767778428907
2026-09-10 06:15:00,WTG-005,979.8968776963702,9.49072665773479,20.59431704104669,1.0426708123348167
2026-09-10 06:30:00,WTG-005,1308.5953639050638,10.48795919170215,18.337567400683216,1.1065154377828732
2026-09-10 06:45:00,WTG-005,1577.1900728255264,11.245963505616324,19.67152583978928,1.246971594605111
2026-09-10 07:00:00,WTG-005,1413.87489699662,10.76732814168091,21.537442957849322,1.0797541668607806
2026-09-10 07:15:00,WTG-005,775.045579135666,8.634828816124273,21.254035371677585,0.8519895001790944
2026-09-10 07:30:00,WTG-005,1475.0393113883126,10.9077068710173,22.070944827188793,1.0433453050604535
2026-09-10 07:45:00,WTG-005,832.9628503856933,9.174731899685499,22.65897369634227,0.9452096967662234
2026-09-10 08:00:00,WTG-005,453.99775903399717,7.197914334205571,23.497148740680913,0.6838688621052254
2026-09-10 08:15:00,WTG-005,611.6151972699789,8.287519849836775,20.795275051482392,0.8628174061674905
2026-09-10 08:30:00,WTG-005,1220.7159835862155,9.9600949992971,22.27110461443078,1.0048078527839646
2026-09-10 08:45:00,WTG-005,525.0214854553495,7.696246852033379,23.976500890573035,0.7400661562570149
2026-09-10 09:00:00,WTG-005,606.8766253213926,7.985820847555527,21.804971090617883,0.8186432489934147
2026-09-10 09:15:00,WTG-005,442.2125909361266,7.009466769613995,24.22551733414926,0.6562122121255368
2026-09-10 09:30:00,WTG-005,301.0241390073686,6.467245621519891,23.877398313433616,0.687339747915594
2026-09-10 09:45:00,WTG-005,845.73644346441,9.127162762432675,23.691586548630568,0.8730847655460685
2026-09-10 10:00:00,WTG-005,754.1679987388908,8.64857922717,24.782272191360107,0.8892027569084462
2026-09-10 10:15:00,WTG-005,402.00177836191784,6.3981097255476005,23.357129429922303,0.6073988917631269
2026-09-10 10:30:00,WTG-005,769.7597863501134,8.735377009613362,23.164565696442505,0.8518736414818063
2026-09-10 10:45:00,WTG-005,22.116202054251488,4.193916515342895,26.568718622113987,0.4535500056424058
2026-09-10 11:00:00,WTG-005,126.88882001881112,4.447853112279129,25.87221447543122,0.48478021618732453
2026-09-10 11:15:00,WTG-005,574.8543493488335,7.664759246271969,23.605683684117814,0.6940211740489155
2026-09-10 11:30:00,WTG-005,1126.5526312952584,9.805320798910024,24.446221794620566,0.9487115226056063
2026-09-10 11:45:00,WTG-005,276.49463050550014,6.392071386235193,25.05640360148041,0.6100720765079275
2026-09-10 12:00:00,WTG-005,283.7939023401037,5.694035251891258,26.112416782397677,0.595357889994412
2026-09-10 12:15:00,WTG-005,1152.176820312758,9.842702447750746,24.773466523421003,1.0640268165805438
2026-09-10 12:30:00,WTG-005,250.20735172841182,6.19545215614412,24.234299818704923,0.662416930201955
2026-09-10 12:45:00,WTG-005,178.82140952000972,5.079213229128465,24.268655504971687,0.5272145300955321
2026-09-10 13:00:00,WTG-005,418.67342947805065,7.331331901517848,23.690499780575884,0.7918394659376963
2026-09-10 13:15:00,WTG-005,0.0,4.101010459296472,25.768520509898842,0.3975418777179841
2026-09-10 13:30:00,WTG-005,101.42957754842308,3.1623265041304176,26.100229803158495,0.2958516398806451
2026-09-10 13:45:00,WTG-005,336.67759254387033,6.65237834343194,24.20416565840037,0.5824816664643749
2026-09-10 14:00:00,WTG-005,0.0,3.2239551023296995,22.497018878293268,0.3403548391557034
2026-09-10 14:15:00,WTG-005,121.71778266468498,4.338013705040967,22.985980520525313,0.3824603839935599
2026-09-10 14:30:00,WTG-005,189.16142386412378,5.780320398136394,24.473078424742347,0.5650708411964172
2026-09-10 14:45:00,WTG-005,96.95908811320317,4.072022669751588,24.162558840109245,0.3733588442208262
2026-09-10 15:00:00,WTG-005,0.0,2.3899172106772393,22.345934309751783,0.2426403919483205
2026-09-10 15:15:00,WTG-005,0.0,1.9138892967357188,23.764769009915312,0.24809537298857834
2026-09-10 15:30:00,WTG-005,48.13285953763751,2.071776870805641,22.079870401960733,0.19890091501128998
2026-09-10 15:45:00,WTG-005,61.68391357157597,3.2609812536324148,22.84359419100419,0.2758221899254707
2026-09-10 16:00:00,WTG-005,11.821181107842634,1.3706466893006573,25.05878702922869,0.08303242451809983
2026-09-10 16:15:00,WTG-005,5.049015654996985,1.3705215261072405,21.401397004222602,0.1474080001717496
2026-09-10 16:30:00,WTG-005,72.12834062822141,2.7073092224955424,21.672557143842287,0.3001360386678189
2026-09-10 16:45:00,WTG-005,30.3185339677723,2.4257587195558035,23.201170256939953,0.27421134111364154
2026-09-10 17:00:00,WTG-005,308.36190840693416,6.192710220796699,21.08893501101199,0.636922473745122
2026-09-10 17:15:00,WTG-005,11.033892907753502,2.120230189493032,21.68305286507124,0.2727646507112139
2026-09-10 17:30:00,WTG-005,55.20813124155144,4.212924776601701,22.284745369572217,0.38166241592707134
2026-09-10 17:45:00,WTG-005,0.0,2.89676590137372,20.785387214105487,0.3016153009027787
2026-09-10 18:00:00,WTG-005,170.05410244260997,5.203522330798209,17.33707167705148,0.46496936926878396
2026-09-10 18:15:00,WTG-005,67.73123941316365,3.270620304975266,18.71842695694181,0.3411855004534067
2026-09-10 18:30:00,WTG-005,11.77812832039334,0.7165340756631573,18.455333625442037,0.08011556428408259
2026-09-10 18:45:00,WTG-005,163.12072700323472,5.1508518769879466,20.110615715026068,0.5679829521508425
2026-09-10 19:00:00,WTG-005,75.27360936686888,3.4534075671972033,19.312449766624518,0.3899766241807399
2026-09-10 19:15:00,WTG-005,359.23100036154864,6.64169639901684,18.237941414081003,0.6138510376400247
2026-09-10 19:30:00,WTG-005,28.04078874915646,3.6573442585697498,19.35834660241711,0.3389193266474981
2026-09-10 19:45:00,WTG-005,9.434714470183785,3.400568582678672,17.57354269582967,0.4103753242660993
2026-09-10 20:00:00,WTG-005,137.55909021590693,4.870014198969772,16.9043086123114,0.5184298341558657
2026-09-10 20:15:00,WTG-005,234.4949536968268,6.441536386282891,17.47463112744433,0.6305566235187527
2026-09-10 20:30:00,WTG-005,101.24608188509112,3.020264972360228,17.19770683832431,0.2895742741750915
2026-09-10 20:45:00,WTG-005,193.4968491948643,5.76428255141925,17.19789135257913,0.5511422440198578
2026-09-10 21:00:00,WTG-005,159.77867023787553,4.842401297192732,15.137522009989523,0.5657586023836829
2026-09-10 21:15:00,WTG-005,34.78941847157905,3.2677398599110656,16.521282204279547,0.3630806874309565
2026-09-10 21:30:00,WTG-005,118.85702322809365,4.740611250861645,16.310666481266892,0.5296289348111374
2026-09-10 21:45:00,WTG-005,69.439777050155,3.0842912415992334,17.01475229554488,0.2409933806603266
2026-09-10 22:00:00,WTG-005,114.36787722561205,4.6706781470397125,15.498560297630522,0.508205730749438
2026-09-10 22:15:00,WTG-005,0.0,1.9601058324568434,15.542022119719434,0.18255389205967568
2026-09-10 22:30:00,WTG-005,25.596809308760022,1.8089894042273915,15.154049541958932,0.1696075724329828
2026-09-10 22:45:00,WTG-005,61.16158111224894,3.6037396849461496,15.572155222928927,0.3937721235442663
2026-09-10 23:00:00,WTG-005,77.85205349963356,3.6716667553277182,16.72211773360149,0.2875569409156752
2026-09-10 23:15:00,WTG-005,121.8462319580687,4.707582099469599,15.058817671037094,0.522447426287871
2026-09-10 23:30:00,WTG-005,227.39498853655581,6.552455489361975,15.19369875330709,0.6014346928045246
2026-09-10 23:45:00,WTG-005,34.105918777287776,3.8904679793696424,14.51912497887576,0.3615697592435001
2026-09-11 00:00:00,WTG-005,511.7773085235682,7.07005500488782,14.391922687851363,0.7748001094156073
2026-09-11 00:15:00,WTG-005,151.8118108615036,5.36491171415212,13.696631865914458,0.48145125855407855
2026-09-11 00:30:00,WTG-005,617.1365069498445,8.239265354684363,15.26870927775472,0.7807499825440696
2026-09-11 00:45:00,WTG-005,811.296296353204,8.897115918034839,13.631277610490466,0.9390343767244324
2026-09-11 01:00:00,WTG-005,181.85252918811761,4.992986633865021,15.551812362855244,0.46627621275398556
2026-09-11 01:15:00,WTG-005,307.56514840599704,6.4921174716047,15.265688564605338,0.6351593200878245
2026-09-11 01:30:00,WTG-005,435.3481424239376,7.349130023811024,13.061020335836886,0.7297826988531065
2026-09-11 01:45:00,WTG-005,381.54065697199354,7.09433462318465,15.643628198174744,0.7313776373591
2026-09-11 02:00:00,WTG-005,354.8967022197148,7.17212672171549,16.576339497031476,0.7728744690081786
2026-09-11 02:15:00,WTG-005,375.309549673784,6.645066059324208,15.247923615614365,0.6409779934294136
2026-09-11 02:30:00,WTG-005,506.8836960340836,7.025969389845388,17.012973929233482,0.6960044188987414
2026-09-11 02:45:00,WTG-005,973.7863652906848,9.532409979193018,16.03271367410207,0.8965903017738114
2026-09-11 03:00:00,WTG-005,1154.6199610670433,10.323548993598939,16.009308886790674,0.9089686139992641
2026-09-11 03:15:00,WTG-005,457.65450465674337,7.179865073276163,16.816237863585762,0.7301568162322378
2026-09-11 03:30:00,WTG-005,680.311364693144,8.639732247904114,15.429679428041371,0.9151523372951181
2026-09-11 03:45:00,WTG-005,284.65820022077435,6.961298074403271,17.025719338644578,0.734400620342007
2026-09-11 04:00:00,WTG-005,488.47257093271674,7.092270617533953,18.180595828560264,0.6791308068280584
2026-09-11 04:15:00,WTG-005,302.5811720067693,6.293960012662311,19.615909640225645,0.6112934783790767
2026-09-11 04:30:00,WTG-005,449.8950870105787,6.928716957068048,20.114161958239215,0.6775700417488703
2026-09-11 04:45:00,WTG-005,1656.748421261557,11.17189014379855,17.238224890074363,1.1090722497799608
2026-09-11 05:00:00,WTG-005,1296.4843746744425,10.320328226668462,18.667496763761477,1.0728809404727389
2026-09-11 05:15:00,WTG-005,700.9852255952508,8.416708897874393,19.607769081171462,0.8786375613307593
2026-09-11 05:30:00,WTG-005,740.8775136914675,8.48472213976724,19.474530898202037,0.8406501664023707
2026-09-11 05:45:00,WTG-005,1541.511127947053,10.868278908048254,18.73099384551108,1.0738512541077803
2026-09-11 06:00:00,WTG-005,910.1218424859122,9.388840692915114,18.430920842097322,0.9322577606961934
2026-09-11 06:15:00,WTG-005,530.6897280342372,7.64538276592741,22.67151253853696,0.8448702021837967
2026-09-11 06:30:00,WTG-005,1604.0027395901727,11.16571696736575,20.017464798333805,1.0811940329467276
2026-09-11 06:45:00,WTG-005,871.478815901186,9.172719110469014,19.18650937953377,0.8826021559951203
2026-09-11 07:00:00,WTG-005,988.6675500246361,9.186419431708812,22.68279507655375,0.9100501961029945
2026-09-11 07:15:00,WTG-005,753.1238637776222,8.68317459223807,21.554923332675347,0.8843691143379149
2026-09-11 07:30:00,WTG-005,1475.4073400497682,10.956164646708643,22.977386514300704,1.1003978654473188
2026-09-11 07:45:00,WTG-005,987.309829305008,9.589707566908714,22.82601970913999,0.999310359255676
2026-09-11 08:00:00,WTG-005,753.47756644603,8.723396895311952,23.460810494633996,0.8858769027689436
2026-09-11 08:15:00,WTG-005,381.52498222497616,6.978905263631315,21.694533127468738,0.7053580498138223
2026-09-11 08:30:00,WTG-005,371.8509124805907,6.612283849693964,24.141453899416085,0.6110376259738205
2026-09-11 08:45:00,WTG-005,1020.45859474449,9.551544054121774,24.747673213015467,1.0094850003654365
2026-09-11 09:00:00,WTG-005,295.963244186894,5.793964010737808,22.657150599896212,0.5814995713229907
2026-09-11 09:15:00,WTG-005,972.482412281264,9.319187044690986,24.477039272469543,0.8453030476356866
2026-09-11 09:30:00,WTG-005,823.0219800842042,8.883782946419872,24.239593023515486,0.8625317833863239
2026-09-11 09:45:00,WTG-005,68.25151865221721,4.6161365932911425,25.76724558452646,0.45680467841254246
2026-09-11 10:00:00,WTG-005,1025.9988429288653,9.415005810924873,25.413437639282133,0.9106931056145784
2026-09-11 10:15:00,WTG-005,688.2182568922765,8.26224920678214,24.99880908142322,0.878822656217538
2026-09-11 10:30:00,WTG-005,477.29705433891763,7.130744435453071,25.04484857033998,0.7869356554130077
2026-09-11 10:45:00,WTG-005,445.75495672232256,7.17618609201709,24.54427260948262,0.8536120017427943
2026-09-11 11:00:00,WTG-005,153.59188408951803,5.843974429882707,23.048159046117487,0.5582588304234838
2026-09-11 11:15:00,WTG-005,601.0014589169031,8.120429777905727,23.997740471478973,0.8564210757120323
2026-09-11 11:30:00,WTG-005,250.21042700866087,5.932865592468703,23.312676587839473,0.5483365768764686
2026-09-11 11:45:00,WTG-005,574.0397168935991,8.08262656209898,25.069089631853753,0.7718017740253778
2026-09-11 12:00:00,WTG-005,48.44572688476463,4.29739023027009,26.204915769434855,0.4896928246246431
2026-09-11 12:15:00,WTG-005,341.3872373512263,6.2286373841777705,26.86809595569578,0.6680589530043786
2026-09-11 12:30:00,WTG-005,339.9367671601547,6.738942660643106,26.43922406221104,0.6347848438439154
2026-09-11 12:45:00,WTG-005,393.8157356151563,7.06427621366484,25.262281155075133,0.705167616279147
2026-09-11 13:00:00,WTG-005,205.81039654600792,6.078813956650493,23.601867109871186,0.6123791581722517
2026-09-11 13:15:00,WTG-005,186.74735280780635,5.2772703749057355,25.9990416468213,0.6002348171575388
2026-09-11 13:30:00,WTG-005,38.5133216988088,3.4391625601513787,24.76455405808149,0.31447847642819404
2026-09-11 13:45:00,WTG-005,334.31597651296147,7.23315134051413,23.96662777110739,0.8012590097307432
2026-09-11 14:00:00,WTG-005,31.983265168134906,2.915461621904437,24.362974900826096,0.3035626672099332
2026-09-11 14:15:00,WTG-005,92.25492855045978,2.4757195528715803,25.85549582421407,0.29359354556139733
2026-09-11 14:30:00,WTG-005,345.9370590699539,5.4175707635459815,25.580308739417426,0.5648448220991922
2026-09-11 14:45:00,WTG-005,0.0,2.915639371454073,24.960997511589646,0.30549533515152505
2026-09-11 15:00:00,WTG-005,99.69526727516589,2.980827494372326,24.568486251406668,0.2833883739020416
2026-09-11 15:15:00,WTG-005,32.19161355416985,2.0207719081557673,21.59496310440418,0.17616491792839506
2026-09-11 15:30:00,WTG-005,0.0,1.9824268771677003,21.763605041320535,0.1728102128892608
2026-09-11 15:45:00,WTG-005,0.0,1.7502393688128732,22.266128846733153,0.13778286736100515
2026-09-11 16:00:00,WTG-005,0.0,1.0751935167571163,22.244170708186637,0.08219373462623306
2026-09-11 16:15:00,WTG-005,130.37278252437696,3.9600327532283153,21.79679790254762,0.4078981177695099
2026-09-11 16:30:00,WTG-005,95.67151774861823,5.047497325864393,24.390218718156145,0.5058725665431726
2026-09-11 16:45:00,WTG-005,208.12501111699135,4.731577951935531,20.31904482935039,0.45540151547986213
2026-09-11 17:00:00,WTG-005,68.57389122314194,3.1035815710936423,20.834993434095054,0.2845770248035818
2026-09-11 17:15:00,WTG-005,0.0,2.5873104431698293,22.24330639906,0.30263841216248005
2026-09-11 17:30:00,WTG-005,0.0,1.7714052700907323,20.704535807636926,0.20650627652258513
2026-09-11 17:45:00,WTG-005,55.74774775195916,4.300963494208283,21.3086524476446,0.383738821254264
2026-09-11 18:00:00,WTG-005,0.0,0.0,19.96900666780716,0.008567540534378745
2026-09-11 18:15:00,WTG-005,89.38684803309657,3.177116792208831,20.290152647359378,0.31893484163019736
2026-09-11 18:30:00,WTG-005,0.0,2.8761404732717484,19.920343700524086,0.24413424056065308
2026-09-11 18:45:00,WTG-005,33.69979368890443,4.245639344653467,18.996989773263074,0.4612907173478579
2026-09-11 19:00:00,WTG-005,49.07915128495464,4.3653276883992005,15.708182797203747,0.38440712301219143
2026-09-11 19:15:00,WTG-005,0.5149445285426424,3.298918429232206,16.593205072930235,0.282947371442967
2026-09-11 19:30:00,WTG-005,51.06957657788073,3.1152810346284507,19.37253722653145,0.2994323216552529
2026-09-11 19:45:00,WTG-005,0.0,1.4950018122026467,18.70589168562721,0.24025438116384354
2026-09-11 20:00:00,WTG-005,0.0,2.8399310129467663,18.907032735416756,0.28960101609210553
2026-09-11 20:15:00,WTG-005,54.72586130583865,4.607910315454159,17.487842784330365,0.4750822850789871
2026-09-11 20:30:00,WTG-005,25.05450224592053,3.000045515673303,16.91526455926472,0.31375708989653484
2026-09-11 20:45:00,WTG-005,0.0,2.230667075482018,17.861102279131032,0.26119255090364046
2026-09-11 21:00:00,WTG-005,75.12024637271044,3.9287086628565198,16.751403372930767,0.45907845815346227
2026-09-11 21:15:00,WTG-005,136.7435677957514,5.799206978346308,15.608459394969337,0.5635767399815298
2026-09-11 21:30:00,WTG-005,11.059226034665286,3.691526762233334,15.013526081131346,0.4404231756548291
2026-09-11 21:45:00,WTG-005,0.0,3.641439362363848,17.123863694598327,0.40251553258767264
2026-09-11 22:00:00,WTG-005,167.20323884032885,5.27003011517121,15.179480864515778,0.44972872419853493
2026-09-11 22:15:00,WTG-005,19.518359189885707,2.987360741965615,15.849818824471336,0.31838465895028345
2026-09-11 22:30:00,WTG-005,264.1001403030202,6.644507366536984,14.113919901606286,0.6043861397824637
2026-09-11 22:45:00,WTG-005,120.22753539991734,3.970896684020751,15.705560254369086,0.4568743902093228
2026-09-11 23:00:00,WTG-005,77.08716507896261,4.33632728304487,15.473111704182003,0.35745748655567244
2026-09-11 23:15:00,WTG-005,90.95494758445591,4.617960307548261,14.354457056968217,0.4086820983880014
2026-09-11 23:30:00,WTG-005,703.9317591343386,8.409758346308259,15.123227650694037,0.8408363992803772
2026-09-11 23:45:00,WTG-005,243.74246535659765,4.611033081422646,14.778555429380997,0.3925156188597399
2026-09-12 00:00:00,WTG-005,421.2105315015342,6.877090657863208,15.422344891295598,0.6691140564325075
2026-09-12 00:15:00,WTG-005,121.18092502811231,5.092025908722956,15.84679197807263,0.49248177258982784
2026-09-12 00:30:00,WTG-005,181.06999738889044,5.228776541577215,14.646150382381736,0.47136730345113675
2026-09-12 00:45:00,WTG-005,122.36188247114481,4.90556355128637,16.51812698128174,0.4370315599383963
2026-09-12 01:00:00,WTG-005,122.3820431586051,4.820358437574006,14.961067140492307,0.4378718286976284
2026-09-12 01:15:00,WTG-005,249.73750937575204,5.86679839754267,14.31210895050358,0.5486917924484582
2026-09-12 01:30:00,WTG-005,1246.1026827269413,10.497245015125712,14.538208259898957,1.0595929546510536
2026-09-12 01:45:00,WTG-005,546.4035062427529,7.83980633940293,14.28841355081808,0.7795777427553237
2026-09-12 02:00:00,WTG-005,289.67803475423267,6.642219307447888,16.84859819965588,0.5705361050232438
2026-09-12 02:15:00,WTG-005,410.534031772803,6.77774580289818,17.661687349837084,0.6429993462627704
2026-09-12 02:30:00,WTG-005,158.27147858280142,5.61179655445873,17.136574135425477,0.6392431670891487
2026-09-12 02:45:00,WTG-005,539.9139025708237,7.706059927350184,15.336166076594477,0.7542971151803736
2026-09-12 03:00:00,WTG-005,868.5959193467114,9.282167148897203,17.094020415547348,0.9945612415869701
2026-09-12 03:15:00,WTG-005,264.38466610827425,6.150383743291897,16.57552090964116,0.6428168609233345
2026-09-12 03:30:00,WTG-005,309.0161042797471,6.558144566939442,17.940861634901772,0.6307542515451482
2026-09-12 03:45:00,WTG-005,759.4234818874677,9.168704304215895,18.47454547625261,0.871083834191026
2026-09-12 04:00:00,WTG-005,499.7364453878174,7.493388227881933,17.211311535529415,0.7458029575225151
2026-09-12 04:15:00,WTG-005,410.4076527280327,6.778102762699998,16.04767689573925,0.6991814590984259
2026-09-12 04:30:00,WTG-005,979.1746851191145,9.317877616231954,18.904025985393407,0.9215374310302524
2026-09-12 04:45:00,WTG-005,834.4313791139314,9.079796520337243,17.562788175632836,0.9103153517643655
2026-09-12 05:00:00,WTG-005,579.6940147893358,8.345658790300792,16.029213826315946,0.745184136975257
2026-09-12 05:15:00,WTG-005,789.0639332781641,8.433965998884696,20.221731938111322,0.8217332797839437
2026-09-12 05:30:00,WTG-005,2000.0,12.216514519449573,18.086897568752313,1.2765049702547033
2026-09-12 05:45:00,WTG-005,641.4992691841608,8.225961052204255,19.253359825941,0.8168199587845842
2026-09-12 06:00:00,WTG-005,1280.4673678907136,10.193650542926363,22.132986588734504,1.0012840168084285
2026-09-12 06:15:00,WTG-005,806.1618136845502,8.945121059934728,20.280925132433275,0.9039007906691691
2026-09-12 06:30:00,WTG-005,917.7081930684308,9.063868476387961,20.283887910510924,0.8044274988546185
2026-09-12 06:45:00,WTG-005,372.16959825259755,7.011588253748885,22.038570901515214,0.6786762698240285
2026-09-12 07:00:00,WTG-005,796.5165252888625,8.957002928108416,20.349221914837578,1.0433099050723638
2026-09-12 07:15:00,WTG-005,696.3948363501123,8.132862058203692,20.553374317317946,0.838983365157047
2026-09-12 07:30:00,WTG-005,903.3255583735322,9.066070762678176,22.158958142970462,0.9159563156829548
2026-09-12 07:45:00,WTG-005,451.94235389165453,7.218997434719141,22.335748863021358,0.7536036572384593
2026-09-12 08:00:00,WTG-005,1371.5772702488418,10.635723294185512,21.94513860916379,1.1650629561652404
2026-09-12 08:15:00,WTG-005,1689.340300601728,11.531431406180737,21.31634802241081,1.1439634452326848
2026-09-12 08:30:00,WTG-005,782.4441852443512,8.839607667128789,24.142627630419554,0.8500421119153411
2026-09-12 08:45:00,WTG-005,401.17698117725456,6.5527804920899335,22.448397406695,0.6066848673427047
2026-09-12 09:00:00,WTG-005,1594.5686845977293,11.025584643182764,24.27741606227255,1.167670474220455
2026-09-12 09:15:00,WTG-005,654.5280454148468,8.242118527129225,24.504864590969277,0.8547208934503484
2026-09-12 09:30:00,WTG-005,467.07483471582157,6.833462067815708,23.465075184118106,0.7680977983898993
2026-09-12 09:45:00,WTG-005,497.4155945333312,7.613773488169463,24.02389419085929,0.8445144061641573
2026-09-12 10:00:00,WTG-005,485.2199783027209,7.958122135881486,24.40043595712286,0.7432546690001823
