timestamp,asset_id,actual_power,ambient_temp_c,module_temp_c,irradiance_wm2,DC_POWER
2023-10-01 00:00:00,SOLAR-ALPHA-01,0.0,10.0,10.268802319697933,0.0,0.0
2023-10-01 00:15:00,SOLAR-ALPHA-01,0.0,11.868206981915026,11.13247140027098,0.0,0.0
2023-10-01 00:30:00,SOLAR-ALPHA-01,0.0,10.34757949123854,11.420848582625876,0.0,0.0
2023-10-01 00:45:00,SOLAR-ALPHA-01,0.0,12.987239995459229,15.45330220831033,0.0,0.0
2023-10-01 01:00:00,SOLAR-ALPHA-01,0.0,10.0,10.010910587098783,0.0,0.0
2023-10-01 01:15:00,SOLAR-ALPHA-01,0.0,10.0,10.265650235451428,0.0,0.0
2023-10-01 01:30:00,SOLAR-ALPHA-01,0.0,10.0,11.476963395918574,0.0,0.0
2023-10-01 01:45:00,SOLAR-ALPHA-01,0.0,10.600466871127656,12.849633044010254,0.0,0.0
2023-10-01 02:00:00,SOLAR-ALPHA-01,0.0,10.0,9.447208137769561,0.0,0.0
2023-10-01 02:15:00,SOLAR-ALPHA-01,0.0,10.0,9.938779663097352,0.0,0.0
2023-10-01 02:30:00,SOLAR-ALPHA-01,0.0,10.0,9.673339496929236,0.0,0.0
2023-10-01 02:45:00,SOLAR-ALPHA-01,0.0,10.0,10.362435486761287,0.0,0.0
2023-10-01 03:00:00,SOLAR-ALPHA-01,0.0,10.0,10.236057341623003,0.0,0.0
2023-10-01 03:15:00,SOLAR-ALPHA-01,0.0,10.0,8.31959719327475,0.0,0.0
2023-10-01 03:30:00,SOLAR-ALPHA-01,0.0,10.0,11.59539548959526,0.0,0.0
2023-10-01 03:45:00,SOLAR-ALPHA-01,0.0,13.356083461402386,13.348041100159643,0.0,0.0
2023-10-01 04:00:00,SOLAR-ALPHA-01,0.0,10.88771621045863,12.58765183449276,0.0,0.0
2023-10-01 04:15:00,SOLAR-ALPHA-01,0.0,10.0,10.111498116170075,0.0,0.0
2023-10-01 04:30:00,SOLAR-ALPHA-01,0.0,11.389412363833674,10.608154265971855,0.0,0.0
2023-10-01 04:45:00,SOLAR-ALPHA-01,0.0,13.502006217026228,16.370523138823007,0.0,0.0
2023-10-01 05:00:00,SOLAR-ALPHA-01,0.0,10.418883352769338,9.341736727665388,0.0,0.0
2023-10-01 05:15:00,SOLAR-ALPHA-01,0.0,14.163249874346835,15.140292533225702,0.0,0.0
2023-10-01 05:30:00,SOLAR-ALPHA-01,0.0,13.20181273255066,12.895568615066606,0.0,0.0
2023-10-01 05:45:00,SOLAR-ALPHA-01,0.0,13.120869531449339,13.12022092690234,0.0,0.0
2023-10-01 06:00:00,SOLAR-ALPHA-01,0.0,12.804409399138912,13.153663191989015,0.0,0.0
2023-10-01 06:15:00,SOLAR-ALPHA-01,236.91694075438573,17.322761512607606,19.005555523889615,111.44201225320964,248.76278779210503
2023-10-01 06:30:00,SOLAR-ALPHA-01,174.50039356448212,17.904002602621738,18.106745341259984,81.27202568234357,183.22541324270622
2023-10-01 06:45:00,SOLAR-ALPHA-01,456.75527991381966,18.8425104605379,24.37575245146403,234.75114158817325,479.59304390951064
2023-10-01 07:00:00,SOLAR-ALPHA-01,365.7287745357793,19.80769348781549,24.859115058199073,195.0207633971832,384.01521326256824
2023-10-01 07:15:00,SOLAR-ALPHA-01,512.9411105580807,19.196867234312545,25.03962536446552,254.55794517231104,538.5881660859848
2023-10-01 07:30:00,SOLAR-ALPHA-01,543.5972286628531,19.331260665367967,25.304100257832285,272.02707739477404,570.7770900959958
2023-10-01 07:45:00,SOLAR-ALPHA-01,634.763347909007,20.319980057453193,28.574946025939926,320.9609540808169,666.5015153044575
2023-10-01 08:00:00,SOLAR-ALPHA-01,832.5415849782515,22.228013109993427,34.27918774256257,436.36310952022455,874.1686642271642
2023-10-01 08:15:00,SOLAR-ALPHA-01,819.2071994134823,20.854802840848198,31.309506767348903,415.5514104842333,860.1675593841564
2023-10-01 08:30:00,SOLAR-ALPHA-01,917.6857762042819,21.82400083220883,34.423053117188694,482.67141605495266,963.570065014496
2023-10-01 08:45:00,SOLAR-ALPHA-01,1058.7633932956844,21.660513321211116,33.56766586632126,552.2555249150503,1111.7015629604687
2023-10-01 09:00:00,SOLAR-ALPHA-01,885.8906269229228,24.84720115789529,37.16281310461262,472.9614146889694,930.185158269069
2023-10-01 09:15:00,SOLAR-ALPHA-01,1339.498334259147,21.22085430694055,36.92855499598269,701.6236760968192,1406.4732509721043
2023-10-01 09:30:00,SOLAR-ALPHA-01,1243.2539103268532,21.045521985744475,38.18071485317968,656.0733178600599,1305.4166058431958
2023-10-01 09:45:00,SOLAR-ALPHA-01,1157.0845671063632,23.871618291969057,39.01546211006266,605.2609865649629,1214.9387954616814
2023-10-01 10:00:00,SOLAR-ALPHA-01,1157.7654790574013,25.288817858097225,41.58180419142793,619.7369675954697,1215.6537530102714
2023-10-01 10:15:00,SOLAR-ALPHA-01,1406.4454784617064,26.81642583668184,46.226933890968475,777.0776958214219,1476.7677523847917
2023-10-01 10:30:00,SOLAR-ALPHA-01,1352.9918076213405,27.05773744960308,43.57025622004163,727.2900140436751,1420.6413980024076
2023-10-01 10:45:00,SOLAR-ALPHA-01,1441.140848662712,27.04739472615497,48.50485926113786,804.1285186021305,1513.1978910958476
2023-10-01 11:00:00,SOLAR-ALPHA-01,1405.2507416373005,28.156001729332093,46.032045782538496,770.6295723388092,1475.5132787191656
2023-10-01 11:15:00,SOLAR-ALPHA-01,1296.514276048793,29.839586696415658,48.23151341394001,716.5989633622944,1361.3399898512325
2023-10-01 11:30:00,SOLAR-ALPHA-01,1383.0293450158138,24.860247540052413,42.38495620561878,750.2199909690419,1452.1808122666046
2023-10-01 11:45:00,SOLAR-ALPHA-01,1469.0986939801808,25.85806611030227,44.412327444743234,788.9447766930805,1542.5536286791898
2023-10-01 12:00:00,SOLAR-ALPHA-01,1498.8133343289762,30.563412517250512,52.36136655968007,845.8558510785399,1573.7540010454252
2023-10-01 12:15:00,SOLAR-ALPHA-01,1464.7120710177257,25.439579888871787,47.42997901765903,806.3355194028189,1537.947674568612
2023-10-01 12:30:00,SOLAR-ALPHA-01,1508.415711240401,28.463410137133756,48.49947114948275,839.3546240276968,1583.836496802421
2023-10-01 12:45:00,SOLAR-ALPHA-01,1483.461742478208,30.444344038397357,51.19237092659451,824.2860685952382,1557.6348296021183
2023-10-01 13:00:00,SOLAR-ALPHA-01,1428.5190839925745,27.525584366805106,46.22955696837751,788.0454844040232,1499.9450381922031
2023-10-01 13:15:00,SOLAR-ALPHA-01,1351.618198568697,28.139194189858447,45.00520909333342,733.9124793468117,1419.1991084971319
2023-10-01 13:30:00,SOLAR-ALPHA-01,1362.7197559311255,33.10833022815271,53.543713459981504,774.9024990207641,1430.8557437276818
2023-10-01 13:45:00,SOLAR-ALPHA-01,1319.1913500989958,32.78405834405736,52.00166768524822,751.0091524759877,1385.1509176039456
2023-10-01 14:00:00,SOLAR-ALPHA-01,1260.4408333062638,27.262976698797733,44.2618896196167,696.4603010824969,1323.462874971577
2023-10-01 14:15:00,SOLAR-ALPHA-01,982.0586666614096,27.761828850051362,41.52155379544376,521.3464162425014,1031.1615999944802
2023-10-01 14:30:00,SOLAR-ALPHA-01,1194.0593833866544,29.150180492461264,44.61746435218993,655.2346180539743,1253.7623525559873
2023-10-01 14:45:00,SOLAR-ALPHA-01,1088.4081564251114,31.219221459476934,45.66795827938079,600.2893982220224,1142.828564246367
2023-10-01 15:00:00,SOLAR-ALPHA-01,1011.9259131607338,27.622995092671832,41.430884728862885,547.7500571993697,1062.5222088187704
2023-10-01 15:15:00,SOLAR-ALPHA-01,1021.3886759881123,28.607054834651123,41.55199521429079,549.448659643287,1072.458109787518
2023-10-01 15:30:00,SOLAR-ALPHA-01,923.0966898106318,28.59789951770518,40.252216465996895,491.62874574648106,969.2515243011634
2023-10-01 15:45:00,SOLAR-ALPHA-01,830.6963958395054,28.32930226233871,39.203427202144034,435.2791579769437,872.2312156314807
2023-10-01 16:00:00,SOLAR-ALPHA-01,1024.3154705927482,27.678084571986005,42.79038124143759,543.1073540634961,1075.5312441223857
2023-10-01 16:15:00,SOLAR-ALPHA-01,701.3135004602949,28.20160337051946,38.42957814495473,371.22286507619884,736.3791754833097
2023-10-01 16:30:00,SOLAR-ALPHA-01,462.3114418990712,29.864418478329018,36.898365446265736,239.26901336408721,485.4270139940248
2023-10-01 16:45:00,SOLAR-ALPHA-01,316.4003139688019,30.04573984335589,33.136109289517556,159.91317574987409,332.220329667242
2023-10-01 17:00:00,SOLAR-ALPHA-01,465.8769071157594,27.201890847552043,31.995165212593943,239.85345115743024,489.1707524715474
2023-10-01 17:15:00,SOLAR-ALPHA-01,238.0710144769787,21.082506471309507,25.890627396883264,110.41683263475707,249.97456520082764
2023-10-01 17:30:00,SOLAR-ALPHA-01,255.84418157676404,24.60575418966197,27.899988917047413,128.8035445752726,268.63639065560227
2023-10-01 17:45:00,SOLAR-ALPHA-01,122.44759567942691,26.88795509935285,28.64682520851372,70.93000542603912,128.56997546339826
2023-10-01 18:00:00,SOLAR-ALPHA-01,0.0,24.795322648588844,23.001343316424105,0.0,0.0
2023-10-01 18:15:00,SOLAR-ALPHA-01,0.0,23.026486913682024,22.820880175350805,0.0,0.0
2023-10-01 18:30:00,SOLAR-ALPHA-01,0.0,25.93609623217437,25.682490372383516,0.0,0.0
2023-10-01 18:45:00,SOLAR-ALPHA-01,0.0,24.80633190140334,23.908385641306467,0.0,0.0
2023-10-01 19:00:00,SOLAR-ALPHA-01,0.0,22.358520450767045,22.24954318402448,0.0,0.0
2023-10-01 19:15:00,SOLAR-ALPHA-01,0.0,20.7540735419207,20.343605454580928,0.0,0.0
2023-10-01 19:30:00,SOLAR-ALPHA-01,0.0,19.763481711768495,18.44978731548593,0.0,0.0
2023-10-01 19:45:00,SOLAR-ALPHA-01,0.0,20.497829996532417,21.192737352342917,0.0,0.0
2023-10-01 20:00:00,SOLAR-ALPHA-01,0.0,19.027624016103974,19.73086690259951,0.0,0.0
2023-10-01 20:15:00,SOLAR-ALPHA-01,0.0,22.939941099974845,22.013987715776995,0.0,0.0
2023-10-01 20:30:00,SOLAR-ALPHA-01,0.0,15.35652338665825,16.51700956932104,0.0,0.0
2023-10-01 20:45:00,SOLAR-ALPHA-01,0.0,18.732485640818435,20.332999539683208,0.0,0.0
2023-10-01 21:00:00,SOLAR-ALPHA-01,0.0,14.540911616470087,13.903017034897694,0.0,0.0
2023-10-01 21:15:00,SOLAR-ALPHA-01,0.0,15.56757193615618,15.978195856627156,0.0,0.0
2023-10-01 21:30:00,SOLAR-ALPHA-01,0.0,18.629251358565,18.054087475476617,0.0,0.0
2023-10-01 21:45:00,SOLAR-ALPHA-01,0.0,13.505351031865178,15.762834361918403,0.0,0.0
2023-10-01 22:00:00,SOLAR-ALPHA-01,0.0,16.99710960104218,16.31505784529783,0.0,0.0
2023-10-01 22:15:00,SOLAR-ALPHA-01,0.0,10.83321775068926,10.351962261682726,0.0,0.0
2023-10-01 22:30:00,SOLAR-ALPHA-01,0.0,12.150840105166852,10.82967977724198,0.0,0.0
2023-10-01 22:45:00,SOLAR-ALPHA-01,0.0,15.35051067317736,17.865589218921848,0.0,0.0
2023-10-01 23:00:00,SOLAR-ALPHA-01,0.0,11.544169292987815,10.955978552552393,0.0,0.0
2023-10-01 23:15:00,SOLAR-ALPHA-01,0.0,14.082896372587674,12.74724478521297,0.0,0.0
2023-10-01 23:30:00,SOLAR-ALPHA-01,0.0,15.522509157986065,14.39423713756616,0.0,0.0
2023-10-01 23:45:00,SOLAR-ALPHA-01,0.0,10.0,9.039808415295498,0.0,0.0
2023-10-02 00:00:00,SOLAR-ALPHA-01,0.0,10.0,9.691775258218325,0.0,0.0
2023-10-02 00:15:00,SOLAR-ALPHA-01,0.0,12.606282812384926,12.4536419130996,0.0,0.0
2023-10-02 00:30:00,SOLAR-ALPHA-01,0.0,11.741558988854855,10.972841525264814,0.0,0.0
2023-10-02 00:45:00,SOLAR-ALPHA-01,0.0,10.0,9.997235342324192,0.0,0.0
2023-10-02 01:00:00,SOLAR-ALPHA-01,0.0,10.0,8.270986992245554,0.0,0.0
2023-10-02 01:15:00,SOLAR-ALPHA-01,0.0,13.967485723439811,13.76145205388634,0.0,0.0
2023-10-02 01:30:00,SOLAR-ALPHA-01,0.0,13.046760956469976,13.852700324820791,0.0,0.0
2023-10-02 01:45:00,SOLAR-ALPHA-01,0.0,10.0,9.034548658296162,0.0,0.0
2023-10-02 02:00:00,SOLAR-ALPHA-01,0.0,10.973062390255308,12.012826415931547,0.0,0.0
2023-10-02 02:15:00,SOLAR-ALPHA-01,0.0,10.0,8.28776924141883,0.0,0.0
2023-10-02 02:30:00,SOLAR-ALPHA-01,0.0,12.189065492454874,11.805846308271796,0.0,0.0
2023-10-02 02:45:00,SOLAR-ALPHA-01,0.0,10.487008774128764,9.707278933446615,0.0,0.0
2023-10-02 03:00:00,SOLAR-ALPHA-01,0.0,11.655528913925213,11.813579566546471,0.0,0.0
2023-10-02 03:15:00,SOLAR-ALPHA-01,0.0,13.443851836195618,14.61103115172989,0.0,0.0
2023-10-02 03:30:00,SOLAR-ALPHA-01,0.0,10.0,10.49346670504773,0.0,0.0
2023-10-02 03:45:00,SOLAR-ALPHA-01,0.0,10.608780896837496,10.120210127582585,0.0,0.0
2023-10-02 04:00:00,SOLAR-ALPHA-01,0.0,14.469568816866506,13.6318735123862,0.0,0.0
2023-10-02 04:15:00,SOLAR-ALPHA-01,0.0,11.404447995216124,12.682745547522641,0.0,0.0
2023-10-02 04:30:00,SOLAR-ALPHA-01,0.0,12.830425735893472,11.881714125834215,0.0,0.0
2023-10-02 04:45:00,SOLAR-ALPHA-01,0.0,12.463923058429593,13.027214381407829,0.0,0.0
2023-10-02 05:00:00,SOLAR-ALPHA-01,0.0,12.022032276144815,11.11918357218772,0.0,0.0
2023-10-02 05:15:00,SOLAR-ALPHA-01,0.0,10.847291754152868,9.322930646935589,0.0,0.0
2023-10-02 05:30:00,SOLAR-ALPHA-01,0.0,13.877702449671176,12.715569921330161,0.0,0.0
2023-10-02 05:45:00,SOLAR-ALPHA-01,0.0,12.824659106624475,14.097589684081095,0.0,0.0
2023-10-02 06:00:00,SOLAR-ALPHA-01,0.0,11.729381734149554,10.140265305481682,0.0,0.0
2023-10-02 06:15:00,SOLAR-ALPHA-01,0.0,13.469545113533908,14.368893724933404,12.403892331484869,0.0
2023-10-02 06:30:00,SOLAR-ALPHA-01,287.3023019722961,15.682755724580883,19.426631064969722,138.96682037472968,301.6674170709109
2023-10-02 06:45:00,SOLAR-ALPHA-01,436.55876390811784,16.757296009254787,21.006197922120908,215.9955391737796,458.38670210352376
2023-10-02 07:00:00,SOLAR-ALPHA-01,378.88401587520053,17.249524983012453,23.453331412990586,186.58978477710596,397.8282166689606
2023-10-02 07:15:00,SOLAR-ALPHA-01,630.1964450528881,16.51625740245935,24.451128357116918,309.9558818997848,661.7062673055325
2023-10-02 07:30:00,SOLAR-ALPHA-01,743.8142468366059,20.983719594332484,30.76070811321363,381.66617558740484,781.0049591784363
2023-10-02 07:45:00,SOLAR-ALPHA-01,534.908086732033,17.835735768189625,24.87612744736171,265.1900033923473,561.6534910686347
2023-10-02 08:00:00,SOLAR-ALPHA-01,789.7007471905921,20.10088641343333,29.688157261002225,403.4647020281032,829.1857845501218
2023-10-02 08:15:00,SOLAR-ALPHA-01,952.1703511792107,21.207260572728966,33.647707337296076,487.6189150088988,999.7788687381712
2023-10-02 08:30:00,SOLAR-ALPHA-01,879.151673235849,27.073140276065317,38.51844793235173,469.3607462638832,923.1092568976414
2023-10-02 08:45:00,SOLAR-ALPHA-01,1035.8244347738218,24.26191230368057,37.844968953997004,545.1230348772364,1087.615656512513
2023-10-02 09:00:00,SOLAR-ALPHA-01,912.5748067685066,24.3886336244201,36.3716364280472,480.2785512365881,958.203547106932
2023-10-02 09:15:00,SOLAR-ALPHA-01,1137.8411028289736,24.14688392399458,39.729430338208985,611.2620148247677,1194.7331579704223
2023-10-02 09:30:00,SOLAR-ALPHA-01,1203.1701774301614,22.08522559983109,37.08562593836776,623.6846896224105,1263.3286863016694
2023-10-02 09:45:00,SOLAR-ALPHA-01,1226.995138125513,24.559636794534516,41.4643737558021,662.4420681172754,1288.3448950317886
2023-10-02 10:00:00,SOLAR-ALPHA-01,1283.1951731576037,23.811333433968024,41.19528258192323,684.6152535352927,1347.354931815484
2023-10-02 10:15:00,SOLAR-ALPHA-01,1317.444847059083,25.231271968397152,43.405659850519875,717.7377297035986,1383.3170894120371
2023-10-02 10:30:00,SOLAR-ALPHA-01,1385.083809893715,24.63778192570586,41.15395606180869,744.6526207738357,1454.3380003884008
2023-10-02 10:45:00,SOLAR-ALPHA-01,1365.647517682564,25.442795159317157,43.641315400452534,730.575323993095,1433.9298935666923
2023-10-02 11:00:00,SOLAR-ALPHA-01,1388.6938749198189,27.19466430011912,45.60197338738716,751.4444097697675,1458.1285686658098
2023-10-02 11:15:00,SOLAR-ALPHA-01,1380.5802539103206,27.776659682593092,46.4951812715682,742.0569904326618,1449.6092666058366
2023-10-02 11:30:00,SOLAR-ALPHA-01,1527.7124167291897,28.13700245804068,48.27661130903146,841.1100854895907,1604.0980375656493
2023-10-02 11:45:00,SOLAR-ALPHA-01,1484.775651826381,32.12473483403872,53.45582643880421,837.556559112915,1559.0144344177
2023-10-02 12:00:00,SOLAR-ALPHA-01,1417.384893285752,27.351298086526306,47.34410839125764,773.8552864059694,1488.2541379500396
2023-10-02 12:15:00,SOLAR-ALPHA-01,1474.5113315497492,30.25835666355099,50.563039717864164,830.2450527551225,1548.2368981272368
2023-10-02 12:30:00,SOLAR-ALPHA-01,1499.5482896902754,27.27045878565881,47.8220326067094,827.8258854471101,1574.5257041747893
2023-10-02 12:45:00,SOLAR-ALPHA-01,1416.3146954231995,30.514936035882585,50.723952561953,793.1236594406982,1487.1304301943596
2023-10-02 13:00:00,SOLAR-ALPHA-01,1475.6893989893108,30.32812557834919,50.730409810383065,821.892935231209,1549.4738689387764
2023-10-02 13:15:00,SOLAR-ALPHA-01,1306.494405658338,29.472600256262144,46.714996146720836,715.0725374364722,1371.8191259412552
2023-10-02 13:30:00,SOLAR-ALPHA-01,1445.1589550314416,28.915916901281626,47.56873573777898,804.6127036204548,1517.4169027830137
2023-10-02 13:45:00,SOLAR-ALPHA-01,1348.260449687577,31.773885904255224,49.52768339847425,740.61141790704,1415.6734721719558
2023-10-02 14:00:00,SOLAR-ALPHA-01,1366.8452637648045,27.119986948032917,47.318289175413575,757.4233684997519,1435.1875269530449
2023-10-02 14:15:00,SOLAR-ALPHA-01,1211.6820818723418,25.704825177009447,41.783222331894535,646.7751032604829,1272.2661859659588
2023-10-02 14:30:00,SOLAR-ALPHA-01,1146.6028353813501,28.050028878908652,43.75996025665936,615.2979666936435,1203.9329771504176
2023-10-02 14:45:00,SOLAR-ALPHA-01,1149.7177395590577,29.181058071769673,44.20142073194937,621.3115463384153,1207.2036265370107
2023-10-02 15:00:00,SOLAR-ALPHA-01,1055.5698493893024,29.660366355628355,43.84447161965722,575.5646831881575,1108.3483418587675
2023-10-02 15:15:00,SOLAR-ALPHA-01,881.0151525293963,28.901420487274233,41.75507389782214,471.5911168174953,925.0659101558662
2023-10-02 15:30:00,SOLAR-ALPHA-01,852.6651971317788,28.983127021193003,41.00954422061234,449.11047300125847,895.2984569883678
2023-10-02 15:45:00,SOLAR-ALPHA-01,751.5938489481292,24.957773663631016,34.40508863995111,383.83647475480535,789.1735413955357
2023-10-02 16:00:00,SOLAR-ALPHA-01,565.7562133482409,28.15731782714077,35.06268231978589,290.4398638206685,594.0440240156529
2023-10-02 16:15:00,SOLAR-ALPHA-01,645.3508355551681,26.81866006739333,36.870456225517145,339.4405212691058,677.6183773329266
2023-10-02 16:30:00,SOLAR-ALPHA-01,712.6821605620066,26.766159130792204,36.60879663112112,373.59768141084396,748.316268590107
2023-10-02 16:45:00,SOLAR-ALPHA-01,325.9290592028506,27.225260013342723,29.26809011092958,165.44175127396275,342.2255121629932
2023-10-02 17:00:00,SOLAR-ALPHA-01,366.9648575991347,29.12975468500848,33.452478249380285,194.4782245676049,385.3131004790914
2023-10-02 17:15:00,SOLAR-ALPHA-01,245.70689611647282,24.2286409723532,27.063514427170244,128.98084175173798,257.99224092229645
2023-10-02 17:30:00,SOLAR-ALPHA-01,167.43293573356442,27.525435218730344,30.422508591151814,78.22199093867916,175.80458252024266
2023-10-02 17:45:00,SOLAR-ALPHA-01,130.74068747205172,25.169971316694657,26.278574011605173,63.05725646189003,137.2777218456543
2023-10-02 18:00:00,SOLAR-ALPHA-01,0.0,24.90614934651664,23.88195465938816,0.0,0.0
2023-10-02 18:15:00,SOLAR-ALPHA-01,0.0,25.6366053647593,26.088352158954706,0.0,0.0
2023-10-02 18:30:00,SOLAR-ALPHA-01,0.0,25.18161605825763,24.47314887519292,0.0,0.0
2023-10-02 18:45:00,SOLAR-ALPHA-01,0.0,21.409820774117918,21.691059265861483,0.0,0.0
2023-10-02 19:00:00,SOLAR-ALPHA-01,0.0,22.90519092605624,23.44010966550679,0.0,0.0
2023-10-02 19:15:00,SOLAR-ALPHA-01,0.0,21.328237716474494,21.961193507078125,0.0,0.0
2023-10-02 19:30:00,SOLAR-ALPHA-01,0.0,20.086707316930717,21.025136852388595,0.0,0.0
2023-10-02 19:45:00,SOLAR-ALPHA-01,0.0,18.212071776799633,20.12404890686175,0.0,0.0
2023-10-02 20:00:00,SOLAR-ALPHA-01,0.0,19.370018418794846,20.510880797253286,0.0,0.0
2023-10-02 20:15:00,SOLAR-ALPHA-01,0.0,22.36719959159535,21.312569007640978,0.0,0.0
2023-10-02 20:30:00,SOLAR-ALPHA-01,0.0,16.03144456588309,16.20345836526028,0.0,0.0
2023-10-02 20:45:00,SOLAR-ALPHA-01,0.0,19.39962493960053,17.99931948777705,0.0,0.0
2023-10-02 21:00:00,SOLAR-ALPHA-01,0.0,18.14636075623818,16.874232133468063,0.0,0.0
2023-10-02 21:15:00,SOLAR-ALPHA-01,0.0,20.66915874326721,18.51097646210986,0.0,0.0
2023-10-02 21:30:00,SOLAR-ALPHA-01,0.0,10.954049858016774,11.73788888406676,0.0,0.0
2023-10-02 21:45:00,SOLAR-ALPHA-01,0.0,15.209705787751675,17.138817587187397,0.0,0.0
2023-10-02 22:00:00,SOLAR-ALPHA-01,0.0,16.864636957626153,16.960026072006535,0.0,0.0
2023-10-02 22:15:00,SOLAR-ALPHA-01,0.0,17.49785042709196,18.166604323070057,0.0,0.0
2023-10-02 22:30:00,SOLAR-ALPHA-01,0.0,13.242443679747964,12.368673482580038,0.0,0.0
2023-10-02 22:45:00,SOLAR-ALPHA-01,0.0,11.411411658800773,10.452582692193644,0.0,0.0
2023-10-02 23:00:00,SOLAR-ALPHA-01,0.0,12.684854134867653,13.076582754035293,0.0,0.0
2023-10-02 23:15:00,SOLAR-ALPHA-01,0.0,11.76621867762749,11.153406957519763,0.0,0.0
2023-10-02 23:30:00,SOLAR-ALPHA-01,0.0,13.153845819211654,12.349041191097534,0.0,0.0
2023-10-02 23:45:00,SOLAR-ALPHA-01,0.0,13.860616840258887,13.14304940558119,0.0,0.0
2023-10-03 00:00:00,SOLAR-ALPHA-01,0.0,10.715998812060619,9.740099539101049,0.0,0.0
2023-10-03 00:15:00,SOLAR-ALPHA-01,0.0,10.982528292960192,12.681694640067448,0.0,0.0
2023-10-03 00:30:00,SOLAR-ALPHA-01,0.0,10.651697308027957,10.73321805033187,0.0,0.0
2023-10-03 00:45:00,SOLAR-ALPHA-01,0.0,10.0,11.67306902746531,0.0,0.0
2023-10-03 01:00:00,SOLAR-ALPHA-01,0.0,10.0,10.894446853809816,0.0,0.0
2023-10-03 01:15:00,SOLAR-ALPHA-01,0.0,11.559911532862328,12.41310890734609,0.0,0.0
2023-10-03 01:30:00,SOLAR-ALPHA-01,0.0,10.0,8.52069857318553,0.0,0.0
2023-10-03 01:45:00,SOLAR-ALPHA-01,0.0,10.0,11.62084328009839,0.0,0.0
2023-10-03 02:00:00,SOLAR-ALPHA-01,0.0,10.0,10.809433817732737,0.0,0.0
2023-10-03 02:15:00,SOLAR-ALPHA-01,0.0,12.688397362357556,14.01033689695125,0.0,0.0
2023-10-03 02:30:00,SOLAR-ALPHA-01,0.0,10.017690581545956,8.913429647290661,0.0,0.0
2023-10-03 02:45:00,SOLAR-ALPHA-01,0.0,10.728966820286136,11.058473914562654,0.0,0.0
2023-10-03 03:00:00,SOLAR-ALPHA-01,0.0,11.382983584089192,12.354988976942707,0.0,0.0
2023-10-03 03:15:00,SOLAR-ALPHA-01,0.0,10.0,10.300839740816262,0.0,0.0
2023-10-03 03:30:00,SOLAR-ALPHA-01,0.0,14.426647448788199,13.94130252276659,0.0,0.0
2023-10-03 03:45:00,SOLAR-ALPHA-01,0.0,10.136838906102906,10.058110457663203,0.0,0.0
2023-10-03 04:00:00,SOLAR-ALPHA-01,0.0,14.53987687455493,14.955439915128704,0.0,0.0
2023-10-03 04:15:00,SOLAR-ALPHA-01,0.0,10.0,10.851931935705938,0.0,0.0
2023-10-03 04:30:00,SOLAR-ALPHA-01,0.0,11.395934531867638,9.622902872695883,0.0,0.0
2023-10-03 04:45:00,SOLAR-ALPHA-01,0.0,10.0,9.327359331359132,0.0,0.0
2023-10-03 05:00:00,SOLAR-ALPHA-01,0.0,12.51582949712542,12.294995336239854,0.0,0.0
2023-10-03 05:15:00,SOLAR-ALPHA-01,0.0,13.546126287342089,12.961811352244448,0.0,0.0
2023-10-03 05:30:00,SOLAR-ALPHA-01,0.0,11.712839222476973,10.906013317423573,0.0,0.0
2023-10-03 05:45:00,SOLAR-ALPHA-01,0.0,14.813608901399013,14.004636889574275,0.0,0.0
2023-10-03 06:00:00,SOLAR-ALPHA-01,0.0,15.02443865698994,16.137374988100152,18.806885036386152,0.0
2023-10-03 06:15:00,SOLAR-ALPHA-01,207.13985355761014,16.565725513471655,18.506422828377218,105.16799547688188,217.49684623549066
2023-10-03 06:30:00,SOLAR-ALPHA-01,300.32877218548424,14.440786563254365,18.124892092921453,139.86014531714426,315.3452107947585
2023-10-03 06:45:00,SOLAR-ALPHA-01,406.69036063183046,17.486760520960885,20.579961386463765,202.31117954010728,427.024878663422
2023-10-03 07:00:00,SOLAR-ALPHA-01,270.3117914286287,18.404178012406156,22.335655065647305,131.92908198130547,283.82738100006014
2023-10-03 07:15:00,SOLAR-ALPHA-01,629.8935059797993,18.035849366575082,25.17609836186339,313.95216172045275,661.3881812787894
2023-10-03 07:30:00,SOLAR-ALPHA-01,589.6541568391019,19.216315711915176,27.081417334694283,288.63914360596647,619.1368646810571
2023-10-03 07:45:00,SOLAR-ALPHA-01,748.4153016874475,18.756924880260023,28.815869022904558,376.5327685315735,785.8360667718199
2023-10-03 08:00:00,SOLAR-ALPHA-01,863.6285254588155,20.70885780358318,31.903428317086462,448.1025206217209,906.8099517317563
2023-10-03 08:15:00,SOLAR-ALPHA-01,762.7347938058872,20.185841659822398,31.38279450030323,386.4232833385195,800.8715334961815
2023-10-03 08:30:00,SOLAR-ALPHA-01,869.0457221406277,25.068306564121258,36.52145468668114,464.62291682137544,912.4980082476592
2023-10-03 08:45:00,SOLAR-ALPHA-01,935.4076825035795,23.72050580448757,35.988901042095904,495.2883245260509,982.1780666287585
2023-10-03 09:00:00,SOLAR-ALPHA-01,1108.6094789644994,24.557300660411343,38.723339922449554,577.2340825986032,1164.0399529127244
2023-10-03 09:15:00,SOLAR-ALPHA-01,1148.8751342307069,25.681599344216647,42.321598626665796,615.0902279164092,1206.3188909422422
2023-10-03 09:30:00,SOLAR-ALPHA-01,1073.480287860229,25.495427530524424,38.589183405284324,564.3410071815954,1127.1543022532405
2023-10-03 09:45:00,SOLAR-ALPHA-01,1021.8768387335266,23.605271550414816,38.98661403573079,548.4957614070081,1072.970680670203
2023-10-03 10:00:00,SOLAR-ALPHA-01,1320.1608348878112,24.9714295115514,42.734191738383075,710.9371967104889,1386.1688766322018
2023-10-03 10:15:00,SOLAR-ALPHA-01,1312.3111987141501,26.781535212868224,45.492825232629514,713.6948493650482,1377.9267586498577
2023-10-03 10:30:00,SOLAR-ALPHA-01,1206.7070383058756,27.558311147159653,44.22957107457318,655.5698457321595,1267.0423902211694
2023-10-03 10:45:00,SOLAR-ALPHA-01,1394.5399847667675,29.111488871501418,46.85655548238457,767.2500446990425,1464.266984005106
2023-10-03 11:00:00,SOLAR-ALPHA-01,1365.6512229938035,24.897296855818297,44.07683220435022,739.9427684373992,1433.9337841434938
2023-10-03 11:15:00,SOLAR-ALPHA-01,1411.5536546456512,29.53518102282857,48.64487776107145,772.0663615550613,1482.131337377934
2023-10-03 11:30:00,SOLAR-ALPHA-01,1674.2638590302654,27.594979796598604,51.09151092521001,933.562059807104,1757.9770519817787
2023-10-03 11:45:00,SOLAR-ALPHA-01,1373.3564999919336,29.529585695343975,49.60789760584071,765.7198980322937,1442.0243249915302
2023-10-03 12:00:00,SOLAR-ALPHA-01,1316.5829728690924,28.885661063462642,45.43835049616927,721.6885304305436,1382.412121512547
2023-10-03 12:15:00,SOLAR-ALPHA-01,1450.3243279264882,29.916635593541198,48.54970511973594,804.2219869089344,1522.8405443228128
2023-10-03 12:30:00,SOLAR-ALPHA-01,1601.2523448038437,29.33576737289096,52.34333703385885,904.0372927104371,1681.314962044036
2023-10-03 12:45:00,SOLAR-ALPHA-01,1409.2591028874533,25.556132446803527,45.80262478557857,775.583616340321,1479.722058031826
2023-10-03 13:00:00,SOLAR-ALPHA-01,1559.7079464065941,28.845665964443103,50.76049085704333,862.7594850929464,1637.693343726924
2023-10-03 13:15:00,SOLAR-ALPHA-01,1270.6058314729403,27.520665251860795,43.92741738779272,688.6445448038806,1334.1361230465873
2023-10-03 13:30:00,SOLAR-ALPHA-01,1345.9282728454161,30.170243933177463,48.58972191668829,745.5664360450338,1413.224686487687
2023-10-03 13:45:00,SOLAR-ALPHA-01,1197.833022237683,29.98400039894221,45.48793248417541,654.8002991016914,1257.7246733495672
2023-10-03 14:00:00,SOLAR-ALPHA-01,1272.199701904632,27.80363347714354,43.55670010960771,686.7496153541958,1335.8096869998637
2023-10-03 14:15:00,SOLAR-ALPHA-01,1253.2683840694024,34.3268464360452,51.2953017591182,705.5496759408707,1315.9318032728725
2023-10-03 14:30:00,SOLAR-ALPHA-01,1176.9038434665117,31.27697903590438,47.23460454053424,643.7394282068257,1235.7490356398373
2023-10-03 14:45:00,SOLAR-ALPHA-01,1116.6098454302287,31.048163669144305,45.924000084217816,614.6913654225153,1172.4403377017402
2023-10-03 15:00:00,SOLAR-ALPHA-01,1165.9582531784292,30.47600071416577,46.65908792175906,636.8163888040167,1224.2561658373506
2023-10-03 15:15:00,SOLAR-ALPHA-01,959.5622368245691,28.824256641689693,42.07589058560702,518.7268502411318,1007.5403486657976
2023-10-03 15:30:00,SOLAR-ALPHA-01,935.1113595226576,29.787400450153594,43.33979125170786,511.44006314832717,981.8669274987906
2023-10-03 15:45:00,SOLAR-ALPHA-01,748.9651281853783,27.460858076921323,37.58264817161982,392.40773361435004,786.4133845946473
2023-10-03 16:00:00,SOLAR-ALPHA-01,778.2702005325764,28.24765757919951,38.40173495149072,406.5863180202523,817.1837105592052
2023-10-03 16:15:00,SOLAR-ALPHA-01,721.0489615393348,31.767997635274025,41.406403976981174,387.10907155647226,757.1014096163016
2023-10-03 16:30:00,SOLAR-ALPHA-01,597.8872359235729,25.65912559673117,33.25458368497203,318.9159480529384,627.7815977197516
2023-10-03 16:45:00,SOLAR-ALPHA-01,462.960661238948,30.472167848629493,35.33594810225203,252.68720638485073,486.1086943008954
2023-10-03 17:00:00,SOLAR-ALPHA-01,528.921610273121,26.09226927671465,32.8143345990724,277.1335083780373,555.3676907867771
2023-10-03 17:15:00,SOLAR-ALPHA-01,400.2501716566686,27.295030458083012,33.037862855035556,192.3677448299241,420.26268023950206
2023-10-03 17:30:00,SOLAR-ALPHA-01,146.13714481514901,27.239533247122242,30.52605623381931,83.37082389283722,153.44400205590648
2023-10-03 17:45:00,SOLAR-ALPHA-01,0.0,26.18832999691996,27.181155524694816,0.0,0.0
2023-10-03 18:00:00,SOLAR-ALPHA-01,0.0,28.609159116669577,28.800673960471162,0.0,0.0
2023-10-03 18:15:00,SOLAR-ALPHA-01,0.0,24.484676108482997,25.091060604319054,0.0,0.0
2023-10-03 18:30:00,SOLAR-ALPHA-01,0.0,22.391144298151737,22.65626792838268,0.0,0.0
2023-10-03 18:45:00,SOLAR-ALPHA-01,0.0,24.5205013398521,25.398860180547693,0.0,0.0
2023-10-03 19:00:00,SOLAR-ALPHA-01,0.0,20.246980216202857,21.812266536579507,0.0,0.0
2023-10-03 19:15:00,SOLAR-ALPHA-01,0.0,25.32263877961566,25.6652251550908,0.0,0.0
2023-10-03 19:30:00,SOLAR-ALPHA-01,0.0,20.923661398749687,20.76742402300667,0.0,0.0
2023-10-03 19:45:00,SOLAR-ALPHA-01,0.0,20.843930226652276,23.123707361379143,0.0,0.0
2023-10-03 20:00:00,SOLAR-ALPHA-01,0.0,21.45562393208791,19.774118041429862,0.0,0.0
2023-10-03 20:15:00,SOLAR-ALPHA-01,0.0,18.747023012009176,17.15655700623622,0.0,0.0
2023-10-03 20:30:00,SOLAR-ALPHA-01,0.0,19.355317538210677,19.354284992161425,0.0,0.0
2023-10-03 20:45:00,SOLAR-ALPHA-01,0.0,21.15450792877144,20.892608512235906,0.0,0.0
2023-10-03 21:00:00,SOLAR-ALPHA-01,0.0,12.917659056683458,12.788867151286146,0.0,0.0
2023-10-03 21:15:00,SOLAR-ALPHA-01,0.0,13.609188152842712,14.675941884833481,0.0,0.0
2023-10-03 21:30:00,SOLAR-ALPHA-01,0.0,18.11157870734696,20.1278099613509,0.0,0.0
2023-10-03 21:45:00,SOLAR-ALPHA-01,0.0,16.964492250544886,17.648426818411103,0.0,0.0
2023-10-03 22:00:00,SOLAR-ALPHA-01,0.0,13.937334825416405,14.325581231172018,0.0,0.0
2023-10-03 22:15:00,SOLAR-ALPHA-01,0.0,12.238244584214216,10.73564738854927,0.0,0.0
2023-10-03 22:30:00,SOLAR-ALPHA-01,0.0,14.819072081744148,15.673864715908422,0.0,0.0
2023-10-03 22:45:00,SOLAR-ALPHA-01,0.0,12.724382309934585,10.991748340801164,0.0,0.0
2023-10-03 23:00:00,SOLAR-ALPHA-01,0.0,10.0,11.302308934262195,0.0,0.0
2023-10-03 23:15:00,SOLAR-ALPHA-01,0.0,14.960136180704469,13.201682250154226,0.0,0.0
2023-10-03 23:30:00,SOLAR-ALPHA-01,0.0,12.23193515445799,13.455724851980602,0.0,0.0
2023-10-03 23:45:00,SOLAR-ALPHA-01,0.0,10.0,9.95350761720444,0.0,0.0
2023-10-04 00:00:00,SOLAR-ALPHA-01,0.0,10.0,9.030525097316753,0.0,0.0
2023-10-04 00:15:00,SOLAR-ALPHA-01,0.0,10.876043674809997,10.344472278227341,0.0,0.0
2023-10-04 00:30:00,SOLAR-ALPHA-01,0.0,10.0,9.984725457953676,0.0,0.0
2023-10-04 00:45:00,SOLAR-ALPHA-01,0.0,11.956553612934396,12.97942502604895,0.0,0.0
2023-10-04 01:00:00,SOLAR-ALPHA-01,0.0,11.053629957224835,11.076440244816625,0.0,0.0
2023-10-04 01:15:00,SOLAR-ALPHA-01,0.0,11.933443878685827,11.493265020113697,0.0,0.0
2023-10-04 01:30:00,SOLAR-ALPHA-01,0.0,11.989710198462785,13.759348622332793,0.0,0.0
2023-10-04 01:45:00,SOLAR-ALPHA-01,0.0,10.0,8.536918652256233,0.0,0.0
2023-10-04 02:00:00,SOLAR-ALPHA-01,0.0,10.0,9.395033653909529,0.0,0.0
2023-10-04 02:15:00,SOLAR-ALPHA-01,0.0,10.0,8.998489277557216,0.0,0.0
2023-10-04 02:30:00,SOLAR-ALPHA-01,0.0,10.519885502347398,11.507773117285414,0.0,0.0
2023-10-04 02:45:00,SOLAR-ALPHA-01,0.0,14.642615601390297,16.672468420203298,0.0,0.0
2023-10-04 03:00:00,SOLAR-ALPHA-01,0.0,12.642863962845608,11.466390532292912,0.0,0.0
2023-10-04 03:15:00,SOLAR-ALPHA-01,0.0,10.0,10.016247056815772,0.0,0.0
2023-10-04 03:30:00,SOLAR-ALPHA-01,0.0,10.0,10.510696697179151,0.0,0.0
2023-10-04 03:45:00,SOLAR-ALPHA-01,0.0,11.186057772484592,10.85195302764271,0.0,0.0
2023-10-04 04:00:00,SOLAR-ALPHA-01,0.0,11.332450103006925,11.37277055123127,0.0,0.0
2023-10-04 04:15:00,SOLAR-ALPHA-01,0.0,11.892005485240581,12.846719271943146,0.0,0.0
2023-10-04 04:30:00,SOLAR-ALPHA-01,0.0,10.0,10.069509446251372,0.0,0.0
2023-10-04 04:45:00,SOLAR-ALPHA-01,0.0,13.329021315233797,12.572320821407692,0.0,0.0
2023-10-04 05:00:00,SOLAR-ALPHA-01,0.0,15.653030025165648,15.32979472680606,0.0,0.0
2023-10-04 05:15:00,SOLAR-ALPHA-01,0.0,16.58267713211268,16.210196818767262,0.0,0.0
2023-10-04 05:30:00,SOLAR-ALPHA-01,0.0,12.687214678498693,10.743239463583315,0.0,0.0
2023-10-04 05:45:00,SOLAR-ALPHA-01,0.0,14.696127540933192,14.88312934989053,0.0,0.0
2023-10-04 06:00:00,SOLAR-ALPHA-01,0.0,16.630566748950372,16.06842492137447,1.9694130345001009,0.0
2023-10-04 06:15:00,SOLAR-ALPHA-01,0.0,14.876693683799656,14.543130122218173,41.00350440032533,0.0
2023-10-04 06:30:00,SOLAR-ALPHA-01,315.6615666557993,17.09919249603465,21.593508574710448,150.1061807371347,331.44464498858923
2023-10-04 06:45:00,SOLAR-ALPHA-01,413.9748976577633,15.853741594398775,21.826571173306103,203.97877029109577,434.6736425406515
2023-10-04 07:00:00,SOLAR-ALPHA-01,572.0817160704878,17.738921049525096,23.963857363058896,287.6585654840224,600.6858018740122
2023-10-04 07:15:00,SOLAR-ALPHA-01,582.3525295758592,18.21161842700387,26.374082763905392,290.53452744717384,611.4701560546522
2023-10-04 07:30:00,SOLAR-ALPHA-01,478.4237429723116,15.154197076197633,19.498290475453544,240.7696094285661,502.3449301209272
2023-10-04 07:45:00,SOLAR-ALPHA-01,635.7826357006736,18.92541597741602,27.883998585726122,324.973576516585,667.5717674857074
2023-10-04 08:00:00,SOLAR-ALPHA-01,676.2602657820134,22.917803735132487,32.826886039685206,351.80551246441826,710.0732790711141
2023-10-04 08:15:00,SOLAR-ALPHA-01,804.4710609158589,21.537054529534274,33.061970267151565,418.59702931776434,844.6946139616518
2023-10-04 08:30:00,SOLAR-ALPHA-01,1032.4349621927283,21.824548474502468,34.96796071020471,536.4516597920331,1084.0567103023648
2023-10-04 08:45:00,SOLAR-ALPHA-01,987.8046751253702,20.5535668808893,33.476834324275366,511.6718860059791,1037.1949088816386
2023-10-04 09:00:00,SOLAR-ALPHA-01,1029.6182968607066,24.507441955802854,39.099662926745204,537.5087486586543,1081.099211703742
2023-10-04 09:15:00,SOLAR-ALPHA-01,1145.432463206494,27.075543156032282,41.00016093731396,612.082724342872,1202.7040863668187
2023-10-04 09:30:00,SOLAR-ALPHA-01,1325.6717549221755,20.14121705173337,35.03461685551018,694.0629729399526,1391.9553426682844
2023-10-04 09:45:00,SOLAR-ALPHA-01,1111.1556183089106,21.442340687625922,35.94348579340078,581.2040648032823,1166.7133992243562
2023-10-04 10:00:00,SOLAR-ALPHA-01,1344.1902741172541,25.525476694324833,43.905200920419034,727.1311947287745,1411.3997878231169
2023-10-04 10:15:00,SOLAR-ALPHA-01,1349.4379289040694,28.74220355700029,46.653913699487475,729.5351645605988,1416.909825349273
2023-10-04 10:30:00,SOLAR-ALPHA-01,1331.5295136637508,25.24019536647401,44.337459674847025,725.7690460143065,1398.1059893469385
2023-10-04 10:45:00,SOLAR-ALPHA-01,1388.1327972604306,24.349811133217948,45.23382758844929,758.155318524266,1457.5394371234522
2023-10-04 11:00:00,SOLAR-ALPHA-01,1490.8847867136126,25.804138504080566,44.285420431860494,815.0276603790411,1565.4290260492933
2023-10-04 11:15:00,SOLAR-ALPHA-01,1362.053553840045,26.26700644175965,45.65251221244961,733.9280263721212,1430.1562315320473
2023-10-04 11:30:00,SOLAR-ALPHA-01,1533.9474008022214,25.782470710050735,48.43296239011127,851.3069274262941,1610.6447708423325
2023-10-04 11:45:00,SOLAR-ALPHA-01,1336.3236570426209,28.823386150032338,45.799376607616416,736.9267937847374,1403.139839894752
2023-10-04 12:00:00,SOLAR-ALPHA-01,1274.8084450590602,26.84056946221414,43.91196552863719,689.5505900294806,1338.5488673120133
2023-10-04 12:15:00,SOLAR-ALPHA-01,1404.9238709332594,28.322311953305782,48.197304748678256,774.6851533943594,1475.1700644799225
2023-10-04 12:30:00,SOLAR-ALPHA-01,1371.4399379056097,31.912004221077165,52.13310904267297,774.8006002373993,1440.0119348008902
2023-10-04 12:45:00,SOLAR-ALPHA-01,1475.334936675726,31.420468900420907,51.0585219212403,826.6799735948282,1549.1016835095124
2023-10-04 13:00:00,SOLAR-ALPHA-01,1423.6148987557822,26.82170381500051,44.82815405259746,771.4992856720066,1494.7956436935713
2023-10-04 13:15:00,SOLAR-ALPHA-01,1318.0245402106493,30.229359096260062,48.8845769527109,723.7402717266904,1383.9257672211818
2023-10-04 13:30:00,SOLAR-ALPHA-01,1303.8584043312533,34.63845709570784,51.14634759932497,727.5957117920261,1369.051324547816
2023-10-04 13:45:00,SOLAR-ALPHA-01,1543.1795206069987,27.08899441025469,48.56790515335642,846.3536426706478,1620.3384966373487
2023-10-04 14:00:00,SOLAR-ALPHA-01,1237.4532942308351,36.23348030333339,55.043384455655335,707.6086441789048,1299.325958942377
2023-10-04 14:15:00,SOLAR-ALPHA-01,1027.8370366329677,32.10464698386589,47.653347858314405,564.7871614990453,1079.2288884646161
2023-10-04 14:30:00,SOLAR-ALPHA-01,1064.1705738001249,27.6751334359022,42.35142847698132,569.7506435759949,1117.3791024901311
2023-10-04 14:45:00,SOLAR-ALPHA-01,1057.221619200738,28.832037158867486,43.62520369819018,570.7117951086125,1110.082700160775
2023-10-04 15:00:00,SOLAR-ALPHA-01,947.7431913230918,27.067875534657766,39.13359274964688,496.34935641294993,995.1303508892464
2023-10-04 15:15:00,SOLAR-ALPHA-01,840.9625711477148,30.528940753836416,40.81208629491258,443.9042592077036,883.0106997051006
2023-10-04 15:30:00,SOLAR-ALPHA-01,862.1494064178752,24.615597021090768,35.83348693451524,445.10608190422806,905.2568767387689
2023-10-04 15:45:00,SOLAR-ALPHA-01,642.4055788395669,31.009470374520095,38.37898386033792,340.98048520246857,674.5258577815454
2023-10-04 16:00:00,SOLAR-ALPHA-01,686.6588812765513,28.64791918561623,37.32602537166465,355.663157465215,720.9918253403788
2023-10-04 16:15:00,SOLAR-ALPHA-01,700.993003954141,31.77846930779992,40.46241369370513,377.1594201080816,736.0426541518482
2023-10-04 16:30:00,SOLAR-ALPHA-01,581.548029932715,27.053775841612904,35.023110560869426,311.9408930552934,610.6254314293508
2023-10-04 16:45:00,SOLAR-ALPHA-01,460.9306413981775,27.94694009834359,33.39216402464593,239.76048670220283,483.9771734680864
2023-10-04 17:00:00,SOLAR-ALPHA-01,488.2913705200707,27.29229649285682,35.026545487449816,243.02172740555343,512.7059390460743
2023-10-04 17:15:00,SOLAR-ALPHA-01,321.3318194424088,25.301463862329737,27.79546953592956,161.4785165332592,337.3984104145293
2023-10-04 17:30:00,SOLAR-ALPHA-01,356.74246578069153,27.33057697909455,33.246466038361426,189.37287363135937,374.5795890697261
2023-10-04 17:45:00,SOLAR-ALPHA-01,205.70913981277664,25.60224086585333,26.218687826301966,110.21726776078471,215.99459680341548
2023-10-04 18:00:00,SOLAR-ALPHA-01,0.0,21.2625780679498,21.828854355277873,0.0,0.0
2023-10-04 18:15:00,SOLAR-ALPHA-01,0.0,22.917356746764785,22.892845682552935,0.0,0.0
2023-10-04 18:30:00,SOLAR-ALPHA-01,0.0,25.81393548192763,26.332835576490393,0.0,0.0
2023-10-04 18:45:00,SOLAR-ALPHA-01,0.0,26.50467273921103,26.20046647333107,0.0,0.0
2023-10-04 19:00:00,SOLAR-ALPHA-01,0.0,22.199682617051604,21.73369493164877,0.0,0.0
2023-10-04 19:15:00,SOLAR-ALPHA-01,0.0,22.056669457841906,22.593655351540733,0.0,0.0
2023-10-04 19:30:00,SOLAR-ALPHA-01,0.0,21.454102533491824,22.46463682269462,0.0,0.0
2023-10-04 19:45:00,SOLAR-ALPHA-01,0.0,16.826449298103064,17.092876958912008,0.0,0.0
2023-10-04 20:00:00,SOLAR-ALPHA-01,0.0,19.458643431602017,19.262868989312697,0.0,0.0
2023-10-04 20:15:00,SOLAR-ALPHA-01,0.0,21.26203025314257,22.789286535443864,0.0,0.0
2023-10-04 20:30:00,SOLAR-ALPHA-01,0.0,20.23042303838701,21.353368443761962,0.0,0.0
2023-10-04 20:45:00,SOLAR-ALPHA-01,0.0,19.029029311780967,18.31280320063733,0.0,0.0
2023-10-04 21:00:00,SOLAR-ALPHA-01,0.0,16.313143056509954,16.640611644327198,0.0,0.0
2023-10-04 21:15:00,SOLAR-ALPHA-01,0.0,17.892756853138096,16.91329668286661,0.0,0.0
2023-10-04 21:30:00,SOLAR-ALPHA-01,0.0,15.929446568187446,17.50384254770985,0.0,0.0
2023-10-04 21:45:00,SOLAR-ALPHA-01,0.0,17.198862174663542,15.742033487287843,0.0,0.0
2023-10-04 22:00:00,SOLAR-ALPHA-01,0.0,14.96573161882168,15.303699753889472,0.0,0.0
2023-10-04 22:15:00,SOLAR-ALPHA-01,0.0,15.460229006181677,16.49159750245131,0.0,0.0
2023-10-04 22:30:00,SOLAR-ALPHA-01,0.0,12.086605023845454,10.82807724398127,0.0,0.0
2023-10-04 22:45:00,SOLAR-ALPHA-01,0.0,12.631368676492597,12.340009768378463,0.0,0.0
2023-10-04 23:00:00,SOLAR-ALPHA-01,0.0,12.115153966609762,11.062603386183193,0.0,0.0
2023-10-04 23:15:00,SOLAR-ALPHA-01,0.0,10.0,8.533554843632793,0.0,0.0
2023-10-04 23:30:00,SOLAR-ALPHA-01,0.0,10.0,9.620418514897832,0.0,0.0
2023-10-04 23:45:00,SOLAR-ALPHA-01,0.0,12.752739825381308,13.892304145415764,0.0,0.0
2023-10-05 00:00:00,SOLAR-ALPHA-01,0.0,14.188631836253336,13.901771797740803,0.0,0.0
2023-10-05 00:15:00,SOLAR-ALPHA-01,0.0,14.640680739136819,14.440405625814309,0.0,0.0
2023-10-05 00:30:00,SOLAR-ALPHA-01,0.0,10.0,10.346427087477966,0.0,0.0
2023-10-05 00:45:00,SOLAR-ALPHA-01,0.0,10.803901901041101,10.982605986968503,0.0,0.0
2023-10-05 01:00:00,SOLAR-ALPHA-01,0.0,12.428376432851108,11.928535450611463,0.0,0.0
2023-10-05 01:15:00,SOLAR-ALPHA-01,0.0,10.0,9.880893082864366,0.0,0.0
2023-10-05 01:30:00,SOLAR-ALPHA-01,0.0,10.764426544607822,11.420074211078301,0.0,0.0
2023-10-05 01:45:00,SOLAR-ALPHA-01,0.0,10.0,8.944593407052338,0.0,0.0
2023-10-05 02:00:00,SOLAR-ALPHA-01,0.0,10.0,9.124673658541965,0.0,0.0
2023-10-05 02:15:00,SOLAR-ALPHA-01,0.0,10.0,9.0326437820162,0.0,0.0
2023-10-05 02:30:00,SOLAR-ALPHA-01,0.0,10.0,9.288419526269733,0.0,0.0
2023-10-05 02:45:00,SOLAR-ALPHA-01,0.0,10.354156474879046,11.42699620048664,0.0,0.0
2023-10-05 03:00:00,SOLAR-ALPHA-01,0.0,10.0,9.844206071273629,0.0,0.0
2023-10-05 03:15:00,SOLAR-ALPHA-01,0.0,10.162428175392488,9.813223588012434,0.0,0.0
2023-10-05 03:30:00,SOLAR-ALPHA-01,0.0,10.0,10.589032851798608,0.0,0.0
2023-10-05 03:45:00,SOLAR-ALPHA-01,0.0,10.0,8.322264892694713,0.0,0.0
2023-10-05 04:00:00,SOLAR-ALPHA-01,0.0,10.0,10.227102871414544,0.0,0.0
2023-10-05 04:15:00,SOLAR-ALPHA-01,0.0,13.326864730965093,12.460984288030474,0.0,0.0
2023-10-05 04:30:00,SOLAR-ALPHA-01,0.0,10.0,8.071717553927076,0.0,0.0
2023-10-05 04:45:00,SOLAR-ALPHA-01,0.0,10.682648156578765,11.652140857181205,0.0,0.0
2023-10-05 05:00:00,SOLAR-ALPHA-01,0.0,10.049201439372773,10.273765527388512,0.0,0.0
2023-10-05 05:15:00,SOLAR-ALPHA-01,0.0,12.477998920763227,12.640525566815702,0.0,0.0
2023-10-05 05:30:00,SOLAR-ALPHA-01,0.0,13.04477533907855,14.044394979464974,0.0,0.0
2023-10-05 05:45:00,SOLAR-ALPHA-01,0.0,12.499519456479435,10.352184938514547,0.0,0.0
2023-10-05 06:00:00,SOLAR-ALPHA-01,0.0,16.22641701359396,16.256136733051402,0.0,0.0
2023-10-05 06:15:00,SOLAR-ALPHA-01,0.0,17.897847637731047,18.959304523156963,13.136349306071942,0.0
2023-10-05 06:30:00,SOLAR-ALPHA-01,211.25961622219202,14.34059751464181,16.364655144065015,111.2586953432257,221.82259703330163
2023-10-05 06:45:00,SOLAR-ALPHA-01,273.7339575170341,17.687967490049456,21.520362212629898,130.25510034841,287.42065539288586
2023-10-05 07:00:00,SOLAR-ALPHA-01,125.55866759102152,18.90838899132515,20.55472586677086,60.488534648792125,131.8366009705726
2023-10-05 07:15:00,SOLAR-ALPHA-01,538.751365180549,19.43630659191271,26.49198836715348,262.14458052464863,565.6889334395764
2023-10-05 07:30:00,SOLAR-ALPHA-01,591.6551734144156,18.735653869882977,27.11865148933965,291.8395724156409,621.2379320851363
2023-10-05 07:45:00,SOLAR-ALPHA-01,877.8124287678817,20.268511028886156,31.629444736831346,457.75327556066264,921.7030502062757
2023-10-05 08:00:00,SOLAR-ALPHA-01,791.2045516125235,20.650073857323363,31.618931978186826,411.0446729871691,830.7647791931497
2023-10-05 08:15:00,SOLAR-ALPHA-01,837.2646538507415,22.07898088175338,32.48857906991962,432.25893462648315,879.1278865432787
2023-10-05 08:30:00,SOLAR-ALPHA-01,942.0663128438114,22.132134113994162,35.24460531126159,504.6338505990794,989.169628486002
2023-10-05 08:45:00,SOLAR-ALPHA-01,1122.8929369490072,22.055636538438204,36.10151856921535,577.9064068283104,1179.0375837964575
2023-10-05 09:00:00,SOLAR-ALPHA-01,1161.2996795322847,20.840524908320653,36.94861107231661,607.8196415512783,1219.364663508899
2023-10-05 09:15:00,SOLAR-ALPHA-01,1128.3449551215986,23.938309385714927,38.959740131179935,595.2950716439616,1184.7622028776786
2023-10-05 09:30:00,SOLAR-ALPHA-01,1222.7708696765503,22.740717992353964,39.64282419022001,642.807859777348,1283.9094131603779
2023-10-05 09:45:00,SOLAR-ALPHA-01,1292.6005899083825,22.763725069665394,39.505390915734495,696.4971522734951,1357.2306194038017
2023-10-05 10:00:00,SOLAR-ALPHA-01,1214.791472804045,26.63323199882465,42.943235787171496,657.9318207724153,1275.5310464442473
2023-10-05 10:15:00,SOLAR-ALPHA-01,1389.1010297635073,24.259018588940854,43.52694648829276,744.4324723025713,1458.5560812516828
2023-10-05 10:30:00,SOLAR-ALPHA-01,1346.0307288580846,29.31254452244216,45.74090151730225,732.8245094176023,1413.3322653009889
2023-10-05 10:45:00,SOLAR-ALPHA-01,1420.2478604337232,23.032894465028036,41.85691024450912,753.983693271566,1491.2602534554094
2023-10-05 11:00:00,SOLAR-ALPHA-01,1484.5738418799488,26.415249112909542,47.5683335533038,817.3752919507564,1558.8025339739463
2023-10-05 11:15:00,SOLAR-ALPHA-01,1551.288371273649,26.307709034189962,46.27861810052505,851.6020167731845,1628.8527898373316
2023-10-05 11:30:00,SOLAR-ALPHA-01,1345.7291768632515,26.762025487298878,43.76062869835889,732.1470387624743,1413.015635706414
2023-10-05 11:45:00,SOLAR-ALPHA-01,1472.9795484694107,30.15612419143034,50.20382883601789,813.4963862346514,1546.6285258928813
2023-10-05 12:00:00,SOLAR-ALPHA-01,1463.7827269728718,26.67259862284669,46.9541704891771,805.1629766063902,1536.9718633215155
2023-10-05 12:15:00,SOLAR-ALPHA-01,1453.9152965986339,26.43907690801272,47.73939215445042,794.1208330737865,1526.6110614285656
2023-10-05 12:30:00,SOLAR-ALPHA-01,1484.1088303004717,28.869759625399,49.315462556928075,818.9511530122569,1558.3142718154954
2023-10-05 12:45:00,SOLAR-ALPHA-01,1293.6298862794529,29.276472498533238,46.813354306134826,704.4088499312584,1358.3113805934256
2023-10-05 13:00:00,SOLAR-ALPHA-01,1245.6246516209453,32.19725800062911,50.6131671938216,697.6179092919257,1307.9058842019926
2023-10-05 13:15:00,SOLAR-ALPHA-01,1365.4670736883877,31.749922087416156,50.86019472926764,763.305605780197,1433.740427372807
2023-10-05 13:30:00,SOLAR-ALPHA-01,1386.0551424344972,29.56733642709619,47.489960404643426,754.468835157568,1455.357899556222
2023-10-05 13:45:00,SOLAR-ALPHA-01,1059.5721274270404,32.11863799230661,47.854960868774924,578.9258751074876,1112.5507337983925
2023-10-05 14:00:00,SOLAR-ALPHA-01,1437.241387154757,30.251382296413556,49.08371594584957,790.5368829600518,1509.1034565124949
2023-10-05 14:15:00,SOLAR-ALPHA-01,1337.4373077752466,27.451233728212152,44.79761029741796,727.8767062602691,1404.309173164009
2023-10-05 14:30:00,SOLAR-ALPHA-01,1146.2231672201524,28.841111924941977,44.80341179434415,610.581328951378,1203.5343255811601
2023-10-05 14:45:00,SOLAR-ALPHA-01,1087.1879892647632,29.756507198151528,45.228956806829856,592.8459878890328,1141.5473887280014
2023-10-05 15:00:00,SOLAR-ALPHA-01,1070.6759579867332,27.88225692693776,42.33367802503191,577.7586936144884,1124.2097558860698
2023-10-05 15:15:00,SOLAR-ALPHA-01,880.8709219503177,30.65143524178179,42.75152486780175,477.98461190190847,924.9144680478336
2023-10-05 15:30:00,SOLAR-ALPHA-01,972.3134156782596,25.464975403190756,39.33764233214345,512.0646328238595,1020.9290864621727
2023-10-05 15:45:00,SOLAR-ALPHA-01,943.6054202761741,30.157918299055076,42.18747939645505,507.86981407160835,990.7856912899828
2023-10-05 16:00:00,SOLAR-ALPHA-01,751.9585621908692,31.345083053709452,43.343644312992325,398.1408287288232,789.5564903004127
2023-10-05 16:15:00,SOLAR-ALPHA-01,668.9584034551058,26.64129616218479,35.2214618270867,336.3258079419618,702.4063236278611
2023-10-05 16:30:00,SOLAR-ALPHA-01,692.3132806428673,26.06126388058276,33.64429744788908,355.12169203389163,726.9289446750107
2023-10-05 16:45:00,SOLAR-ALPHA-01,356.6578028138082,26.288846017212755,29.518324224575874,178.66213905284218,374.4906929544986
2023-10-05 17:00:00,SOLAR-ALPHA-01,381.4791677699087,26.592083777593974,31.169732680476454,198.6646825637474,400.55312615840415
2023-10-05 17:15:00,SOLAR-ALPHA-01,278.898278886262,27.07794473601671,31.192294753410987,139.35229883950032,292.8431928305751
2023-10-05 17:30:00,SOLAR-ALPHA-01,142.21441991378487,28.851643311342983,32.08721135348265,83.61968227650078,149.32514090947413
2023-10-05 17:45:00,SOLAR-ALPHA-01,186.22335229719226,26.978774466859864,30.534762781190235,95.5811103018512,195.53451991205188
2023-10-05 18:00:00,SOLAR-ALPHA-01,0.0,27.16455212092899,26.987523761823798,0.0,0.0
2023-10-05 18:15:00,SOLAR-ALPHA-01,0.0,25.042743344247402,24.831552823198162,0.0,0.0
2023-10-05 18:30:00,SOLAR-ALPHA-01,0.0,30.95170585708891,31.001105221835335,0.0,0.0
2023-10-05 18:45:00,SOLAR-ALPHA-01,0.0,24.27877725448388,25.2857997769338,0.0,0.0
2023-10-05 19:00:00,SOLAR-ALPHA-01,0.0,22.304082730677084,23.388647508083213,0.0,0.0
2023-10-05 19:15:00,SOLAR-ALPHA-01,0.0,22.0547454817137,23.2478524180945,0.0,0.0
2023-10-05 19:30:00,SOLAR-ALPHA-01,0.0,22.910389072926346,21.76507080041069,0.0,0.0
2023-10-05 19:45:00,SOLAR-ALPHA-01,0.0,19.971642035889808,21.863661974032354,0.0,0.0
2023-10-05 20:00:00,SOLAR-ALPHA-01,0.0,20.05534039651617,19.573125381275915,0.0,0.0
2023-10-05 20:15:00,SOLAR-ALPHA-01,0.0,18.303015220126728,18.38238603696433,0.0,0.0
2023-10-05 20:30:00,SOLAR-ALPHA-01,0.0,19.17064890260049,19.27817215090095,0.0,0.0
2023-10-05 20:45:00,SOLAR-ALPHA-01,0.0,22.76909417269302,21.624855424900673,0.0,0.0
2023-10-05 21:00:00,SOLAR-ALPHA-01,0.0,16.88783182155061,18.69820983980481,0.0,0.0
2023-10-05 21:15:00,SOLAR-ALPHA-01,0.0,15.713098715539633,15.454636383074476,0.0,0.0
2023-10-05 21:30:00,SOLAR-ALPHA-01,0.0,18.27474302540361,16.84373383869619,0.0,0.0
2023-10-05 21:45:00,SOLAR-ALPHA-01,0.0,17.84421698773278,17.77858959171636,0.0,0.0
2023-10-05 22:00:00,SOLAR-ALPHA-01,0.0,17.882223318296383,18.590710557986696,0.0,0.0
2023-10-05 22:15:00,SOLAR-ALPHA-01,0.0,11.625871557600417,8.758348780556151,0.0,0.0
2023-10-05 22:30:00,SOLAR-ALPHA-01,0.0,12.014186481212663,11.547256864150825,0.0,0.0
2023-10-05 22:45:00,SOLAR-ALPHA-01,0.0,17.09759726430965,18.2534699644296,0.0,0.0
2023-10-05 23:00:00,SOLAR-ALPHA-01,0.0,11.361667745569003,11.10896467753036,0.0,0.0
2023-10-05 23:15:00,SOLAR-ALPHA-01,0.0,13.765808222650339,11.91877390818946,0.0,0.0
2023-10-05 23:30:00,SOLAR-ALPHA-01,0.0,13.20485543348793,15.202403347359585,0.0,0.0
2023-10-05 23:45:00,SOLAR-ALPHA-01,0.0,12.045588338866365,12.706150352723448,0.0,0.0
2023-10-06 00:00:00,SOLAR-ALPHA-01,0.0,12.025998581096394,11.589005743676177,0.0,0.0
2023-10-06 00:15:00,SOLAR-ALPHA-01,0.0,13.088302733346257,13.594219550539979,0.0,0.0
2023-10-06 00:30:00,SOLAR-ALPHA-01,0.0,10.335055429180514,10.235289492452063,0.0,0.0
2023-10-06 00:45:00,SOLAR-ALPHA-01,0.0,11.340719304005217,10.775319215526313,0.0,0.0
2023-10-06 01:00:00,SOLAR-ALPHA-01,0.0,11.485638360264327,11.634159507942334,0.0,0.0
2023-10-06 01:15:00,SOLAR-ALPHA-01,0.0,10.0,10.711317169197919,0.0,0.0
2023-10-06 01:30:00,SOLAR-ALPHA-01,0.0,10.0,10.559733358067277,0.0,0.0
2023-10-06 01:45:00,SOLAR-ALPHA-01,0.0,10.0,10.11420271591914,0.0,0.0
2023-10-06 02:00:00,SOLAR-ALPHA-01,0.0,11.046498957005928,11.878749987816233,0.0,0.0
2023-10-06 02:15:00,SOLAR-ALPHA-01,0.0,10.179333700761493,8.70621925894548,0.0,0.0
2023-10-06 02:30:00,SOLAR-ALPHA-01,0.0,10.0,9.778239321836917,0.0,0.0
2023-10-06 02:45:00,SOLAR-ALPHA-01,0.0,10.0,11.131177420062475,0.0,0.0
2023-10-06 03:00:00,SOLAR-ALPHA-01,0.0,10.0,9.256502279106508,0.0,0.0
2023-10-06 03:15:00,SOLAR-ALPHA-01,0.0,10.0,11.202490331175717,0.0,0.0
2023-10-06 03:30:00,SOLAR-ALPHA-01,0.0,10.0,10.261755860639415,0.0,0.0
2023-10-06 03:45:00,SOLAR-ALPHA-01,0.0,11.01773002215057,9.253252511907917,0.0,0.0
2023-10-06 04:00:00,SOLAR-ALPHA-01,0.0,14.94412655365203,15.317828648764731,0.0,0.0
2023-10-06 04:15:00,SOLAR-ALPHA-01,0.0,16.877064435012784,15.560504151011871,0.0,0.0
2023-10-06 04:30:00,SOLAR-ALPHA-01,0.0,11.451243332666266,8.82547100023325,0.0,0.0
2023-10-06 04:45:00,SOLAR-ALPHA-01,0.0,10.198942335240421,10.188761891263782,0.0,0.0
2023-10-06 05:00:00,SOLAR-ALPHA-01,0.0,10.179592982957683,10.710746879596865,0.0,0.0
2023-10-06 05:15:00,SOLAR-ALPHA-01,0.0,13.977979445556892,14.377598820186899,0.0,0.0
2023-10-06 05:30:00,SOLAR-ALPHA-01,0.0,14.709428651530851,15.16567280256367,0.0,0.0
2023-10-06 05:45:00,SOLAR-ALPHA-01,0.0,12.702207070693651,12.95295588095162,0.0,0.0
2023-10-06 06:00:00,SOLAR-ALPHA-01,0.0,15.213926764661185,16.547028252717894,0.0,0.0
2023-10-06 06:15:00,SOLAR-ALPHA-01,0.0,14.742317673848051,13.860807773400511,0.0,0.0
2023-10-06 06:30:00,SOLAR-ALPHA-01,163.2808727468205,16.444310279524913,18.472091038836457,81.02293450586984,171.44491638416153
2023-10-06 06:45:00,SOLAR-ALPHA-01,490.86210840498507,17.54325062094299,23.798259020049787,243.86549846400072,515.4052138252343
2023-10-06 07:00:00,SOLAR-ALPHA-01,284.16688900037514,14.663175020506731,19.228919436017605,133.71533903363198,298.3752334503939
2023-10-06 07:15:00,SOLAR-ALPHA-01,499.21341263159565,22.631291131590675,28.952520134520682,249.6776574596586,524.1740832631755
2023-10-06 07:30:00,SOLAR-ALPHA-01,449.26620500795866,20.24937196902809,24.939919593407218,223.7642376110963,471.7295152583566
2023-10-06 07:45:00,SOLAR-ALPHA-01,623.5571325134403,22.588234011484186,32.94424535244231,317.96624911407025,654.7349891391123
2023-10-06 08:00:00,SOLAR-ALPHA-01,796.3088496072037,22.664232468925697,33.48536828580409,405.74456208699786,836.124292087564
2023-10-06 08:15:00,SOLAR-ALPHA-01,765.915907223714,21.024652758724667,30.592715725162062,400.7839248993525,804.2117025848997
2023-10-06 08:30:00,SOLAR-ALPHA-01,957.7311516492573,23.64769808025867,36.44432620632177,500.48297808616303,1005.6177092317203
2023-10-06 08:45:00,SOLAR-ALPHA-01,869.5544062810018,26.84283357375839,40.02249648861034,471.40556199455807,913.0321265950519
2023-10-06 09:00:00,SOLAR-ALPHA-01,1059.7373373643745,27.123328612545887,41.17951720669105,571.8947916973165,1112.7242042325934
2023-10-06 09:15:00,SOLAR-ALPHA-01,1068.6603580739722,20.789003581315434,34.03611802546477,556.423143150506,1122.0933759776708
2023-10-06 09:30:00,SOLAR-ALPHA-01,1052.1838304884225,23.786404952495985,38.7708080976862,550.9549620566645,1104.7930220128437
2023-10-06 09:45:00,SOLAR-ALPHA-01,1171.2644926848677,27.500327127561604,44.99347066667242,637.5866172858148,1229.8277173191111
2023-10-06 10:00:00,SOLAR-ALPHA-01,1394.5022896291887,25.49960565509073,45.30221965599352,763.1430823824275,1464.2274041106482
2023-10-06 10:15:00,SOLAR-ALPHA-01,1196.8010429952049,22.330448683201283,35.301955011644615,617.4568139944529,1256.6410951449652
2023-10-06 10:30:00,SOLAR-ALPHA-01,1285.896269378293,27.668980332995773,46.78254988658211,702.0662621068268,1350.1910828472078
2023-10-06 10:45:00,SOLAR-ALPHA-01,1322.8609002075739,25.01118371933189,41.07515615737546,707.5272693788656,1389.0039452179526
2023-10-06 11:00:00,SOLAR-ALPHA-01,1458.7096173379964,27.323171085526994,47.396749028661546,794.0533987068641,1531.6450982048964
2023-10-06 11:15:00,SOLAR-ALPHA-01,1480.6034614460937,27.374849289969635,46.976289835569915,813.0179388831743,1554.6336345183984
2023-10-06 11:30:00,SOLAR-ALPHA-01,1312.5883251646237,28.74068534347728,47.17268854191423,725.5708838491321,1378.217741422855
2023-10-06 11:45:00,SOLAR-ALPHA-01,1402.7548711424026,28.840233183564358,48.668382312363846,773.4414798505809,1472.892614699523
2023-10-06 12:00:00,SOLAR-ALPHA-01,1313.085670317064,30.078173701580962,48.05647288084603,723.9486133620434,1378.739953832917
2023-10-06 12:15:00,SOLAR-ALPHA-01,1585.5133827469124,29.796712866300854,51.49291338698016,886.9786308869259,1664.789051884258
2023-10-06 12:30:00,SOLAR-ALPHA-01,1532.178335179681,24.49766616322411,47.80760786949085,844.6987674813746,1608.7872519386651
2023-10-06 12:45:00,SOLAR-ALPHA-01,1424.8544610283811,30.00599024788892,48.312770099817655,786.4989783339191,1496.0971840798002
2023-10-06 13:00:00,SOLAR-ALPHA-01,1490.9503182622598,27.912505968012695,50.01585162267746,832.3569821300686,1565.4978341753729
2023-10-06 13:15:00,SOLAR-ALPHA-01,1377.791606175937,28.531290932560328,47.97356035423962,774.6445332320064,1446.6811864847339
2023-10-06 13:30:00,SOLAR-ALPHA-01,1453.6999855015779,28.77805120575445,50.381778022584264,814.0153261221093,1526.384984776657
2023-10-06 13:45:00,SOLAR-ALPHA-01,1193.3683993479308,33.83481851114069,49.64944710375202,656.8651704822446,1253.0368193153274
2023-10-06 14:00:00,SOLAR-ALPHA-01,1111.2738114492336,28.975590068046362,43.614033888760495,605.5337544615777,1166.8375020216954
2023-10-06 14:15:00,SOLAR-ALPHA-01,1120.6865414394672,30.597250401680906,44.62442112541203,610.9549677075086,1176.7208685114406
2023-10-06 14:30:00,SOLAR-ALPHA-01,1090.4408983770013,29.581851283173908,44.93865154514845,588.1438726609276,1144.9629432958513
2023-10-06 14:45:00,SOLAR-ALPHA-01,1048.8638606016927,30.130381829755553,44.40577002084314,570.3705166636016,1101.3070536317775
2023-10-06 15:00:00,SOLAR-ALPHA-01,1050.7845327104305,30.175318875038247,44.34767383089231,567.232913674702,1103.323759345952
2023-10-06 15:15:00,SOLAR-ALPHA-01,893.3999870593411,29.215989902830387,41.53913342802425,482.52848023282166,938.0699864123083
2023-10-06 15:30:00,SOLAR-ALPHA-01,1030.3605330737544,29.865312039755132,43.32522578135904,562.2249844622133,1081.878559727442
2023-10-06 15:45:00,SOLAR-ALPHA-01,667.3054959254773,29.59481504566732,37.410310438673235,350.647734613225,700.6707707217512
2023-10-06 16:00:00,SOLAR-ALPHA-01,774.6372373927468,27.38921589205575,38.82472917168304,408.1641864265429,813.3690992623841
2023-10-06 16:15:00,SOLAR-ALPHA-01,580.572301950826,27.60854452908541,35.78860252850835,297.22737410311584,609.6009170483674
2023-10-06 16:30:00,SOLAR-ALPHA-01,804.0027942686984,25.72528280503522,35.68933890858334,419.02001282809096,844.2029339821333
2023-10-06 16:45:00,SOLAR-ALPHA-01,541.9313465043957,25.978381259220534,33.69899295340378,279.70675674064677,569.0279138296155
2023-10-06 17:00:00,SOLAR-ALPHA-01,554.0701360996775,26.664151352937193,32.7074066028458,298.5145163229436,581.7736429046614
2023-10-06 17:15:00,SOLAR-ALPHA-01,282.9218087336776,27.364376140994324,32.467792189128964,149.13825495009286,297.0678991703615
2023-10-06 17:30:00,SOLAR-ALPHA-01,226.57940685679293,24.076896111705462,27.89301964231957,115.12432827108117,237.90837719963258
2023-10-06 17:45:00,SOLAR-ALPHA-01,161.63122392593155,23.900158944111705,26.85011315338081,84.83171288576887,169.71278512222813
2023-10-06 18:00:00,SOLAR-ALPHA-01,0.0,24.124464430145153,24.912007927815498,20.28412226611745,0.0
2023-10-06 18:15:00,SOLAR-ALPHA-01,0.0,24.503844944734237,24.80247767743253,0.0,0.0
2023-10-06 18:30:00,SOLAR-ALPHA-01,0.0,22.932450327498444,22.27779248484928,0.0,0.0
2023-10-06 18:45:00,SOLAR-ALPHA-01,0.0,24.878564725886587,25.39057898832388,0.0,0.0
2023-10-06 19:00:00,SOLAR-ALPHA-01,0.0,21.91628332111241,22.392916022151443,0.0,0.0
2023-10-06 19:15:00,SOLAR-ALPHA-01,0.0,20.09784557302375,19.931636523753536,0.0,0.0
2023-10-06 19:30:00,SOLAR-ALPHA-01,0.0,19.981132472786708,20.45314447849412,0.0,0.0
2023-10-06 19:45:00,SOLAR-ALPHA-01,0.0,21.214096463471694,21.469502640958186,0.0,0.0
2023-10-06 20:00:00,SOLAR-ALPHA-01,0.0,21.20903330966553,21.09034283068467,0.0,0.0
2023-10-06 20:15:00,SOLAR-ALPHA-01,0.0,21.7665559705163,24.142974104966402,0.0,0.0
2023-10-06 20:30:00,SOLAR-ALPHA-01,0.0,18.284745159452115,18.900091501339155,0.0,0.0
2023-10-06 20:45:00,SOLAR-ALPHA-01,0.0,18.135033884902786,16.998360346608834,0.0,0.0
2023-10-06 21:00:00,SOLAR-ALPHA-01,0.0,18.03124711350481,18.31339978472119,0.0,0.0
2023-10-06 21:15:00,SOLAR-ALPHA-01,0.0,18.56311871674405,17.713328985794238,0.0,0.0
2023-10-06 21:30:00,SOLAR-ALPHA-01,0.0,16.79125011387087,16.49325764369952,0.0,0.0
2023-10-06 21:45:00,SOLAR-ALPHA-01,0.0,15.150704852129415,13.610646872273053,0.0,0.0
2023-10-06 22:00:00,SOLAR-ALPHA-01,0.0,16.119852567245967,15.952576541398656,0.0,0.0
2023-10-06 22:15:00,SOLAR-ALPHA-01,0.0,12.604660772110842,12.118326603820138,0.0,0.0
2023-10-06 22:30:00,SOLAR-ALPHA-01,0.0,16.159069429621205,17.395243546027473,0.0,0.0
2023-10-06 22:45:00,SOLAR-ALPHA-01,0.0,15.422753716049701,16.545296220932034,0.0,0.0
2023-10-06 23:00:00,SOLAR-ALPHA-01,0.0,13.422052997100186,13.138887597564093,0.0,0.0
2023-10-06 23:15:00,SOLAR-ALPHA-01,0.0,11.60238948205937,11.123267934789254,0.0,0.0
2023-10-06 23:30:00,SOLAR-ALPHA-01,0.0,11.99377780531272,12.21906093625575,0.0,0.0
2023-10-06 23:45:00,SOLAR-ALPHA-01,0.0,11.547975143685294,12.111829672790481,0.0,0.0
2023-10-07 00:00:00,SOLAR-ALPHA-01,0.0,12.348262616911708,12.148369636266176,0.0,0.0
2023-10-07 00:15:00,SOLAR-ALPHA-01,0.0,11.548429598407285,11.365358698773521,0.0,0.0
2023-10-07 00:30:00,SOLAR-ALPHA-01,0.0,10.0,9.59655895021533,0.0,0.0
2023-10-07 00:45:00,SOLAR-ALPHA-01,0.0,10.0,10.571010180473294,0.0,0.0
2023-10-07 01:00:00,SOLAR-ALPHA-01,0.0,10.352680051268953,10.740355883659175,0.0,0.0
2023-10-07 01:15:00,SOLAR-ALPHA-01,0.0,12.015234577441335,11.02229946539225,0.0,0.0
2023-10-07 01:30:00,SOLAR-ALPHA-01,0.0,12.224441219962237,13.509310435252116,0.0,0.0
2023-10-07 01:45:00,SOLAR-ALPHA-01,0.0,10.0,11.29892376902945,0.0,0.0
2023-10-07 02:00:00,SOLAR-ALPHA-01,0.0,10.1470050823006,13.173981458121741,0.0,0.0
2023-10-07 02:15:00,SOLAR-ALPHA-01,0.0,10.0,12.228068667884015,0.0,0.0
2023-10-07 02:30:00,SOLAR-ALPHA-01,0.0,12.320836060318715,12.190118820496728,0.0,0.0
2023-10-07 02:45:00,SOLAR-ALPHA-01,0.0,10.0,10.227461907626374,0.0,0.0
2023-10-07 03:00:00,SOLAR-ALPHA-01,0.0,10.0,7.434168397327069,0.0,0.0
2023-10-07 03:15:00,SOLAR-ALPHA-01,0.0,12.079635559363624,13.344782628925245,0.0,0.0
2023-10-07 03:30:00,SOLAR-ALPHA-01,0.0,16.428394508759112,16.426356242617548,0.0,0.0
2023-10-07 03:45:00,SOLAR-ALPHA-01,0.0,11.400244769848562,12.264348081686343,0.0,0.0
2023-10-07 04:00:00,SOLAR-ALPHA-01,0.0,14.4002286985461,12.674332287935185,0.0,0.0
2023-10-07 04:15:00,SOLAR-ALPHA-01,0.0,13.885271578966277,13.650910235100444,0.0,0.0
2023-10-07 04:30:00,SOLAR-ALPHA-01,0.0,13.168650922887128,12.424214894066198,0.0,0.0
2023-10-07 04:45:00,SOLAR-ALPHA-01,0.0,12.847259883973413,12.671745202906058,0.0,0.0
2023-10-07 05:00:00,SOLAR-ALPHA-01,0.0,11.09913017427262,12.966822291347707,0.0,0.0
2023-10-07 05:15:00,SOLAR-ALPHA-01,0.0,11.193332316003513,11.460959667192462,0.0,0.0
2023-10-07 05:30:00,SOLAR-ALPHA-01,0.0,10.530755022048925,11.205902224434709,0.0,0.0
2023-10-07 05:45:00,SOLAR-ALPHA-01,0.0,13.977117530324392,16.313388202178942,0.0,0.0
2023-10-07 06:00:00,SOLAR-ALPHA-01,0.0,14.730630351653398,14.747653630821658,45.502324464736084,0.0
2023-10-07 06:15:00,SOLAR-ALPHA-01,209.65569142000317,16.755292814829154,19.778598571598447,109.3078003672145,220.13847599100333
2023-10-07 06:30:00,SOLAR-ALPHA-01,515.2654601967662,15.744146220219587,22.107683076776908,264.40466659810613,541.0287332066046
2023-10-07 06:45:00,SOLAR-ALPHA-01,397.49684954088934,18.852564965867156,25.044244997523403,196.73792556360308,417.3716920179338
2023-10-07 07:00:00,SOLAR-ALPHA-01,508.5695768074486,16.502873820240772,22.166711991783707,252.37547821160493,533.998055647821
2023-10-07 07:15:00,SOLAR-ALPHA-01,471.23395820892875,14.06889349570253,19.822422021381165,224.29850123989672,494.7956561193752
2023-10-07 07:30:00,SOLAR-ALPHA-01,483.92144964383874,19.594907636697418,26.447906874740028,244.99723063063672,508.1175221260307
2023-10-07 07:45:00,SOLAR-ALPHA-01,610.7703698654349,17.795309113594342,25.36801380988725,309.3956376273912,641.3088883587067
2023-10-07 08:00:00,SOLAR-ALPHA-01,689.9696279266692,21.582579151150895,30.65779920209117,359.13935057515937,724.4681093230027
2023-10-07 08:15:00,SOLAR-ALPHA-01,934.1852953719583,20.0748618614323,31.730092511575588,479.2411340300505,980.8945601405562
2023-10-07 08:30:00,SOLAR-ALPHA-01,980.9934312854953,21.517764121411826,34.71428153248894,500.1877280852445,1030.04310284977
2023-10-07 08:45:00,SOLAR-ALPHA-01,1095.3748234695875,21.42871900535557,35.35498612840607,571.2780436271191,1150.1435646430668
2023-10-07 09:00:00,SOLAR-ALPHA-01,1310.81085046872,16.80555755544105,33.29235975017383,675.1436863451273,1376.351392992156
2023-10-07 09:15:00,SOLAR-ALPHA-01,1016.9203335718901,25.47144106007699,40.85813123826003,543.6779312190605,1067.7663502504847
2023-10-07 09:30:00,SOLAR-ALPHA-01,1171.846084865725,23.322705202291182,39.11946266066993,615.982565575056,1230.4383891090113
2023-10-07 09:45:00,SOLAR-ALPHA-01,1189.1234939128499,22.57082700314243,39.173870014447836,634.9910310617648,1248.5796686084925
2023-10-07 10:00:00,SOLAR-ALPHA-01,1254.5007170591975,31.209737035005155,48.227968899860755,686.0297391898313,1317.2257529121575
2023-10-07 10:15:00,SOLAR-ALPHA-01,1311.6827427956316,26.305768479639607,43.31728952574639,708.2106031973522,1377.2668799354133
2023-10-07 10:30:00,SOLAR-ALPHA-01,1303.5634661692327,31.972563068759616,49.6805464332449,716.1737786285871,1368.7416394776944
2023-10-07 10:45:00,SOLAR-ALPHA-01,1384.7210655489491,23.10480294277153,40.92018115439435,732.0088868054829,1453.9571188263967
2023-10-07 11:00:00,SOLAR-ALPHA-01,1418.6734454684547,23.55386426193492,43.24710973899647,765.6311716751732,1489.6071177418776
2023-10-07 11:15:00,SOLAR-ALPHA-01,1247.1498655436035,28.589789263537543,47.60591835103867,685.3927487734306,1309.5073588207838
2023-10-07 11:30:00,SOLAR-ALPHA-01,1474.5649521731664,30.182067526430615,51.22994231492144,827.7616357811728,1548.2931997818248
2023-10-07 11:45:00,SOLAR-ALPHA-01,1500.614469228364,29.66062175576817,50.546943983875,828.7132754525358,1575.6451926897823
2023-10-07 12:00:00,SOLAR-ALPHA-01,1488.1937385863562,28.06473833571406,48.58421994144498,821.9642926481469,1562.603425515674
2023-10-07 12:15:00,SOLAR-ALPHA-01,1430.9890386581724,25.060886926004617,46.25956752610211,784.6248358330249,1502.538490591081
2023-10-07 12:30:00,SOLAR-ALPHA-01,1520.6636560482282,27.3088836950502,49.566335833606715,847.5417716544389,1596.6968388506396
2023-10-07 12:45:00,SOLAR-ALPHA-01,1350.3016189005266,27.709275909908488,45.13792811425625,738.6410878136164,1417.8166998455529
2023-10-07 13:00:00,SOLAR-ALPHA-01,1245.1507298803958,30.111258584077525,46.791061099276064,686.2790438452816,1307.4082663744157
2023-10-07 13:15:00,SOLAR-ALPHA-01,1295.0415295875416,35.28174591385227,55.305540919637366,741.4346609345233,1359.7936060669188
2023-10-07 13:30:00,SOLAR-ALPHA-01,1307.900670714975,30.95988258460179,48.83848292111571,718.6788164416557,1373.2957042507237
2023-10-07 13:45:00,SOLAR-ALPHA-01,1223.7390884957877,29.53628408299425,47.00240306225444,674.0979018220197,1284.9260429205772
2023-10-07 14:00:00,SOLAR-ALPHA-01,1399.1520338462753,30.254008096940606,49.20323510408488,762.3509252433619,1469.1096355385891
2023-10-07 14:15:00,SOLAR-ALPHA-01,1176.0279823977437,31.29548080666668,47.933357659607665,649.0282882933041,1234.829381517631
2023-10-07 14:30:00,SOLAR-ALPHA-01,1240.3742988232264,31.703156124587615,49.72616017168021,679.7048208742428,1302.3930137643877
2023-10-07 14:45:00,SOLAR-ALPHA-01,1001.066937189868,29.874412458903855,44.18634839324437,547.137816792753,1051.1202840493613
2023-10-07 15:00:00,SOLAR-ALPHA-01,1070.1588624580916,29.63466492082823,43.462618523521996,584.3506246734139,1123.6668055809962
2023-10-07 15:15:00,SOLAR-ALPHA-01,981.6356632588185,31.00297366526613,41.872729448217605,522.4362504989377,1030.7174464217594
2023-10-07 15:30:00,SOLAR-ALPHA-01,776.6329251425786,30.249978592605924,40.49821145205693,413.9272816098401,815.4645713997077
2023-10-07 15:45:00,SOLAR-ALPHA-01,616.1156867317001,32.439019459847884,40.83478513877018,337.79691634884773,646.9214710682851
2023-10-07 16:00:00,SOLAR-ALPHA-01,711.9792553096198,26.626132477640923,37.152314300225065,377.5987609463088,747.5782180751008
2023-10-07 16:15:00,SOLAR-ALPHA-01,692.8783742553404,29.59576501772078,41.190347305409226,369.6237976083856,727.5222929681074
2023-10-07 16:30:00,SOLAR-ALPHA-01,676.9295259658668,28.12018037726132,36.102949189263036,360.3532356374962,710.7760022641602
2023-10-07 16:45:00,SOLAR-ALPHA-01,558.7667819070737,26.11174253706374,33.404666381535165,287.11316026222124,586.7051210024274
2023-10-07 17:00:00,SOLAR-ALPHA-01,349.61401207074294,28.299165279608143,33.31932011071143,191.90724841553356,367.0947126742801
2023-10-07 17:15:00,SOLAR-ALPHA-01,269.1835998088473,23.96303213230131,28.339745848347015,137.1427487767063,282.64277979928966
2023-10-07 17:30:00,SOLAR-ALPHA-01,196.66464986950524,26.386055140887994,27.719268865710227,87.2746488214497,206.4978823629805
2023-10-07 17:45:00,SOLAR-ALPHA-01,320.92331112842965,25.25809119007965,30.785313068948344,163.028687594235,336.96947668485114
2023-10-07 18:00:00,SOLAR-ALPHA-01,132.85420051806815,23.762554782441857,24.86498922519411,67.29314290721693,139.49691054397158
2023-10-07 18:15:00,SOLAR-ALPHA-01,0.0,24.50416826445354,25.368316311558697,0.0,0.0
2023-10-07 18:30:00,SOLAR-ALPHA-01,0.0,22.875508525028444,20.575886996691832,0.0,0.0
2023-10-07 18:45:00,SOLAR-ALPHA-01,0.0,19.700891571840117,18.95662262881237,0.0,0.0
2023-10-07 19:00:00,SOLAR-ALPHA-01,0.0,26.1333174484525,25.5951661821327,0.0,0.0
2023-10-07 19:15:00,SOLAR-ALPHA-01,0.0,22.305521920484992,22.588919170296744,0.0,0.0
2023-10-07 19:30:00,SOLAR-ALPHA-01,0.0,18.93385150625318,19.84819897953874,0.0,0.0
2023-10-07 19:45:00,SOLAR-ALPHA-01,0.0,23.31779260678057,23.342144452089325,0.0,0.0
2023-10-07 20:00:00,SOLAR-ALPHA-01,0.0,20.89614347782703,21.06207876848123,0.0,0.0
2023-10-07 20:15:00,SOLAR-ALPHA-01,0.0,20.514308440081525,20.33933647734333,0.0,0.0
2023-10-07 20:30:00,SOLAR-ALPHA-01,0.0,18.029924091082556,16.345015411420018,0.0,0.0
2023-10-07 20:45:00,SOLAR-ALPHA-01,0.0,19.49779990011182,19.56018860498409,0.0,0.0
2023-10-07 21:00:00,SOLAR-ALPHA-01,0.0,22.203964385778015,22.28613996589744,0.0,0.0
2023-10-07 21:15:00,SOLAR-ALPHA-01,0.0,18.046078844708738,17.513495957757183,0.0,0.0
2023-10-07 21:30:00,SOLAR-ALPHA-01,0.0,13.57261226137319,15.956432471616715,0.0,0.0
2023-10-07 21:45:00,SOLAR-ALPHA-01,0.0,13.694609747984156,14.017223876334603,0.0,0.0
2023-10-07 22:00:00,SOLAR-ALPHA-01,0.0,13.448973789492804,13.526739501514532,0.0,0.0
2023-10-07 22:15:00,SOLAR-ALPHA-01,0.0,14.64450488233395,15.772627250274375,0.0,0.0
2023-10-07 22:30:00,SOLAR-ALPHA-01,0.0,15.129706446032232,14.733847202578817,0.0,0.0
2023-10-07 22:45:00,SOLAR-ALPHA-01,0.0,14.492801991459475,15.306911818119346,0.0,0.0
2023-10-07 23:00:00,SOLAR-ALPHA-01,0.0,14.001543284672293,12.984892844669218,0.0,0.0
2023-10-07 23:15:00,SOLAR-ALPHA-01,0.0,10.140575043016858,10.035374470656754,0.0,0.0
2023-10-07 23:30:00,SOLAR-ALPHA-01,0.0,13.099143948707141,15.528038763878238,0.0,0.0
2023-10-07 23:45:00,SOLAR-ALPHA-01,0.0,14.502376936026044,14.803466146227217,0.0,0.0
2023-10-08 00:00:00,SOLAR-ALPHA-01,0.0,13.109777371451115,11.508642805735821,0.0,0.0
2023-10-08 00:15:00,SOLAR-ALPHA-01,0.0,10.935051490763737,10.671771987263947,0.0,0.0
2023-10-08 00:30:00,SOLAR-ALPHA-01,0.0,10.835777040053115,8.123938729107817,0.0,0.0
2023-10-08 00:45:00,SOLAR-ALPHA-01,0.0,10.548992817685912,9.757587105687566,0.0,0.0
2023-10-08 01:00:00,SOLAR-ALPHA-01,0.0,10.0,8.785286010128688,0.0,0.0
2023-10-08 01:15:00,SOLAR-ALPHA-01,0.0,11.226372879788425,10.441989799678138,0.0,0.0
2023-10-08 01:30:00,SOLAR-ALPHA-01,0.0,11.76295597584462,12.64113683095635,0.0,0.0
2023-10-08 01:45:00,SOLAR-ALPHA-01,0.0,12.67744776088077,11.186523948317454,0.0,0.0
2023-10-08 02:00:00,SOLAR-ALPHA-01,0.0,10.0,8.437415827203653,0.0,0.0
2023-10-08 02:15:00,SOLAR-ALPHA-01,0.0,12.356948913892412,12.015863126304502,0.0,0.0
2023-10-08 02:30:00,SOLAR-ALPHA-01,0.0,10.0,9.638822058575375,0.0,0.0
2023-10-08 02:45:00,SOLAR-ALPHA-01,0.0,10.0,9.574739772646476,0.0,0.0
2023-10-08 03:00:00,SOLAR-ALPHA-01,0.0,10.150893692347202,11.890765745303606,0.0,0.0
2023-10-08 03:15:00,SOLAR-ALPHA-01,0.0,13.430735984246855,13.788547800521025,0.0,0.0
2023-10-08 03:30:00,SOLAR-ALPHA-01,0.0,12.063080684267392,12.255911972600458,0.0,0.0
2023-10-08 03:45:00,SOLAR-ALPHA-01,0.0,10.0,9.084802849087364,0.0,0.0
2023-10-08 04:00:00,SOLAR-ALPHA-01,0.0,11.944838705685727,12.199546116007697,0.0,0.0
2023-10-08 04:15:00,SOLAR-ALPHA-01,0.0,12.70989237280804,13.306462801312868,0.0,0.0
2023-10-08 04:30:00,SOLAR-ALPHA-01,0.0,14.262937986047696,15.145287948410424,0.0,0.0
2023-10-08 04:45:00,SOLAR-ALPHA-01,0.0,16.28858251333588,16.97884985631993,0.0,0.0
2023-10-08 05:00:00,SOLAR-ALPHA-01,0.0,12.974215841472235,12.954713328539555,0.0,0.0
2023-10-08 05:15:00,SOLAR-ALPHA-01,0.0,14.580266921431441,14.66625085397073,0.0,0.0
2023-10-08 05:30:00,SOLAR-ALPHA-01,0.0,17.300210142998765,15.809137004813152,0.0,0.0
2023-10-08 05:45:00,SOLAR-ALPHA-01,0.0,12.455571666759909,11.742803038319934,0.0,0.0
2023-10-08 06:00:00,SOLAR-ALPHA-01,0.0,14.444555750389863,16.116136409662655,35.10125064835363,0.0
2023-10-08 06:15:00,SOLAR-ALPHA-01,0.0,14.398605577872132,15.792185688014351,8.394509027772067,0.0
2023-10-08 06:30:00,SOLAR-ALPHA-01,217.5044705729375,19.221609299778148,21.0812547771401,104.27117218590234,228.37969410158436
2023-10-08 06:45:00,SOLAR-ALPHA-01,311.19184883279524,17.953752570633295,22.057340942188045,151.81939822165614,326.751441274435
2023-10-08 07:00:00,SOLAR-ALPHA-01,294.9788515134391,16.269273696884422,20.657768877944154,149.59044832099664,309.72779408911106
2023-10-08 07:15:00,SOLAR-ALPHA-01,305.6388012914222,18.562353592174592,22.23783839344144,158.48326678127864,320.92074135599336
2023-10-08 07:30:00,SOLAR-ALPHA-01,584.7886605264409,18.01601809021501,24.845969042347576,294.66723514710407,614.028093552763
2023-10-08 07:45:00,SOLAR-ALPHA-01,691.6448902675457,16.239553687411583,24.9111652499653,343.1369639661935,726.227134780923
2023-10-08 08:00:00,SOLAR-ALPHA-01,847.8352070847837,18.85340017138534,28.971322548278113,431.78030678132075,890.2269674390229
2023-10-08 08:15:00,SOLAR-ALPHA-01,701.376389395586,22.773141667634455,31.742570219823047,360.7557802102971,736.4452088653653
2023-10-08 08:30:00,SOLAR-ALPHA-01,1029.3938103357941,21.08332808781342,36.154289218044404,538.7943540171749,1080.863500852584
2023-10-08 08:45:00,SOLAR-ALPHA-01,840.0101117072046,24.607461400214994,36.222195219218655,443.10638539433126,882.0106172925649
2023-10-08 09:00:00,SOLAR-ALPHA-01,1021.3178380313351,22.42426019300479,35.981144768084484,532.7851019308952,1072.3837299329018
2023-10-08 09:15:00,SOLAR-ALPHA-01,1243.6766872612893,22.959617122986366,39.24555077369883,666.8894500175755,1305.8605216243539
2023-10-08 09:30:00,SOLAR-ALPHA-01,1189.2328121927758,23.493839240557417,41.080899094931915,632.8752088362767,1248.6944528024146
2023-10-08 09:45:00,SOLAR-ALPHA-01,1329.419212234278,24.985213651587323,42.6756010660009,715.761747982495,1395.8901728459919
2023-10-08 10:00:00,SOLAR-ALPHA-01,1322.1675348377635,22.176095790961305,42.10132581846161,696.7148174682779,1388.2759115796516
2023-10-08 10:15:00,SOLAR-ALPHA-01,1326.5062974868779,23.133882414249978,38.79678119871467,697.4340465871541,1392.831612361222
2023-10-08 10:30:00,SOLAR-ALPHA-01,1463.072695621121,24.283407661268182,43.623183401014494,792.5971087085715,1536.2263304021772
2023-10-08 10:45:00,SOLAR-ALPHA-01,1376.755185119851,25.16299330356433,45.595208430591434,748.5398786015668,1445.5929443758434
2023-10-08 11:00:00,SOLAR-ALPHA-01,1454.9510702446814,24.536594301642264,46.0407106207719,789.9458621468714,1527.6986237569156
2023-10-08 11:15:00,SOLAR-ALPHA-01,1433.1369168114077,24.227043979737978,45.251624680166465,781.9975450850288,1504.793762651978
2023-10-08 11:30:00,SOLAR-ALPHA-01,1386.0778026466544,30.5578244304723,51.691055145354824,775.8251707426292,1455.3816927789871
2023-10-08 11:45:00,SOLAR-ALPHA-01,1451.599374997809,27.515443331869154,48.56587754994365,802.5355613652831,1524.1793437476995
2023-10-08 12:00:00,SOLAR-ALPHA-01,1291.8761064242422,29.28995005721606,47.57923567435826,712.7131899500953,1356.4699117454543
2023-10-08 12:15:00,SOLAR-ALPHA-01,1404.4227467391936,28.282996890737035,47.52906404907615,782.4974226715517,1474.6438840761534
2023-10-08 12:30:00,SOLAR-ALPHA-01,1512.3117131534086,30.828027782577472,51.92706344253386,841.1107296089807,1587.927298811079
2023-10-08 12:45:00,SOLAR-ALPHA-01,1375.9653705985334,29.44486051625937,46.36921830671186,758.3518983782311,1444.76363912846
2023-10-08 13:00:00,SOLAR-ALPHA-01,1337.1191767814892,31.387325780840662,50.113061621840785,746.8092341101808,1403.9751356205636
2023-10-08 13:15:00,SOLAR-ALPHA-01,1272.9804085724875,28.348341278255234,45.365756356464225,706.0316870564947,1336.629429001112
2023-10-08 13:30:00,SOLAR-ALPHA-01,1336.875224167897,27.42425495150453,45.46660440469928,728.0742079232219,1403.7189853762918
2023-10-08 13:45:00,SOLAR-ALPHA-01,1439.5189862679852,29.22503516213839,49.555900086768965,800.7100916733162,1511.4949355813844
2023-10-08 14:00:00,SOLAR-ALPHA-01,1252.7577960155334,27.051442042491484,44.097505173891236,669.5318577047778,1315.39568581631
2023-10-08 14:15:00,SOLAR-ALPHA-01,1326.2329876299862,33.35172253300165,51.39277158400876,739.7797718017771,1392.5446370114855
2023-10-08 14:30:00,SOLAR-ALPHA-01,1197.518494480622,35.20347287458348,51.33467976734952,667.885475899356,1257.394419204653
2023-10-08 14:45:00,SOLAR-ALPHA-01,1152.7916550875766,28.11371202251702,42.140536311285345,622.043035516643,1210.4312378419554
2023-10-08 15:00:00,SOLAR-ALPHA-01,1069.3894505593528,33.25859683426348,48.34972802138115,584.6658952961158,1122.8589230873204
2023-10-08 15:15:00,SOLAR-ALPHA-01,1025.6045780948018,27.836777813385783,42.107405313384064,548.2989947676424,1076.884806999542
2023-10-08 15:30:00,SOLAR-ALPHA-01,909.4544837114249,31.979666395208074,43.34208859959546,488.8519568694174,954.9272078969963
2023-10-08 15:45:00,SOLAR-ALPHA-01,748.9733401428643,32.534158231380296,43.076362847699876,404.0028116460996,786.4220071500076
2023-10-08 16:00:00,SOLAR-ALPHA-01,559.4844461900328,30.736718428695745,38.77089499259817,301.0432895498304,587.4586684995345
2023-10-08 16:15:00,SOLAR-ALPHA-01,538.8760789588508,31.990710035187856,39.94236156717837,295.1628636437701,565.8198829067934
2023-10-08 16:30:00,SOLAR-ALPHA-01,559.7384805834514,28.92253931242241,35.68619299271327,281.97547158411356,587.725404612624
2023-10-08 16:45:00,SOLAR-ALPHA-01,599.6794237300372,30.132323348699586,37.94951107889607,312.06086785135346,629.6633949165391
2023-10-08 17:00:00,SOLAR-ALPHA-01,489.35486516225603,29.28025768179984,37.6107318353144,263.50104955066155,513.8226084203689
2023-10-08 17:15:00,SOLAR-ALPHA-01,296.6871459270752,27.608758645578344,32.31680502993026,152.62461204123142,311.521503223429
2023-10-08 17:30:00,SOLAR-ALPHA-01,272.96658338541204,24.676709199894823,28.488693255072782,142.65428950241713,286.61491255468263
2023-10-08 17:45:00,SOLAR-ALPHA-01,148.67727276504507,26.631674828515706,28.690259359184548,67.69345496909311,156.11113640329734
2023-10-08 18:00:00,SOLAR-ALPHA-01,0.0,25.721184716529148,24.365889957092122,0.0,0.0
2023-10-08 18:15:00,SOLAR-ALPHA-01,0.0,25.89758815718679,25.13801598271086,0.0,0.0
2023-10-08 18:30:00,SOLAR-ALPHA-01,0.0,24.871295873840676,24.85626329641899,0.0,0.0
2023-10-08 18:45:00,SOLAR-ALPHA-01,0.0,26.269155945729537,24.701198541587377,0.0,0.0
2023-10-08 19:00:00,SOLAR-ALPHA-01,0.0,19.887856825126313,19.446829182672104,0.0,0.0
2023-10-08 19:15:00,SOLAR-ALPHA-01,0.0,19.903238730697705,20.170169287384805,0.0,0.0
2023-10-08 19:30:00,SOLAR-ALPHA-01,0.0,19.704832143234402,20.058719261086516,0.0,0.0
2023-10-08 19:45:00,SOLAR-ALPHA-01,0.0,21.424091547535028,22.304694965958717,0.0,0.0
2023-10-08 20:00:00,SOLAR-ALPHA-01,0.0,18.419760507152258,18.71445209115564,0.0,0.0
2023-10-08 20:15:00,SOLAR-ALPHA-01,0.0,18.182419569804228,17.042899740719413,0.0,0.0
2023-10-08 20:30:00,SOLAR-ALPHA-01,0.0,21.6470967990347,21.940891992540724,0.0,0.0
2023-10-08 20:45:00,SOLAR-ALPHA-01,0.0,18.068688426805544,17.344633409824816,0.0,0.0
2023-10-08 21:00:00,SOLAR-ALPHA-01,0.0,15.285461543026722,16.502740391643915,0.0,0.0
2023-10-08 21:15:00,SOLAR-ALPHA-01,0.0,15.819997557317391,15.753021099499525,0.0,0.0
2023-10-08 21:30:00,SOLAR-ALPHA-01,0.0,17.490473068617085,18.873004743210142,0.0,0.0
2023-10-08 21:45:00,SOLAR-ALPHA-01,0.0,15.706544165068728,15.415491939830428,0.0,0.0
2023-10-08 22:00:00,SOLAR-ALPHA-01,0.0,12.699677748032636,12.384891683629252,0.0,0.0
2023-10-08 22:15:00,SOLAR-ALPHA-01,0.0,16.3177974330506,16.99619382720889,0.0,0.0
2023-10-08 22:30:00,SOLAR-ALPHA-01,0.0,12.892420345863492,13.443098380205631,0.0,0.0
2023-10-08 22:45:00,SOLAR-ALPHA-01,0.0,11.618224481377577,10.109935356472349,0.0,0.0
2023-10-08 23:00:00,SOLAR-ALPHA-01,0.0,10.0,9.873572997797957,0.0,0.0
2023-10-08 23:15:00,SOLAR-ALPHA-01,0.0,11.757706334825729,11.569989904092427,0.0,0.0
2023-10-08 23:30:00,SOLAR-ALPHA-01,0.0,11.588814537962435,13.833505860263257,0.0,0.0
2023-10-08 23:45:00,SOLAR-ALPHA-01,0.0,11.217154795414313,11.490310147845754,0.0,0.0
2023-10-09 00:00:00,SOLAR-ALPHA-01,0.0,10.0,9.62877654143912,0.0,0.0
2023-10-09 00:15:00,SOLAR-ALPHA-01,0.0,12.546102151479452,12.339969880710195,0.0,0.0
2023-10-09 00:30:00,SOLAR-ALPHA-01,0.0,10.834943004527336,9.862371405401124,0.0,0.0
2023-10-09 00:45:00,SOLAR-ALPHA-01,0.0,11.331182002072223,11.473642780174153,0.0,0.0
2023-10-09 01:00:00,SOLAR-ALPHA-01,0.0,10.797714698527656,11.28263688879987,0.0,0.0
2023-10-09 01:15:00,SOLAR-ALPHA-01,0.0,10.0,10.63985482880219,0.0,0.0
2023-10-09 01:30:00,SOLAR-ALPHA-01,0.0,10.0,9.234325929632849,0.0,0.0
2023-10-09 01:45:00,SOLAR-ALPHA-01,0.0,11.55628542795326,12.281262638753166,0.0,0.0
2023-10-09 02:00:00,SOLAR-ALPHA-01,0.0,13.613741503021412,13.28474672312249,0.0,0.0
2023-10-09 02:15:00,SOLAR-ALPHA-01,0.0,11.849515338061927,12.967658700270734,0.0,0.0
2023-10-09 02:30:00,SOLAR-ALPHA-01,0.0,10.0,9.753040510616254,0.0,0.0
2023-10-09 02:45:00,SOLAR-ALPHA-01,0.0,10.0,8.80447619230505,0.0,0.0
2023-10-09 03:00:00,SOLAR-ALPHA-01,0.0,10.0,11.093778115491574,0.0,0.0
2023-10-09 03:15:00,SOLAR-ALPHA-01,0.0,10.0,10.905141820816198,0.0,0.0
2023-10-09 03:30:00,SOLAR-ALPHA-01,0.0,10.0,10.123406180619217,0.0,0.0
2023-10-09 03:45:00,SOLAR-ALPHA-01,0.0,10.0,8.431104919123818,0.0,0.0
2023-10-09 04:00:00,SOLAR-ALPHA-01,0.0,10.203912175226817,10.191641933332662,0.0,0.0
2023-10-09 04:15:00,SOLAR-ALPHA-01,0.0,12.093885301353234,12.877206856124763,0.0,0.0
2023-10-09 04:30:00,SOLAR-ALPHA-01,0.0,15.270001790966528,14.864863884742405,0.0,0.0
2023-10-09 04:45:00,SOLAR-ALPHA-01,0.0,10.0,10.570555989191979,0.0,0.0
2023-10-09 05:00:00,SOLAR-ALPHA-01,0.0,13.663253729367163,12.882113166026098,0.0,0.0
2023-10-09 05:15:00,SOLAR-ALPHA-01,0.0,11.5492183085275,12.179986924958325,0.0,0.0
2023-10-09 05:30:00,SOLAR-ALPHA-01,0.0,18.60989481202108,19.587426020579752,0.0,0.0
2023-10-09 05:45:00,SOLAR-ALPHA-01,0.0,14.297497745010082,12.526133668284796,0.0,0.0
2023-10-09 06:00:00,SOLAR-ALPHA-01,0.0,19.516887812875474,18.421334299907944,0.0,0.0
2023-10-09 06:15:00,SOLAR-ALPHA-01,116.94271564270664,18.967346354037975,19.219393442248546,50.891024226983305,122.78985142484198
2023-10-09 06:30:00,SOLAR-ALPHA-01,235.04121587701258,17.104162929779505,17.987168698817538,116.40187408906961,246.7932766708632
2023-10-09 06:45:00,SOLAR-ALPHA-01,319.41199660719525,18.557253058217153,21.90318384089089,160.45451320654294,335.38259643755504
2023-10-09 07:00:00,SOLAR-ALPHA-01,399.30912570276917,14.244695379127837,19.678223905972125,199.08383518639462,419.27458198790765
2023-10-09 07:15:00,SOLAR-ALPHA-01,569.4697600488886,19.510531059016063,26.87191340862196,282.0326146152998,597.9432480513331
2023-10-09 07:30:00,SOLAR-ALPHA-01,483.20544504758226,17.47279371052584,23.756804185294722,242.9498472052896,507.3657172999614
2023-10-09 07:45:00,SOLAR-ALPHA-01,660.802265391085,18.92769877908302,27.167153792440807,332.15729344618654,693.8423786606393
2023-10-09 08:00:00,SOLAR-ALPHA-01,771.4711291636938,19.368800889222637,30.09177826300114,395.574403459635,810.0446856218786
2023-10-09 08:15:00,SOLAR-ALPHA-01,915.0067179559487,21.176066897184302,33.386128715780764,478.18384203801315,960.7570538537462
2023-10-09 08:30:00,SOLAR-ALPHA-01,1193.1571987075076,19.12144174493216,33.265072212495035,617.4510096905187,1252.815058642883
2023-10-09 08:45:00,SOLAR-ALPHA-01,1190.5974011040537,17.674796031862925,32.13757746649314,610.5263736988205,1250.1272711592565
2023-10-09 09:00:00,SOLAR-ALPHA-01,998.273496398953,24.06820283776495,38.427993500310194,530.1173484037813,1048.1871712189006
2023-10-09 09:15:00,SOLAR-ALPHA-01,1158.6829575962574,22.79401658257453,36.236039524559104,601.770781652633,1216.6171054760703
2023-10-09 09:30:00,SOLAR-ALPHA-01,1122.8133043270116,24.732590968477325,38.218907436409545,594.6383589197349,1178.9539695433623
2023-10-09 09:45:00,SOLAR-ALPHA-01,1163.6943860723948,26.702314764436025,42.259712507080515,625.9093235994349,1221.8791053760146
2023-10-09 10:00:00,SOLAR-ALPHA-01,1264.6775546940694,25.827412821607286,42.63016211590543,677.4444120174968,1327.911432428773
2023-10-09 10:15:00,SOLAR-ALPHA-01,1291.0736565980515,28.658550885288715,45.93638422002147,700.4877885046785,1355.627339427954
2023-10-09 10:30:00,SOLAR-ALPHA-01,1477.9049123839918,28.306676883552747,49.5399684173809,813.930130190331,1551.8001580031914
2023-10-09 10:45:00,SOLAR-ALPHA-01,1516.5301511436264,25.215173743158964,47.10381890738468,833.6212289382828,1592.3566587008079
2023-10-09 11:00:00,SOLAR-ALPHA-01,1306.6686520675235,29.19525319828316,48.16884922642616,720.3168177810784,1372.0020846708996
2023-10-09 11:15:00,SOLAR-ALPHA-01,1526.6531038643498,28.029708713891853,46.493063338308836,836.4747102929131,1602.9857590575673
2023-10-09 11:30:00,SOLAR-ALPHA-01,1281.0939348686336,28.876483981710983,47.18088600229579,697.1402181974289,1345.1486316120654
2023-10-09 11:45:00,SOLAR-ALPHA-01,1455.447033702343,25.625594828934275,46.116946615089915,790.7116822643719,1528.2193853874603
2023-10-09 12:00:00,SOLAR-ALPHA-01,1451.8004980701928,29.93309006054924,50.589207264620384,807.315937390303,1524.3905229737024
2023-10-09 12:15:00,SOLAR-ALPHA-01,1360.5848289437333,30.0205647303344,49.3839970756302,758.8406189025428,1428.61407039092
2023-10-09 12:30:00,SOLAR-ALPHA-01,1335.0020367995571,28.279241593062793,46.31946410368045,719.5990319132742,1401.7521386395351
2023-10-09 12:45:00,SOLAR-ALPHA-01,1432.0604772476665,27.460342431110874,46.610830054495,788.4013708264666,1503.66350111005
2023-10-09 13:00:00,SOLAR-ALPHA-01,1492.6436094898804,28.842142927655562,50.05813045628556,828.0356958301779,1567.2757899643746
2023-10-09 13:15:00,SOLAR-ALPHA-01,1313.4593467955303,29.698877756918,47.24413627103934,716.2060442293719,1379.1323141353068
2023-10-09 13:30:00,SOLAR-ALPHA-01,1267.6153121897387,33.08472512614597,51.00582256883779,712.2988010308376,1330.9960777992258
2023-10-09 13:45:00,SOLAR-ALPHA-01,1333.1074733734652,30.376037650624035,47.31318956588231,725.9652162553941,1399.7628470421384
2023-10-09 14:00:00,SOLAR-ALPHA-01,1312.221478417783,32.29847871713912,49.99011976011375,727.709927930094,1377.832552338672
2023-10-09 14:15:00,SOLAR-ALPHA-01,1137.900032515842,32.66640882856823,46.28237202354851,615.8425442122337,1194.7950341416342
2023-10-09 14:30:00,SOLAR-ALPHA-01,1113.7599624761672,31.542681868565182,47.03621656807566,619.19516717847,1169.4479605999757
2023-10-09 14:45:00,SOLAR-ALPHA-01,951.0509363588532,32.38585222030158,46.0380156623011,518.121692069103,998.6034831767959
2023-10-09 15:00:00,SOLAR-ALPHA-01,1051.637527065751,30.315799974648662,44.32034876262029,567.5439676364787,1104.2194034190386
2023-10-09 15:15:00,SOLAR-ALPHA-01,1100.6337606047168,31.372606857341026,44.46275482522829,592.0323428164904,1155.6654486349528
2023-10-09 15:30:00,SOLAR-ALPHA-01,870.8044386752732,30.30472604658109,41.52734702973281,470.9020306572132,914.344660609037
2023-10-09 15:45:00,SOLAR-ALPHA-01,739.7636695789027,25.215317998203755,34.49066762820205,384.2355139586542,776.7518530578479
2023-10-09 16:00:00,SOLAR-ALPHA-01,724.3373470518403,28.31554602231661,38.03414872833459,381.43120974265435,760.5542144044324
2023-10-09 16:15:00,SOLAR-ALPHA-01,586.3983476184229,27.17703241097428,36.76347935617558,311.2134263944049,615.7182649993441
2023-10-09 16:30:00,SOLAR-ALPHA-01,489.51457786627117,26.418068645537133,31.33440076798253,259.2125533181783,513.9903067595848
2023-10-09 16:45:00,SOLAR-ALPHA-01,381.5421406262742,29.976399199217926,35.191198821006225,205.90616478150224,400.61924765758795
2023-10-09 17:00:00,SOLAR-ALPHA-01,319.59786627308335,28.37003793500911,32.927485950843014,163.32225577387536,335.57775958673756
2023-10-09 17:15:00,SOLAR-ALPHA-01,212.30451572411832,28.32971828511337,30.875205109105416,111.6276857721,222.91974151032423
2023-10-09 17:30:00,SOLAR-ALPHA-01,234.77033651664806,25.733989236253105,28.02508674487076,122.35877351472871,246.50885334248048
2023-10-09 17:45:00,SOLAR-ALPHA-01,165.1389128803031,28.696007206446904,32.82737728606493,77.8935410741824,173.39585852431827
2023-10-09 18:00:00,SOLAR-ALPHA-01,0.0,27.95517119762898,27.873998677901998,29.477719723286903,0.0
2023-10-09 18:15:00,SOLAR-ALPHA-01,0.0,22.106116737348138,22.860118158023408,0.0,0.0
2023-10-09 18:30:00,SOLAR-ALPHA-01,0.0,21.575779042953776,22.940051608596406,0.0,0.0
2023-10-09 18:45:00,SOLAR-ALPHA-01,0.0,21.728367640644393,20.66144697442353,0.0,0.0
2023-10-09 19:00:00,SOLAR-ALPHA-01,0.0,21.899757685482097,22.080774700530867,0.0,0.0
2023-10-09 19:15:00,SOLAR-ALPHA-01,0.0,19.979140507334414,21.00321191011367,0.0,0.0
2023-10-09 19:30:00,SOLAR-ALPHA-01,0.0,20.996690644956516,21.71582393621535,0.0,0.0
2023-10-09 19:45:00,SOLAR-ALPHA-01,0.0,20.90874702275916,21.01614065056437,0.0,0.0
2023-10-09 20:00:00,SOLAR-ALPHA-01,0.0,18.821081329538803,20.96714207680938,0.0,0.0
2023-10-09 20:15:00,SOLAR-ALPHA-01,0.0,19.013621709682337,19.453591698073847,0.0,0.0
2023-10-09 20:30:00,SOLAR-ALPHA-01,0.0,22.390339945653793,21.681299406928183,0.0,0.0
2023-10-09 20:45:00,SOLAR-ALPHA-01,0.0,13.644795466214457,13.96458050892947,0.0,0.0
2023-10-09 21:00:00,SOLAR-ALPHA-01,0.0,16.208859708516393,15.72076101775016,0.0,0.0
2023-10-09 21:15:00,SOLAR-ALPHA-01,0.0,17.923793594160557,18.561697887797607,0.0,0.0
2023-10-09 21:30:00,SOLAR-ALPHA-01,0.0,13.903275634079076,13.951317412176675,0.0,0.0
2023-10-09 21:45:00,SOLAR-ALPHA-01,0.0,17.38647752037761,19.33494093673238,0.0,0.0
2023-10-09 22:00:00,SOLAR-ALPHA-01,0.0,13.359104351312821,12.002223978928008,0.0,0.0
2023-10-09 22:15:00,SOLAR-ALPHA-01,0.0,16.44440981209065,16.3185355654383,0.0,0.0
2023-10-09 22:30:00,SOLAR-ALPHA-01,0.0,13.871822933609222,14.392469279917966,0.0,0.0
2023-10-09 22:45:00,SOLAR-ALPHA-01,0.0,14.055254179075604,14.070707242546684,0.0,0.0
2023-10-09 23:00:00,SOLAR-ALPHA-01,0.0,14.288428681161918,14.179877190826113,0.0,0.0
2023-10-09 23:15:00,SOLAR-ALPHA-01,0.0,12.802559637156493,13.15484715261646,0.0,0.0
2023-10-09 23:30:00,SOLAR-ALPHA-01,0.0,10.511727543668771,9.514822991981175,0.0,0.0
2023-10-09 23:45:00,SOLAR-ALPHA-01,0.0,10.0,7.506630280841489,0.0,0.0
2023-10-10 00:00:00,SOLAR-ALPHA-01,0.0,11.09219623436065,11.37856282472411,0.0,0.0
2023-10-10 00:15:00,SOLAR-ALPHA-01,0.0,10.295992146098438,9.864726167589803,0.0,0.0
2023-10-10 00:30:00,SOLAR-ALPHA-01,0.0,10.0,9.960086007659372,0.0,0.0
2023-10-10 00:45:00,SOLAR-ALPHA-01,0.0,10.227292830863105,10.050465003521161,0.0,0.0
2023-10-10 01:00:00,SOLAR-ALPHA-01,0.0,10.0,10.602463037854596,0.0,0.0
2023-10-10 01:15:00,SOLAR-ALPHA-01,0.0,12.80053977140911,11.639828406276916,0.0,0.0
2023-10-10 01:30:00,SOLAR-ALPHA-01,0.0,10.481952674525875,11.859391445256481,0.0,0.0
2023-10-10 01:45:00,SOLAR-ALPHA-01,0.0,10.87945974249746,10.412147003541765,0.0,0.0
2023-10-10 02:00:00,SOLAR-ALPHA-01,0.0,13.266698245585872,12.997463916012435,0.0,0.0
2023-10-10 02:15:00,SOLAR-ALPHA-01,0.0,10.0,10.567470824970806,0.0,0.0
2023-10-10 02:30:00,SOLAR-ALPHA-01,0.0,11.122101102591937,12.530571758383712,0.0,0.0
2023-10-10 02:45:00,SOLAR-ALPHA-01,0.0,11.296184118902406,12.948784474337216,0.0,0.0
2023-10-10 03:00:00,SOLAR-ALPHA-01,0.0,10.0,9.227799998269543,0.0,0.0
2023-10-10 03:15:00,SOLAR-ALPHA-01,0.0,10.0,11.868096030332916,0.0,0.0
2023-10-10 03:30:00,SOLAR-ALPHA-01,0.0,10.0,10.272641170927109,0.0,0.0
2023-10-10 03:45:00,SOLAR-ALPHA-01,0.0,10.885971277928473,9.585935755491473,0.0,0.0
2023-10-10 04:00:00,SOLAR-ALPHA-01,0.0,10.036526699493212,11.199682532862585,0.0,0.0
2023-10-10 04:15:00,SOLAR-ALPHA-01,0.0,13.775387629857107,14.655547969627467,0.0,0.0
2023-10-10 04:30:00,SOLAR-ALPHA-01,0.0,10.0,10.585958668356668,0.0,0.0
2023-10-10 04:45:00,SOLAR-ALPHA-01,0.0,11.783536085881538,12.132877763266421,0.0,0.0
2023-10-10 05:00:00,SOLAR-ALPHA-01,0.0,13.686559704085836,12.789650890007517,0.0,0.0
2023-10-10 05:15:00,SOLAR-ALPHA-01,0.0,13.759541827271685,14.11645219983972,0.0,0.0
2023-10-10 05:30:00,SOLAR-ALPHA-01,0.0,14.019200755743396,13.58013464341182,0.0,0.0
2023-10-10 05:45:00,SOLAR-ALPHA-01,0.0,13.347752032371,13.017076460671996,0.0,0.0
2023-10-10 06:00:00,SOLAR-ALPHA-01,0.0,16.123143743074817,16.546576044375122,38.85590706811709,0.0
2023-10-10 06:15:00,SOLAR-ALPHA-01,425.9186384728946,13.063829694866,16.599578053063528,206.37552016075364,447.21457039653933
2023-10-10 06:30:00,SOLAR-ALPHA-01,256.79106145573104,14.47818520403813,19.08487945814428,117.79254211914025,269.6306145285176
2023-10-10 06:45:00,SOLAR-ALPHA-01,337.2371264228333,18.050212625191403,20.380366528136946,160.6755596153675,354.09898274397494
2023-10-10 07:00:00,SOLAR-ALPHA-01,292.0784708787132,18.089695145493902,22.549609748661407,134.5447666893295,306.6823944226488
2023-10-10 07:15:00,SOLAR-ALPHA-01,500.4242798984555,16.946676708850507,21.69271940339114,245.69931028395666,525.4454938933783
2023-10-10 07:30:00,SOLAR-ALPHA-01,595.2025447219695,21.283519140377514,27.34109759739131,302.9751818247401,624.962671958068
2023-10-10 07:45:00,SOLAR-ALPHA-01,591.5241216789366,19.033930041175218,25.295573390754054,291.254694986282,621.1003277628835
2023-10-10 08:00:00,SOLAR-ALPHA-01,733.7315207310845,18.750794010431644,27.49034787679096,374.82901278814626,770.4180967676388
2023-10-10 08:15:00,SOLAR-ALPHA-01,864.8615467614261,22.14883978393361,33.88793831633816,436.1055707879546,908.1046240994974
2023-10-10 08:30:00,SOLAR-ALPHA-01,922.7129844282179,20.367167438290043,31.227955191463494,484.9283585122093,968.8486336496288
2023-10-10 08:45:00,SOLAR-ALPHA-01,985.8193902183663,17.959957163586367,31.92034838031167,505.77560944102345,1035.1103597292847
2023-10-10 09:00:00,SOLAR-ALPHA-01,1209.461374686398,24.99652035577137,40.51610131036208,643.0355381881881,1269.9344434207178
2023-10-10 09:15:00,SOLAR-ALPHA-01,1225.0988074212057,23.95091962854757,42.33066061176798,651.7025097018612,1286.353747792266
2023-10-10 09:30:00,SOLAR-ALPHA-01,1313.398442136303,22.700176410142227,40.910190629442745,691.025040097882,1379.0683642431181
2023-10-10 09:45:00,SOLAR-ALPHA-01,1255.3921921514357,23.655606197891142,39.72972941501046,665.6028409320526,1318.1618017590074
2023-10-10 10:00:00,SOLAR-ALPHA-01,1173.640636102618,30.04967201026438,43.677967149860784,628.3227741954815,1232.3226679077488
2023-10-10 10:15:00,SOLAR-ALPHA-01,1224.8777705094828,27.666521920350057,44.88860808527444,664.9564234591871,1286.121659034957
2023-10-10 10:30:00,SOLAR-ALPHA-01,1399.4768882178992,27.07069431531859,44.56863369188867,759.15276119277,1469.4507326287942
2023-10-10 10:45:00,SOLAR-ALPHA-01,1332.0604454546615,25.153395945229573,43.640341812901084,718.1209028787397,1398.6634677273946
2023-10-10 11:00:00,SOLAR-ALPHA-01,1452.762797688199,27.365202791153177,45.107851275701805,795.4926414151431,1525.400937572609
2023-10-10 11:15:00,SOLAR-ALPHA-01,1442.429351563582,30.676638523921696,50.98962124413644,810.4377945159295,1514.5508191417612
2023-10-10 11:30:00,SOLAR-ALPHA-01,1528.0254514371543,25.952567202881593,48.066502927623404,838.7970415658866,1604.426724009012
2023-10-10 11:45:00,SOLAR-ALPHA-01,1550.9288656296042,27.474751457808075,48.89640978516288,853.4054282096478,1628.4753089110845
2023-10-10 12:00:00,SOLAR-ALPHA-01,1368.3226587599881,29.464527974847233,47.23222680997632,752.404943939456,1436.7387916979876
2023-10-10 12:15:00,SOLAR-ALPHA-01,1476.7587650799744,25.93428781911438,45.17352578031957,803.2252348066133,1550.5967033339732
2023-10-10 12:30:00,SOLAR-ALPHA-01,1446.7248418591225,28.460386654939153,48.17945212186266,791.4190398629644,1519.0610839520787
2023-10-10 12:45:00,SOLAR-ALPHA-01,1449.6888169693298,32.691350355819644,51.29713587317851,805.4960301270103,1522.1732578177964
2023-10-10 13:00:00,SOLAR-ALPHA-01,1361.0958036602792,27.632681037354835,49.2519789623949,746.4915789564718,1429.1505938432933
2023-10-10 13:15:00,SOLAR-ALPHA-01,1478.6821624047795,25.07547081728245,47.388796117833735,817.7053643059535,1552.6162705250185
2023-10-10 13:30:00,SOLAR-ALPHA-01,1280.830924828043,29.687813349177265,46.55763353480977,696.2334870964885,1344.872471069445
2023-10-10 13:45:00,SOLAR-ALPHA-01,1194.9566443253022,32.08804443405375,49.382607772178176,667.7100760109247,1254.7044765415674
2023-10-10 14:00:00,SOLAR-ALPHA-01,1357.4739144208622,29.20181322124213,47.11451068934454,743.1504408329967,1425.3476101419053
2023-10-10 14:15:00,SOLAR-ALPHA-01,1159.079909121641,30.64775742169274,48.97574139795026,644.0501711398351,1217.0339045777232
2023-10-10 14:30:00,SOLAR-ALPHA-01,1083.390626392114,30.63432888647858,43.414892753756604,587.3593371426206,1137.5601577117197
2023-10-10 14:45:00,SOLAR-ALPHA-01,1064.4137125389586,30.541685565936863,42.65981873994142,569.6194929185289,1117.6343981659065
2023-10-10 15:00:00,SOLAR-ALPHA-01,1047.770809404597,28.135062124497193,42.77968441695146,561.6178017502176,1100.1593498748268
2023-10-10 15:15:00,SOLAR-ALPHA-01,926.0128135892331,28.723374608753183,42.524842106479475,489.0616348293283,972.3134542686948
2023-10-10 15:30:00,SOLAR-ALPHA-01,981.4465482640155,29.123141894380066,43.42195198808645,527.5312422818307,1030.5188756772163
2023-10-10 15:45:00,SOLAR-ALPHA-01,994.1060383431052,32.17931275528785,47.614637321443226,547.1403536671887,1043.8113402602605
2023-10-10 16:00:00,SOLAR-ALPHA-01,822.4430823335607,28.32738646163918,39.04618769620181,432.28978973695865,863.5652364502388
2023-10-10 16:15:00,SOLAR-ALPHA-01,587.9970755202025,28.388106427462027,36.17367226703251,311.202814425368,617.3969292962126
2023-10-10 16:30:00,SOLAR-ALPHA-01,564.6588870118433,29.75904247253585,37.11439603875486,300.7278894695359,592.8918313624355
2023-10-10 16:45:00,SOLAR-ALPHA-01,485.09635380972406,27.706522316514285,33.879180344190566,253.4615371152902,509.3511715002103
2023-10-10 17:00:00,SOLAR-ALPHA-01,251.5601755453941,29.504220823729103,33.54715884693394,136.59590857535767,264.1381843226638
2023-10-10 17:15:00,SOLAR-ALPHA-01,159.57708645337317,29.45026650972136,31.888149280324868,83.64180705200714,167.55594077604184
2023-10-10 17:30:00,SOLAR-ALPHA-01,136.3815347932521,24.74646145669093,26.052330837281012,69.36269028989472,143.2006115329147
2023-10-10 17:45:00,SOLAR-ALPHA-01,0.0,25.05698328383174,25.72107412248237,0.0,0.0
2023-10-10 18:00:00,SOLAR-ALPHA-01,0.0,27.45800931695593,27.26084249912154,0.0,0.0
2023-10-10 18:15:00,SOLAR-ALPHA-01,0.0,22.652709199756778,23.001142912940917,0.0,0.0
2023-10-10 18:30:00,SOLAR-ALPHA-01,0.0,20.65920586931673,20.8978111781994,0.0,0.0
2023-10-10 18:45:00,SOLAR-ALPHA-01,0.0,21.890205777560457,22.28146689558383,0.0,0.0
2023-10-10 19:00:00,SOLAR-ALPHA-01,0.0,21.86098558405605,20.654577585166944,0.0,0.0
2023-10-10 19:15:00,SOLAR-ALPHA-01,0.0,22.22090338026698,21.746634975581312,0.0,0.0
2023-10-10 19:30:00,SOLAR-ALPHA-01,0.0,21.215615296292896,23.03480079295248,0.0,0.0
2023-10-10 19:45:00,SOLAR-ALPHA-01,0.0,22.057551333436276,21.50176226322215,0.0,0.0
2023-10-10 20:00:00,SOLAR-ALPHA-01,0.0,20.435599723230926,20.107649076712804,0.0,0.0
2023-10-10 20:15:00,SOLAR-ALPHA-01,0.0,20.53335178009659,19.9346812483074,0.0,0.0
2023-10-10 20:30:00,SOLAR-ALPHA-01,0.0,18.224313180557733,18.228214711655827,0.0,0.0
2023-10-10 20:45:00,SOLAR-ALPHA-01,0.0,18.352129249129327,17.04577990508081,0.0,0.0
2023-10-10 21:00:00,SOLAR-ALPHA-01,0.0,19.588331685502396,19.012963903756845,0.0,0.0
2023-10-10 21:15:00,SOLAR-ALPHA-01,0.0,17.67871035337444,18.511694323952618,0.0,0.0
2023-10-10 21:30:00,SOLAR-ALPHA-01,0.0,16.593124674049243,16.601641497135773,0.0,0.0
2023-10-10 21:45:00,SOLAR-ALPHA-01,0.0,15.738167348800973,15.903319793853095,0.0,0.0
2023-10-10 22:00:00,SOLAR-ALPHA-01,0.0,16.56634395535017,15.515292215161406,0.0,0.0
2023-10-10 22:15:00,SOLAR-ALPHA-01,0.0,14.457832307917869,14.073125516368904,0.0,0.0
2023-10-10 22:30:00,SOLAR-ALPHA-01,0.0,10.073826101775087,9.542819388110198,0.0,0.0
2023-10-10 22:45:00,SOLAR-ALPHA-01,0.0,10.608306543369732,11.998869875232147,0.0,0.0
2023-10-10 23:00:00,SOLAR-ALPHA-01,0.0,12.041865954042448,13.03204830900296,0.0,0.0
2023-10-10 23:15:00,SOLAR-ALPHA-01,0.0,12.95594062604103,13.784333580830802,0.0,0.0
2023-10-10 23:30:00,SOLAR-ALPHA-01,0.0,12.592398275053855,11.57901353157883,0.0,0.0
2023-10-10 23:45:00,SOLAR-ALPHA-01,0.0,12.303194092179169,12.008958618580847,0.0,0.0
2023-10-11 00:00:00,SOLAR-ALPHA-01,0.0,11.409916950500357,9.23537428802425,0.0,0.0
2023-10-11 00:15:00,SOLAR-ALPHA-01,0.0,13.307969790720884,11.198037972660734,0.0,0.0
2023-10-11 00:30:00,SOLAR-ALPHA-01,0.0,12.023350291947619,12.705447370065023,0.0,0.0
2023-10-11 00:45:00,SOLAR-ALPHA-01,0.0,12.541818744030973,11.952533962690664,0.0,0.0
2023-10-11 01:00:00,SOLAR-ALPHA-01,0.0,10.0,11.921207299537903,0.0,0.0
2023-10-11 01:15:00,SOLAR-ALPHA-01,0.0,12.31664126514058,12.259954217049447,0.0,0.0
2023-10-11 01:30:00,SOLAR-ALPHA-01,0.0,10.0,9.208038674638367,0.0,0.0
2023-10-11 01:45:00,SOLAR-ALPHA-01,0.0,10.0,9.83158521020789,0.0,0.0
2023-10-11 02:00:00,SOLAR-ALPHA-01,0.0,10.0,10.05637967699112,0.0,0.0
2023-10-11 02:15:00,SOLAR-ALPHA-01,0.0,11.95797538378306,13.086151081149605,0.0,0.0
2023-10-11 02:30:00,SOLAR-ALPHA-01,0.0,10.0,10.001653622274672,0.0,0.0
2023-10-11 02:45:00,SOLAR-ALPHA-01,0.0,10.373419356003588,10.882295164577208,0.0,0.0
2023-10-11 03:00:00,SOLAR-ALPHA-01,0.0,10.753865856494174,10.59637001070753,0.0,0.0
2023-10-11 03:15:00,SOLAR-ALPHA-01,0.0,11.654451039946105,11.924995116443544,0.0,0.0
2023-10-11 03:30:00,SOLAR-ALPHA-01,0.0,11.199050012792561,10.96805017517786,0.0,0.0
2023-10-11 03:45:00,SOLAR-ALPHA-01,0.0,11.074709175708753,8.669963838003959,0.0,0.0
2023-10-11 04:00:00,SOLAR-ALPHA-01,0.0,10.35539341014956,11.59808571877228,0.0,0.0
2023-10-11 04:15:00,SOLAR-ALPHA-01,0.0,10.0,8.830530245935718,0.0,0.0
2023-10-11 04:30:00,SOLAR-ALPHA-01,0.0,10.0,10.102864192907225,0.0,0.0
2023-10-11 04:45:00,SOLAR-ALPHA-01,0.0,10.693704632195956,10.411822162517813,0.0,0.0
2023-10-11 05:00:00,SOLAR-ALPHA-01,0.0,11.227050671259786,10.911407493863146,0.0,0.0
2023-10-11 05:15:00,SOLAR-ALPHA-01,0.0,12.853550585632718,13.822329553846208,0.0,0.0
2023-10-11 05:30:00,SOLAR-ALPHA-01,0.0,13.051088226742655,12.647688235515108,0.0,0.0
2023-10-11 05:45:00,SOLAR-ALPHA-01,0.0,15.611285174149666,16.818488136861554,0.0,0.0
2023-10-11 06:00:00,SOLAR-ALPHA-01,0.0,14.725580323303168,13.683151985984217,0.0,0.0
2023-10-11 06:15:00,SOLAR-ALPHA-01,295.70217723198857,15.844815294132834,22.205908872857258,145.63928340103692,310.487286093588
2023-10-11 06:30:00,SOLAR-ALPHA-01,375.1733923167217,15.205504714106032,19.462001188522823,167.29449365982344,393.93206193255776
2023-10-11 06:45:00,SOLAR-ALPHA-01,234.55662405357094,17.97220649103486,20.495128140404137,121.28672479655935,246.2844552562495
2023-10-11 07:00:00,SOLAR-ALPHA-01,489.258119426208,17.5120090498981,23.234321690607718,241.4235051808389,513.7210253975185
2023-10-11 07:15:00,SOLAR-ALPHA-01,420.7830586976664,22.323662619682544,28.936236543612864,208.33696280347348,441.82221163254974
2023-10-11 07:30:00,SOLAR-ALPHA-01,688.4406137927818,20.507924234245234,28.505455460408058,347.0199591226469,722.8626444824209
2023-10-11 07:45:00,SOLAR-ALPHA-01,764.4416978268827,21.40865854068742,32.177722958691426,397.25010892174384,802.6637827182268
2023-10-11 08:00:00,SOLAR-ALPHA-01,717.6602668161632,20.171892145148714,29.4634688985022,372.32356866929496,753.5432801569715
2023-10-11 08:15:00,SOLAR-ALPHA-01,1078.0854743133866,18.039794501670613,32.29751934469498,565.0024024197671,1131.989748029056
2023-10-11 08:30:00,SOLAR-ALPHA-01,916.5919446183847,21.21938622417603,31.958277867422304,471.60397443512426,962.4215418493039
2023-10-11 08:45:00,SOLAR-ALPHA-01,1031.3088929344708,21.30993739134003,33.587273770674656,531.517037452404,1082.8743375811944
2023-10-11 09:00:00,SOLAR-ALPHA-01,1017.8295678237108,26.278709394888367,38.77905181000758,536.8051337045455,1068.7210462148964
2023-10-11 09:15:00,SOLAR-ALPHA-01,1119.2934017683633,23.399526904858245,39.33777782282368,589.6915061023404,1175.2580718567815
2023-10-11 09:30:00,SOLAR-ALPHA-01,1240.7169064847028,23.42087499232964,41.52653598979115,658.2837171530645,1302.752751808938
2023-10-11 09:45:00,SOLAR-ALPHA-01,1341.175852281342,26.891260058505775,43.73295487546462,721.6884197384855,1408.2346448954092
2023-10-11 10:00:00,SOLAR-ALPHA-01,1131.7670197076302,25.790203659923982,40.01476769059033,606.735452052094,1188.3553706930118
2023-10-11 10:15:00,SOLAR-ALPHA-01,1373.934800451694,26.402114877260946,44.10143096460283,743.1344461254561,1442.6315404742786
2023-10-11 10:30:00,SOLAR-ALPHA-01,1335.576282367278,27.86426076829158,45.568327182179495,728.9107135360568,1402.355096485642
2023-10-11 10:45:00,SOLAR-ALPHA-01,1414.3595427195246,28.924910653394857,48.94215978745325,777.5036589712256,1485.077519855501
2023-10-11 11:00:00,SOLAR-ALPHA-01,1363.182138866366,25.866277655366332,44.80115280677921,736.8646172199408,1431.3412458096843
2023-10-11 11:15:00,SOLAR-ALPHA-01,1421.4968006520608,27.730468392843825,46.76051977332665,773.9042816426331,1492.5716406846639
2023-10-11 11:30:00,SOLAR-ALPHA-01,1320.0261532744178,26.900890866620216,45.14098222907314,714.2306513323994,1386.0274609381388
2023-10-11 11:45:00,SOLAR-ALPHA-01,1421.8136293589694,30.32639512005025,48.81666815393473,779.7748107998167,1492.904310826918
2023-10-11 12:00:00,SOLAR-ALPHA-01,1321.5606182735723,29.711444107030637,47.268659713678204,727.452500381124,1387.638649187251
2023-10-11 12:15:00,SOLAR-ALPHA-01,1321.0089266261386,28.457844335733025,46.02562415365447,721.2296674265101,1387.0593729574457
2023-10-11 12:30:00,SOLAR-ALPHA-01,1520.715913592624,31.816273362509683,52.932299474903886,852.5543520625494,1596.7517092722553
2023-10-11 12:45:00,SOLAR-ALPHA-01,1436.9168991857096,27.680347684222813,49.443954700429195,798.7371516576924,1508.7627441449952
2023-10-11 13:00:00,SOLAR-ALPHA-01,1378.5040968196631,31.81782222388073,50.27980045293154,755.2852004028474,1447.4293016606464
2023-10-11 13:15:00,SOLAR-ALPHA-01,1342.612805458735,31.336436661885674,48.255375904911965,742.5960364982114,1409.7434457316717
2023-10-11 13:30:00,SOLAR-ALPHA-01,1449.2639836309313,30.72474814366732,51.962951025563974,816.1998836900083,1521.7271828124778
2023-10-11 13:45:00,SOLAR-ALPHA-01,1355.2741846698455,32.535803947772855,53.02377225962247,760.2477171830116,1423.0378939033378
2023-10-11 14:00:00,SOLAR-ALPHA-01,1251.3108239667245,32.26422080564274,49.096382048424935,688.4258457629653,1313.8763651650606
2023-10-11 14:15:00,SOLAR-ALPHA-01,1279.685329786753,31.49146888803072,48.50760236881796,710.7810640082915,1343.6695962760907
2023-10-11 14:30:00,SOLAR-ALPHA-01,1122.1231211835534,29.33694818233061,45.25726975255593,610.7802388486283,1178.229277242731
2023-10-11 14:45:00,SOLAR-ALPHA-01,1217.4090974245516,27.980219211740355,45.18535439542426,664.142860438142,1278.2795522957792
2023-10-11 15:00:00,SOLAR-ALPHA-01,985.4005543841981,32.02144869175354,46.11927417228979,528.8363855465403,1034.6705821034082
2023-10-11 15:15:00,SOLAR-ALPHA-01,994.0861466999401,28.24164861585387,39.535319777079785,534.39476116479,1043.790454034937
2023-10-11 15:30:00,SOLAR-ALPHA-01,1046.6141526892811,32.163319698612355,45.83450404315925,573.0805991905769,1098.9448603237452
2023-10-11 15:45:00,SOLAR-ALPHA-01,858.2683071813472,32.9464250875933,46.76522488580958,474.7089075863334,901.1817225404145
2023-10-11 16:00:00,SOLAR-ALPHA-01,743.1422447265073,28.645215744492287,38.60890538662206,391.89303518477516,780.2993569628327
2023-10-11 16:15:00,SOLAR-ALPHA-01,618.2788104570176,26.77290449527843,33.463185895162184,325.4481046644451,649.1927509798685
2023-10-11 16:30:00,SOLAR-ALPHA-01,566.1499825847727,27.982872814305058,35.62194511595433,298.22081841904765,594.4574817140114
2023-10-11 16:45:00,SOLAR-ALPHA-01,432.0786532252712,28.431505421850698,34.39286591617387,222.76745847204288,453.68258588653475
2023-10-11 17:00:00,SOLAR-ALPHA-01,297.00117240719766,27.312443419989076,32.766757810272004,167.43129525066269,311.85123102755756
2023-10-11 17:15:00,SOLAR-ALPHA-01,198.19663919197365,24.402417313625154,29.40140655058121,104.14515595572186,208.10647115157235
2023-10-11 17:30:00,SOLAR-ALPHA-01,244.9830264723036,24.81764148220558,29.48290189941277,121.10715739186698,257.2321777959188
2023-10-11 17:45:00,SOLAR-ALPHA-01,239.34805034343165,24.81516408722364,28.545762556326345,119.06928929092857,251.31545286060324
2023-10-11 18:00:00,SOLAR-ALPHA-01,0.0,24.797262459257695,24.76199785887912,42.981809410540414,0.0
2023-10-11 18:15:00,SOLAR-ALPHA-01,0.0,25.855653092872767,25.215153496234333,0.0,0.0
2023-10-11 18:30:00,SOLAR-ALPHA-01,0.0,25.664361627926315,24.751262275874318,0.0,0.0
2023-10-11 18:45:00,SOLAR-ALPHA-01,0.0,25.130926062847816,24.998080807177345,0.0,0.0
2023-10-11 19:00:00,SOLAR-ALPHA-01,0.0,24.08408577956405,23.82073512895251,0.0,0.0
2023-10-11 19:15:00,SOLAR-ALPHA-01,0.0,25.884829283814213,25.531763201480057,0.0,0.0
2023-10-11 19:30:00,SOLAR-ALPHA-01,0.0,21.15525894987607,21.366518724663027,0.0,0.0
2023-10-11 19:45:00,SOLAR-ALPHA-01,0.0,18.78849287099598,18.94092908425418,0.0,0.0
2023-10-11 20:00:00,SOLAR-ALPHA-01,0.0,19.847606302760035,19.399234495089736,0.0,0.0
2023-10-11 20:15:00,SOLAR-ALPHA-01,0.0,22.81083313389619,22.961073265420115,0.0,0.0
2023-10-11 20:30:00,SOLAR-ALPHA-01,0.0,18.193157840185613,20.18137768584424,0.0,0.0
2023-10-11 20:45:00,SOLAR-ALPHA-01,0.0,14.415791717963277,13.789681028082505,0.0,0.0
2023-10-11 21:00:00,SOLAR-ALPHA-01,0.0,17.809684398910846,15.528385414385887,0.0,0.0
2023-10-11 21:15:00,SOLAR-ALPHA-01,0.0,18.172486716565988,18.602993689036673,0.0,0.0
2023-10-11 21:30:00,SOLAR-ALPHA-01,0.0,14.459797016752347,14.797633116971781,0.0,0.0
2023-10-11 21:45:00,SOLAR-ALPHA-01,0.0,12.643763189141138,12.68671621816623,0.0,0.0
2023-10-11 22:00:00,SOLAR-ALPHA-01,0.0,18.357914641185275,18.170704757261326,0.0,0.0
2023-10-11 22:15:00,SOLAR-ALPHA-01,0.0,15.500880531693744,15.68501979540949,0.0,0.0
2023-10-11 22:30:00,SOLAR-ALPHA-01,0.0,16.30957800731369,15.63439080936586,0.0,0.0
2023-10-11 22:45:00,SOLAR-ALPHA-01,0.0,18.12846234008287,17.962910026515754,0.0,0.0
2023-10-11 23:00:00,SOLAR-ALPHA-01,0.0,13.682783011429114,14.27060576632931,0.0,0.0
2023-10-11 23:15:00,SOLAR-ALPHA-01,0.0,12.29180658024586,12.231333248804281,0.0,0.0
2023-10-11 23:30:00,SOLAR-ALPHA-01,0.0,10.421491741824777,9.217894911645267,0.0,0.0
2023-10-11 23:45:00,SOLAR-ALPHA-01,0.0,12.528688620791861,11.907307465809419,0.0,0.0
2023-10-12 00:00:00,SOLAR-ALPHA-01,0.0,12.796993948462944,13.233616227575327,0.0,0.0
2023-10-12 00:15:00,SOLAR-ALPHA-01,0.0,13.966280694248344,13.85384590082196,0.0,0.0
2023-10-12 00:30:00,SOLAR-ALPHA-01,0.0,13.977500163822853,16.349486480108656,0.0,0.0
2023-10-12 00:45:00,SOLAR-ALPHA-01,0.0,14.467757097511985,14.770672512874501,0.0,0.0
2023-10-12 01:00:00,SOLAR-ALPHA-01,0.0,15.221746394920796,15.759042056555963,0.0,0.0
2023-10-12 01:15:00,SOLAR-ALPHA-01,0.0,13.169794462161924,12.063004034329257,0.0,0.0
2023-10-12 01:30:00,SOLAR-ALPHA-01,0.0,13.350532250309463,13.256088296643224,0.0,0.0
2023-10-12 01:45:00,SOLAR-ALPHA-01,0.0,10.0,10.711568116804987,0.0,0.0
2023-10-12 02:00:00,SOLAR-ALPHA-01,0.0,11.035027525201265,11.362568429246425,0.0,0.0
2023-10-12 02:15:00,SOLAR-ALPHA-01,0.0,10.0,9.405083778691884,0.0,0.0
2023-10-12 02:30:00,SOLAR-ALPHA-01,0.0,10.0,8.591168726619742,0.0,0.0
2023-10-12 02:45:00,SOLAR-ALPHA-01,0.0,10.0,11.144013757814184,0.0,0.0
2023-10-12 03:00:00,SOLAR-ALPHA-01,0.0,13.2465842912214,12.790530098989395,0.0,0.0
2023-10-12 03:15:00,SOLAR-ALPHA-01,0.0,10.015678515696486,10.679773945369758,0.0,0.0
2023-10-12 03:30:00,SOLAR-ALPHA-01,0.0,10.612187689584523,9.729638275498042,0.0,0.0
2023-10-12 03:45:00,SOLAR-ALPHA-01,0.0,10.0,10.782270395682731,0.0,0.0
2023-10-12 04:00:00,SOLAR-ALPHA-01,0.0,11.61972813981973,10.969741333656486,0.0,0.0
2023-10-12 04:15:00,SOLAR-ALPHA-01,0.0,10.317770552515201,10.761991813514367,0.0,0.0
2023-10-12 04:30:00,SOLAR-ALPHA-01,0.0,10.65119525192064,11.373142817936106,0.0,0.0
2023-10-12 04:45:00,SOLAR-ALPHA-01,0.0,11.979092440084088,13.01940949086124,0.0,0.0
2023-10-12 05:00:00,SOLAR-ALPHA-01,0.0,11.849136037051093,12.802802435066663,0.0,0.0
2023-10-12 05:15:00,SOLAR-ALPHA-01,0.0,13.561239248354331,13.009803416669124,0.0,0.0
2023-10-12 05:30:00,SOLAR-ALPHA-01,0.0,12.47228280558011,13.152572766790646,0.0,0.0
2023-10-12 05:45:00,SOLAR-ALPHA-01,0.0,13.940053190291994,14.912890136116342,0.0,0.0
2023-10-12 06:00:00,SOLAR-ALPHA-01,0.0,14.887062916775513,14.243302986822862,2.5280869156334034,0.0
2023-10-12 06:15:00,SOLAR-ALPHA-01,121.50816185452487,14.975315663758645,15.869488949868183,55.64707103233119,127.58356994725112
2023-10-12 06:30:00,SOLAR-ALPHA-01,204.78857535009737,12.76682682440368,15.254267050079127,100.56319416988057,215.02800411760225
2023-10-12 06:45:00,SOLAR-ALPHA-01,208.23013985130066,18.87887192365234,20.703303185173983,106.33617658475085,218.64164684386571
2023-10-12 07:00:00,SOLAR-ALPHA-01,404.0485593866012,20.49755788481109,24.88088352875831,198.03024092707608,424.2509873559313
2023-10-12 07:15:00,SOLAR-ALPHA-01,521.9310382730052,17.77659153477616,23.521264650353466,266.4666520294571,548.0275901866555
2023-10-12 07:30:00,SOLAR-ALPHA-01,707.3963146817039,19.47038579331664,29.195839950740584,351.1160614378999,742.7661304157891
2023-10-12 07:45:00,SOLAR-ALPHA-01,641.689802607679,18.33374484277343,26.117452262701086,325.18294737360947,673.774292738063
2023-10-12 08:00:00,SOLAR-ALPHA-01,830.0164109354671,19.828969172198885,33.248048382901814,424.40899034371284,871.5172314822405
2023-10-12 08:15:00,SOLAR-ALPHA-01,1016.4905513703209,21.736120388509264,33.298171888447584,519.5835857548734,1067.315078938837
2023-10-12 08:30:00,SOLAR-ALPHA-01,1068.632143224747,22.99821735296969,38.21590354490929,566.9240592074178,1122.0637503859846
2023-10-12 08:45:00,SOLAR-ALPHA-01,1003.4588536594747,21.321345711297003,34.866126271807374,519.6835856642449,1053.6317963424485
2023-10-12 09:00:00,SOLAR-ALPHA-01,1047.6593224151857,24.629584636792465,37.91421990168104,550.2965395484474,1100.042288535945
2023-10-12 09:15:00,SOLAR-ALPHA-01,1322.1958149741652,24.792670450840152,42.774506066217405,708.1658355908986,1388.3056057228735
2023-10-12 09:30:00,SOLAR-ALPHA-01,1256.9469642536806,20.052209947670512,35.864310062367196,664.266730108198,1319.7943124663645
2023-10-12 09:45:00,SOLAR-ALPHA-01,1199.903512450453,22.959567621939854,39.40567720555813,627.9364992368588,1259.8986880729758
2023-10-12 10:00:00,SOLAR-ALPHA-01,1296.3007088900506,25.4266884744616,45.038986949156545,705.9480396917072,1361.1157443345533
2023-10-12 10:15:00,SOLAR-ALPHA-01,1377.6825949186818,26.451785658947145,45.22350315309035,750.3402013740998,1446.566724664616
2023-10-12 10:30:00,SOLAR-ALPHA-01,1333.9248736020004,25.65603638968113,43.54341272150833,718.4765905624166,1400.6211172821004
2023-10-12 10:45:00,SOLAR-ALPHA-01,1530.507754750385,27.517646882131082,49.8938017072327,851.4879008688833,1607.0331424879043
2023-10-12 11:00:00,SOLAR-ALPHA-01,1381.9921191838296,24.933323337885255,41.523371907301936,738.5986347318274,1451.0917251430212
2023-10-12 11:15:00,SOLAR-ALPHA-01,1452.6189395559506,26.56668125064519,46.85775058560423,799.8635285300551,1525.2498865337482
2023-10-12 11:30:00,SOLAR-ALPHA-01,1550.315175218748,24.531238086364056,43.166631835708046,839.649620246446,1627.8309339796854
2023-10-12 11:45:00,SOLAR-ALPHA-01,1321.9708666872878,28.81350342035948,48.86493633306507,728.4477335324015,1388.0694100216522
2023-10-12 12:00:00,SOLAR-ALPHA-01,1465.9037109924625,27.622926254888043,47.760912305574045,809.8375377170588,1539.1988965420858
2023-10-12 12:15:00,SOLAR-ALPHA-01,1307.7663973448914,28.73698769920024,47.64972755505323,711.6674321496351,1373.1547172121361
2023-10-12 12:30:00,SOLAR-ALPHA-01,1381.3942488576272,29.42618756037942,49.59823423501595,767.7132191393035,1450.4639613005086
2023-10-12 12:45:00,SOLAR-ALPHA-01,1447.486994851048,29.502405398841333,50.43653341860606,804.6247126291856,1519.8613445936005
2023-10-12 13:00:00,SOLAR-ALPHA-01,1409.8152770505253,30.046298423987235,51.38431065709108,780.6279133968081,1480.3060409030516
2023-10-12 13:15:00,SOLAR-ALPHA-01,1303.6537245612444,29.81943451296433,47.05525626303123,710.0694522926201,1368.8364107893067
2023-10-12 13:30:00,SOLAR-ALPHA-01,1313.7692553668292,34.10747794064022,50.93278034787543,730.5524290247845,1379.4577181351706
2023-10-12 13:45:00,SOLAR-ALPHA-01,1378.472180350225,27.306151447203753,46.04085799518437,755.393436958803,1447.3957893677364
2023-10-12 14:00:00,SOLAR-ALPHA-01,1262.6407363726355,31.479099195061526,47.63727622456241,690.4374329777479,1325.7727731912673
2023-10-12 14:15:00,SOLAR-ALPHA-01,1258.007250025802,28.417801074875033,46.72957817852449,694.6774534338505,1320.9076125270922
2023-10-12 14:30:00,SOLAR-ALPHA-01,1083.4529102594088,30.30152233246287,45.58376745112807,592.9708325579785,1137.6255557723794
2023-10-12 14:45:00,SOLAR-ALPHA-01,1137.5310714337727,28.992054110046464,43.563901230560965,609.6615634121058,1194.4076250054613
2023-10-12 15:00:00,SOLAR-ALPHA-01,1080.8623609044748,31.93803690995535,46.56533984728433,587.6378810812574,1134.9054789496986
2023-10-12 15:15:00,SOLAR-ALPHA-01,775.957751489204,30.622844264267712,41.943592578515236,414.3304528375762,814.7556390636643
2023-10-12 15:30:00,SOLAR-ALPHA-01,842.0831576440763,32.07901031203231,43.71963724454837,452.788152789896,884.1873155262801
2023-10-12 15:45:00,SOLAR-ALPHA-01,873.7758524519757,27.147165084642918,36.40189337605267,456.82302707970825,917.4646450745745
2023-10-12 16:00:00,SOLAR-ALPHA-01,691.4394442452325,28.546350741134304,39.21843174524763,370.7843891995691,726.0114164574942
2023-10-12 16:15:00,SOLAR-ALPHA-01,629.6307299104424,28.927255068157017,38.911174848027635,340.94497859787475,661.1122664059645
2023-10-12 16:30:00,SOLAR-ALPHA-01,656.461486947652,28.20670884793578,36.55879828559146,341.0883986686141,689.2845612950347
2023-10-12 16:45:00,SOLAR-ALPHA-01,431.14870678754625,29.137807236459047,34.08065239876263,217.05400971736117,452.70614212692357
2023-10-12 17:00:00,SOLAR-ALPHA-01,252.15293646397885,27.173725146008515,30.937204707150407,133.01465868948475,264.7605832871778
2023-10-12 17:15:00,SOLAR-ALPHA-01,388.07657680003643,25.614828988414683,30.949432640776216,203.69250442673396,407.48040564003827
2023-10-12 17:30:00,SOLAR-ALPHA-01,221.52703424910422,27.342885926198836,31.76845711355037,113.1289618781453,232.60338596155944
2023-10-12 17:45:00,SOLAR-ALPHA-01,272.5995152677833,24.614661503430217,28.555861908319407,145.48223207313464,286.2294910311725
2023-10-12 18:00:00,SOLAR-ALPHA-01,0.0,22.05100532484608,23.42298887440257,41.86243263405346,0.0
2023-10-12 18:15:00,SOLAR-ALPHA-01,0.0,22.471466383156194,21.677433044139633,0.0,0.0
2023-10-12 18:30:00,SOLAR-ALPHA-01,0.0,21.63327800308506,21.727014321021898,0.0,0.0
2023-10-12 18:45:00,SOLAR-ALPHA-01,0.0,26.09882678851838,24.27453158102227,0.0,0.0
2023-10-12 19:00:00,SOLAR-ALPHA-01,0.0,23.78929329405807,23.903609110395937,0.0,0.0
2023-10-12 19:15:00,SOLAR-ALPHA-01,0.0,22.985630426190745,22.554030302451093,0.0,0.0
2023-10-12 19:30:00,SOLAR-ALPHA-01,0.0,19.964607445357146,19.204489263350535,0.0,0.0
2023-10-12 19:45:00,SOLAR-ALPHA-01,0.0,19.400155392618796,18.930406627706216,0.0,0.0
2023-10-12 20:00:00,SOLAR-ALPHA-01,0.0,18.5040130536873,18.25317210191631,0.0,0.0
2023-10-12 20:15:00,SOLAR-ALPHA-01,0.0,19.197867752027673,19.930599477913965,0.0,0.0
2023-10-12 20:30:00,SOLAR-ALPHA-01,0.0,19.554110820740505,19.6217605789079,0.0,0.0
2023-10-12 20:45:00,SOLAR-ALPHA-01,0.0,16.65770914907942,17.987697872811825,0.0,0.0
2023-10-12 21:00:00,SOLAR-ALPHA-01,0.0,19.767610784132657,19.600503437181818,0.0,0.0
2023-10-12 21:15:00,SOLAR-ALPHA-01,0.0,15.896470400941528,15.223740750659422,0.0,0.0
2023-10-12 21:30:00,SOLAR-ALPHA-01,0.0,18.58724652923592,19.322297685913803,0.0,0.0
2023-10-12 21:45:00,SOLAR-ALPHA-01,0.0,18.54643714483569,19.718086695592035,0.0,0.0
2023-10-12 22:00:00,SOLAR-ALPHA-01,0.0,16.375196861343056,16.30814238824194,0.0,0.0
2023-10-12 22:15:00,SOLAR-ALPHA-01,0.0,11.913962273194201,9.73100019840884,0.0,0.0
2023-10-12 22:30:00,SOLAR-ALPHA-01,0.0,11.479084733734371,10.346072219175008,0.0,0.0
2023-10-12 22:45:00,SOLAR-ALPHA-01,0.0,11.77901699142135,10.398267312192385,0.0,0.0
2023-10-12 23:00:00,SOLAR-ALPHA-01,0.0,16.204521569989662,16.651305217754878,0.0,0.0
2023-10-12 23:15:00,SOLAR-ALPHA-01,0.0,15.367959974900796,14.823921953102165,0.0,0.0
2023-10-12 23:30:00,SOLAR-ALPHA-01,0.0,12.954986115603406,11.08622792562455,0.0,0.0
2023-10-12 23:45:00,SOLAR-ALPHA-01,0.0,10.551797879255613,10.367004811729679,0.0,0.0
2023-10-13 00:00:00,SOLAR-ALPHA-01,0.0,14.41919683113994,16.09884454939208,0.0,0.0
2023-10-13 00:15:00,SOLAR-ALPHA-01,0.0,13.358588595185795,12.426551977349545,0.0,0.0
2023-10-13 00:30:00,SOLAR-ALPHA-01,0.0,12.950078466225587,12.533584034122297,0.0,0.0
2023-10-13 00:45:00,SOLAR-ALPHA-01,0.0,14.247233252672785,15.060076073450412,0.0,0.0
2023-10-13 01:00:00,SOLAR-ALPHA-01,0.0,12.95291157011757,13.514395088409062,0.0,0.0
2023-10-13 01:15:00,SOLAR-ALPHA-01,0.0,11.72000261964358,11.395047224005841,0.0,0.0
2023-10-13 01:30:00,SOLAR-ALPHA-01,0.0,10.374210165663317,10.956139670901585,0.0,0.0
2023-10-13 01:45:00,SOLAR-ALPHA-01,0.0,10.0,9.640920704755361,0.0,0.0
2023-10-13 02:00:00,SOLAR-ALPHA-01,0.0,10.826712832405168,10.983194432332127,0.0,0.0
2023-10-13 02:15:00,SOLAR-ALPHA-01,0.0,10.0,10.94539121615904,0.0,0.0
2023-10-13 02:30:00,SOLAR-ALPHA-01,0.0,13.624450572857302,12.88669236108492,0.0,0.0
2023-10-13 02:45:00,SOLAR-ALPHA-01,0.0,10.0,11.520136483683743,0.0,0.0
2023-10-13 03:00:00,SOLAR-ALPHA-01,0.0,11.223543682008463,10.491738850985021,0.0,0.0
2023-10-13 03:15:00,SOLAR-ALPHA-01,0.0,12.90028802454803,13.080437141823264,0.0,0.0
2023-10-13 03:30:00,SOLAR-ALPHA-01,0.0,10.0,10.355187033276582,0.0,0.0
2023-10-13 03:45:00,SOLAR-ALPHA-01,0.0,13.15222822112173,11.924119214724914,0.0,0.0
2023-10-13 04:00:00,SOLAR-ALPHA-01,0.0,10.699328998342917,10.253434726824562,0.0,0.0
2023-10-13 04:15:00,SOLAR-ALPHA-01,0.0,11.776171819102816,11.361944684491126,0.0,0.0
2023-10-13 04:30:00,SOLAR-ALPHA-01,0.0,12.71816541086647,13.166200856885599,0.0,0.0
2023-10-13 04:45:00,SOLAR-ALPHA-01,0.0,13.033360413910513,13.670193180451756,0.0,0.0
2023-10-13 05:00:00,SOLAR-ALPHA-01,0.0,11.76924677424439,11.195451587479202,0.0,0.0
2023-10-13 05:15:00,SOLAR-ALPHA-01,0.0,13.827108041688032,14.329662426946957,0.0,0.0
2023-10-13 05:30:00,SOLAR-ALPHA-01,0.0,16.467550881632427,16.405390018211833,0.0,0.0
2023-10-13 05:45:00,SOLAR-ALPHA-01,0.0,11.673675099121793,11.721840612305824,0.0,0.0
2023-10-13 06:00:00,SOLAR-ALPHA-01,0.0,13.42276994251888,14.292806543082815,46.74364721251012,0.0
2023-10-13 06:15:00,SOLAR-ALPHA-01,119.44176666412197,17.1151402860846,20.96552622121625,69.02230741631207,125.41385499732807
2023-10-13 06:30:00,SOLAR-ALPHA-01,342.8355905022519,15.277179023846836,20.823697369658404,167.2727616040261,359.9773700273645
2023-10-13 06:45:00,SOLAR-ALPHA-01,461.6978790385186,16.373836951512267,22.231231486413854,229.08276366118048,484.7827729904445
2023-10-13 07:00:00,SOLAR-ALPHA-01,452.4155039961037,17.76581791305636,22.5027161847516,224.39345040717032,475.03627919590895
2023-10-13 07:15:00,SOLAR-ALPHA-01,488.8506304663422,17.724924736594517,23.651466680751128,238.60584593623526,513.2931619896593
2023-10-13 07:30:00,SOLAR-ALPHA-01,617.7221523929767,19.505799293054373,28.111599836288786,314.19817108068855,648.6082600126256
2023-10-13 07:45:00,SOLAR-ALPHA-01,571.0983404756171,19.448717644722848,26.368248825454536,278.55808647287455,599.6532574993979
2023-10-13 08:00:00,SOLAR-ALPHA-01,736.9504467102765,20.54744593101515,29.131431518853617,377.29671155638755,773.7979690457904
2023-10-13 08:15:00,SOLAR-ALPHA-01,824.3712210957118,20.400481335011804,32.32021808589812,423.5614316659851,865.5897821504974
2023-10-13 08:30:00,SOLAR-ALPHA-01,1046.2146505261724,23.14573972562575,38.20792465590767,549.1548768393919,1098.525383052481
2023-10-13 08:45:00,SOLAR-ALPHA-01,1004.7781442312341,26.034687891665946,38.92273004128924,523.9869492911263,1055.017051442796
2023-10-13 09:00:00,SOLAR-ALPHA-01,1231.5621782259416,20.968076047880025,38.217330891864684,657.9804404159863,1293.1402871372386
2023-10-13 09:15:00,SOLAR-ALPHA-01,1118.8286247833673,25.382368528130172,41.06026407618785,595.2126462984343,1174.7700560225358
2023-10-13 09:30:00,SOLAR-ALPHA-01,1268.4332294231301,26.065371840176848,44.60304164165821,686.9074773090445,1331.8548908942867
2023-10-13 09:45:00,SOLAR-ALPHA-01,1387.3118353461505,22.887633907654937,42.97506260524,751.8301921021335,1456.677427113458
2023-10-13 10:00:00,SOLAR-ALPHA-01,1222.1290501036528,26.163024096856127,42.962840116508346,668.7281584438302,1283.2355026088355
2023-10-13 10:15:00,SOLAR-ALPHA-01,1257.9223305872408,31.58895126006983,49.56285748235661,701.4073848951323,1320.818447116603
2023-10-13 10:30:00,SOLAR-ALPHA-01,1401.214479813698,23.459494440829545,43.525862157239956,762.1758027716004,1471.275203804383
2023-10-13 10:45:00,SOLAR-ALPHA-01,1376.9626315846322,31.948056724600978,49.06140067192681,749.5768597827434,1445.8107631638638
2023-10-13 11:00:00,SOLAR-ALPHA-01,1517.0572493007908,27.52556193676809,47.86657545803586,838.8812736792277,1592.9101117658304
2023-10-13 11:15:00,SOLAR-ALPHA-01,1621.6205071292688,24.354874427000304,47.0266387943835,885.7790099382158,1702.7015324857323
2023-10-13 11:30:00,SOLAR-ALPHA-01,1344.4016385287646,29.364967835952612,46.96322494864357,740.2922928086175,1411.6217204552029
2023-10-13 11:45:00,SOLAR-ALPHA-01,1444.5572909707817,26.74268837322066,49.089193368431886,802.4768624265369,1516.7851555193208
2023-10-13 12:00:00,SOLAR-ALPHA-01,1461.603388500553,28.33562340686526,46.34210554561592,798.9556611953905,1534.6835579255805
2023-10-13 12:15:00,SOLAR-ALPHA-01,1396.8880425845537,30.420641732911328,49.75332198298237,786.8682906051722,1466.7324447137814
2023-10-13 12:30:00,SOLAR-ALPHA-01,1497.052644553711,29.341225656246454,49.06873380096009,820.419966212956,1571.9052767813967
2023-10-13 12:45:00,SOLAR-ALPHA-01,1502.3729072025026,29.00028553192405,49.963732050028625,838.3586592939572,1577.4915525626277
2023-10-13 13:00:00,SOLAR-ALPHA-01,1394.396411510729,28.938201050660346,46.523373329423144,760.1426757620262,1464.1162320862654
2023-10-13 13:15:00,SOLAR-ALPHA-01,1597.6611929314026,25.685844287289882,47.51697645160263,884.3473819452867,1677.5442525779729
2023-10-13 13:30:00,SOLAR-ALPHA-01,1361.599180587781,31.129144888044326,49.9670679837645,761.648789060165,1429.67913961717
2023-10-13 13:45:00,SOLAR-ALPHA-01,1116.3067794714407,29.427502250170598,44.748593924719046,614.0932586352101,1172.1221184450128
2023-10-13 14:00:00,SOLAR-ALPHA-01,1197.348367108386,28.939492541779135,45.56359257151331,652.3786334868906,1257.2157854638053
2023-10-13 14:15:00,SOLAR-ALPHA-01,1268.6203565905391,29.715754790910395,46.80615725476339,698.0173389339548,1332.0513744200662
2023-10-13 14:30:00,SOLAR-ALPHA-01,1049.5198346653235,29.07332282662707,43.59535810854233,564.4593989517053,1101.9958263985898
2023-10-13 14:45:00,SOLAR-ALPHA-01,1191.3059512205875,29.99127104758083,44.572720973867845,636.4870115924255,1250.871248781617
2023-10-13 15:00:00,SOLAR-ALPHA-01,1174.188795280634,29.982846031250197,45.44880403297586,636.3662325727842,1232.8982350446656
2023-10-13 15:15:00,SOLAR-ALPHA-01,1160.3434476115133,29.941244952471823,45.9459192655994,626.9121958473902,1218.360619992089
2023-10-13 15:30:00,SOLAR-ALPHA-01,883.683437727736,28.3292927196187,41.21621028556409,470.7287917114208,927.8676096141228
2023-10-13 15:45:00,SOLAR-ALPHA-01,824.4656052697832,26.609354280397202,36.76249148076045,426.4228931749534,865.6888855332724
2023-10-13 16:00:00,SOLAR-ALPHA-01,706.19605906034,31.559012520962725,41.58848960731381,376.8063824757531,741.505862013357
2023-10-13 16:15:00,SOLAR-ALPHA-01,773.1800964220951,27.911852871871503,38.69630422339404,411.95925325037814,811.8391012431998
2023-10-13 16:30:00,SOLAR-ALPHA-01,591.5704838367329,32.581108100295374,40.98430640399184,310.4673163055049,621.1490080285696
2023-10-13 16:45:00,SOLAR-ALPHA-01,321.0841277402673,28.49882778739884,33.0956778882134,164.5797578747896,337.1383341272807
2023-10-13 17:00:00,SOLAR-ALPHA-01,296.3226338536787,27.6815643941442,32.85706931414925,166.74930544162552,311.13876554636266
2023-10-13 17:15:00,SOLAR-ALPHA-01,334.4293224083646,24.43397797905683,28.514997002199106,175.12605802836558,351.15078852878287
2023-10-13 17:30:00,SOLAR-ALPHA-01,182.04246546093424,21.213569038017155,23.055665634946337,83.09024070612696,191.14458873398095
2023-10-13 17:45:00,SOLAR-ALPHA-01,179.61660241348278,27.93850886232569,30.28590386288707,88.32145169889299,188.59743253415692
2023-10-13 18:00:00,SOLAR-ALPHA-01,0.0,26.037406297032646,27.065155816671844,26.79394103691272,0.0
2023-10-13 18:15:00,SOLAR-ALPHA-01,0.0,25.372616979975014,25.889941506849294,0.0,0.0
2023-10-13 18:30:00,SOLAR-ALPHA-01,0.0,22.547259875720947,22.58571524420998,0.0,0.0
2023-10-13 18:45:00,SOLAR-ALPHA-01,0.0,20.866219512843283,18.747077956905514,0.0,0.0
2023-10-13 19:00:00,SOLAR-ALPHA-01,0.0,15.127133207045382,14.382348278976837,0.0,0.0
2023-10-13 19:15:00,SOLAR-ALPHA-01,0.0,24.054021189465875,24.28282792999433,0.0,0.0
2023-10-13 19:30:00,SOLAR-ALPHA-01,0.0,21.239986962364494,21.4982776075535,0.0,0.0
2023-10-13 19:45:00,SOLAR-ALPHA-01,0.0,21.912175684830668,21.852634705713797,0.0,0.0
2023-10-13 20:00:00,SOLAR-ALPHA-01,0.0,19.26934002943432,19.48387164436604,0.0,0.0
2023-10-13 20:15:00,SOLAR-ALPHA-01,0.0,21.384626993849352,21.258481414612653,0.0,0.0
2023-10-13 20:30:00,SOLAR-ALPHA-01,0.0,24.824403624154805,23.59854105323158,0.0,0.0
2023-10-13 20:45:00,SOLAR-ALPHA-01,0.0,18.29036695906684,17.441206048948235,0.0,0.0
2023-10-13 21:00:00,SOLAR-ALPHA-01,0.0,15.446175948915078,16.074630044602422,0.0,0.0
2023-10-13 21:15:00,SOLAR-ALPHA-01,0.0,13.231363360742879,11.928639742163885,0.0,0.0
2023-10-13 21:30:00,SOLAR-ALPHA-01,0.0,14.878308144269718,13.652875575409947,0.0,0.0
2023-10-13 21:45:00,SOLAR-ALPHA-01,0.0,13.597528778190766,14.060740324298862,0.0,0.0
2023-10-13 22:00:00,SOLAR-ALPHA-01,0.0,10.094147330814643,10.055276000399243,0.0,0.0
2023-10-13 22:15:00,SOLAR-ALPHA-01,0.0,13.05109038305594,13.96106656626633,0.0,0.0
2023-10-13 22:30:00,SOLAR-ALPHA-01,0.0,11.792205967910405,11.84458330803954,0.0,0.0
2023-10-13 22:45:00,SOLAR-ALPHA-01,0.0,16.69654625674653,17.04868231695041,0.0,0.0
2023-10-13 23:00:00,SOLAR-ALPHA-01,0.0,10.05427666181223,8.432887678091033,0.0,0.0
2023-10-13 23:15:00,SOLAR-ALPHA-01,0.0,10.0,11.533640288630492,0.0,0.0
2023-10-13 23:30:00,SOLAR-ALPHA-01,0.0,11.409214338515092,9.94181846714001,0.0,0.0
2023-10-13 23:45:00,SOLAR-ALPHA-01,0.0,10.0,10.386217010901552,0.0,0.0
2023-10-14 00:00:00,SOLAR-ALPHA-01,0.0,10.0,10.54731886928115,0.0,0.0
2023-10-14 00:15:00,SOLAR-ALPHA-01,0.0,13.080265740861629,12.652263952862853,0.0,0.0
2023-10-14 00:30:00,SOLAR-ALPHA-01,0.0,11.174355256550378,10.39235165983381,0.0,0.0
2023-10-14 00:45:00,SOLAR-ALPHA-01,0.0,10.0,10.94918338909546,0.0,0.0
2023-10-14 01:00:00,SOLAR-ALPHA-01,0.0,10.0,9.199875763579913,0.0,0.0
2023-10-14 01:15:00,SOLAR-ALPHA-01,0.0,11.119587605533106,9.919512502538362,0.0,0.0
2023-10-14 01:30:00,SOLAR-ALPHA-01,0.0,12.018267061495001,12.919226607657597,0.0,0.0
2023-10-14 01:45:00,SOLAR-ALPHA-01,0.0,10.0,10.594792553575068,0.0,0.0
2023-10-14 02:00:00,SOLAR-ALPHA-01,0.0,12.358869766995166,9.81207796702989,0.0,0.0
2023-10-14 02:15:00,SOLAR-ALPHA-01,0.0,12.166259406467915,12.380982011569468,0.0,0.0
2023-10-14 02:30:00,SOLAR-ALPHA-01,0.0,10.036261222088868,9.949706321254462,0.0,0.0
2023-10-14 02:45:00,SOLAR-ALPHA-01,0.0,10.971045381732715,12.135557049740829,0.0,0.0
2023-10-14 03:00:00,SOLAR-ALPHA-01,0.0,10.0,9.198906500791475,0.0,0.0
2023-10-14 03:15:00,SOLAR-ALPHA-01,0.0,11.203281369866392,12.458695257435256,0.0,0.0
2023-10-14 03:30:00,SOLAR-ALPHA-01,0.0,12.630940192664289,12.951116695043783,0.0,0.0
2023-10-14 03:45:00,SOLAR-ALPHA-01,0.0,12.158072162747287,12.299300928227153,0.0,0.0
2023-10-14 04:00:00,SOLAR-ALPHA-01,0.0,10.537559530106282,11.104533583728154,0.0,0.0
2023-10-14 04:15:00,SOLAR-ALPHA-01,0.0,11.48176145079922,11.698879158628921,0.0,0.0
2023-10-14 04:30:00,SOLAR-ALPHA-01,0.0,12.540842350332548,13.440684008444189,0.0,0.0
2023-10-14 04:45:00,SOLAR-ALPHA-01,0.0,13.086046408326084,12.363066855665384,0.0,0.0
2023-10-14 05:00:00,SOLAR-ALPHA-01,0.0,15.06543103100488,14.31407608785088,0.0,0.0
2023-10-14 05:15:00,SOLAR-ALPHA-01,0.0,12.117565027319035,12.49635315686265,0.0,0.0
2023-10-14 05:30:00,SOLAR-ALPHA-01,0.0,13.470084130038709,13.363785083435326,0.0,0.0
2023-10-14 05:45:00,SOLAR-ALPHA-01,0.0,12.502580622571351,12.881840756723106,0.0,0.0
2023-10-14 06:00:00,SOLAR-ALPHA-01,0.0,13.343820680047102,15.231173482516414,38.42800204337181,0.0
2023-10-14 06:15:00,SOLAR-ALPHA-01,145.71084057992087,14.397569511406632,17.081401127529436,69.40592733206603,152.99638260891692
2023-10-14 06:30:00,SOLAR-ALPHA-01,261.9529725267346,17.871470332688006,21.10176995001534,122.59482777172026,275.05062115307135
2023-10-14 06:45:00,SOLAR-ALPHA-01,422.0295204668609,15.725211444533418,20.70380323914517,202.48417036132008,443.130996490204
2023-10-14 07:00:00,SOLAR-ALPHA-01,471.49436721576745,13.76100742812724,19.85391246841847,234.95278372017233,495.06908557655584
2023-10-14 07:15:00,SOLAR-ALPHA-01,349.35765011997916,18.10011619055321,23.540991440036574,176.26485837384237,366.82553262597816
2023-10-14 07:30:00,SOLAR-ALPHA-01,572.0916382704936,15.016730051088462,21.223238491091916,286.1036873808984,600.6962201840183
2023-10-14 07:45:00,SOLAR-ALPHA-01,661.8284195842506,21.93048523003841,31.91725310029791,336.56049228950235,694.9198405634631
2023-10-14 08:00:00,SOLAR-ALPHA-01,630.035632831934,16.3987112619371,25.135338951176553,316.08836591224684,661.5374144735307
2023-10-14 08:15:00,SOLAR-ALPHA-01,877.0149711684004,16.86724429738926,27.94073351807883,441.24606701754107,920.8657197268204
2023-10-14 08:30:00,SOLAR-ALPHA-01,942.6189706376222,26.544815762092924,40.33066482063466,506.0758394903145,989.7499191695033
2023-10-14 08:45:00,SOLAR-ALPHA-01,1003.8557396444315,21.23212078064873,33.26794646159847,516.4049903066916,1054.0485266266533
2023-10-14 09:00:00,SOLAR-ALPHA-01,1122.0329676792846,25.639655820696518,41.54403248411472,595.4258008654183,1178.1346160632488
2023-10-14 09:15:00,SOLAR-ALPHA-01,1102.4795428771722,20.792071299500428,36.76188928870341,577.9826256346847,1157.6035200210308
2023-10-14 09:30:00,SOLAR-ALPHA-01,1128.040501483805,21.195869626792142,36.185965199871205,593.8091506884648,1184.4425265579953
2023-10-14 09:45:00,SOLAR-ALPHA-01,1299.7018316340823,21.428386414322837,37.553716936104024,687.6853991855296,1364.6869232157865
2023-10-14 10:00:00,SOLAR-ALPHA-01,1344.2595032936792,27.21552832367319,45.47240028390498,732.977161274391,1411.4724784583632
2023-10-14 10:15:00,SOLAR-ALPHA-01,1288.9371768270244,28.638923931248222,45.98028726202401,712.9584863211629,1353.3840356683756
2023-10-14 10:30:00,SOLAR-ALPHA-01,1452.3312694358046,25.09273425395754,44.79875736119291,781.063909940936,1524.9478329075948
2023-10-14 10:45:00,SOLAR-ALPHA-01,1307.713529603337,27.560196768809433,46.12289694762951,713.1203773676674,1373.099206083504
2023-10-14 11:00:00,SOLAR-ALPHA-01,1417.207873436002,29.26064894544379,47.28068394020761,777.0553389588183,1488.0682671078023
2023-10-14 11:15:00,SOLAR-ALPHA-01,1352.0225246519583,23.982529201395135,41.20771043479099,724.538951763544,1419.6236508845564
2023-10-14 11:30:00,SOLAR-ALPHA-01,1297.588368916373,28.8402174374459,46.16782822435611,706.0599267383203,1362.4677873621915
2023-10-14 11:45:00,SOLAR-ALPHA-01,1446.9720864508038,25.881135843631277,43.94809475817182,784.4320310495199,1519.320690773344
2023-10-14 12:00:00,SOLAR-ALPHA-01,1476.1968943467039,28.153681080484503,49.99612368220283,816.2144064107736,1550.006739064039
2023-10-14 12:15:00,SOLAR-ALPHA-01,1375.0779092165253,29.07407157289987,48.587179625721426,757.6459631827763,1443.8318046773516
2023-10-14 12:30:00,SOLAR-ALPHA-01,1458.0421373088354,26.931177968554508,45.33954327433567,798.9128594110161,1530.9442441742772
2023-10-14 12:45:00,SOLAR-ALPHA-01,1419.4542977017297,30.501584778276722,50.80214424519393,790.4568014877149,1490.4270125868163
2023-10-14 13:00:00,SOLAR-ALPHA-01,1427.1266972964895,29.82260671914113,50.83990820658647,801.7507308989074,1498.483032161314
2023-10-14 13:15:00,SOLAR-ALPHA-01,1434.4311802836678,33.27845232703242,52.58662927634872,798.5934729558581,1506.1527392978512
2023-10-14 13:30:00,SOLAR-ALPHA-01,1327.8725551954178,30.305595132479667,48.554392148002606,728.7806232612894,1394.2661829551887
2023-10-14 13:45:00,SOLAR-ALPHA-01,1366.1753272051726,31.332129469320876,49.04629346833049,760.2306599955527,1434.4840935654313
2023-10-14 14:00:00,SOLAR-ALPHA-01,1187.3132814395678,31.5123524772916,50.18123240214725,655.1584542784133,1246.6789455115463
2023-10-14 14:15:00,SOLAR-ALPHA-01,1251.8841970392189,27.22865568676405,42.71350121691133,677.6495437961407,1314.47840689118
2023-10-14 14:30:00,SOLAR-ALPHA-01,1132.7511018797939,28.507869839842463,44.44931022674428,622.1296928902015,1189.3886569737836
2023-10-14 14:45:00,SOLAR-ALPHA-01,1226.1908691776691,25.752590753270727,41.36153695135096,651.2347627384947,1287.5004126365527
2023-10-14 15:00:00,SOLAR-ALPHA-01,1140.7249209496347,31.897740092525115,47.29492745428988,617.4675518657488,1197.7611669971166
2023-10-14 15:15:00,SOLAR-ALPHA-01,1185.3093662391118,27.10115451290383,41.862485222226724,634.2770324770087,1244.5748345510674
2023-10-14 15:30:00,SOLAR-ALPHA-01,962.5660738700984,31.811165983730827,47.61087946496624,535.6656314915286,1010.6943775636034
2023-10-14 15:45:00,SOLAR-ALPHA-01,845.0646708449315,26.515566138957357,38.461699482495334,445.8474932482541,887.317904387178
2023-10-14 16:00:00,SOLAR-ALPHA-01,677.9900950640344,26.527485244693928,35.427450187466235,368.8660614012048,711.8895998172362
2023-10-14 16:15:00,SOLAR-ALPHA-01,777.3046468596999,31.511418298802663,41.31974936520043,423.9160068518414,816.1698792026849
2023-10-14 16:30:00,SOLAR-ALPHA-01,606.1786037792784,30.555415212689283,36.79777296576305,323.7963487219494,636.4875339682424
2023-10-14 16:45:00,SOLAR-ALPHA-01,603.6981801442789,30.581948533083846,38.7171392473259,312.5829899923825,633.8830891514929
2023-10-14 17:00:00,SOLAR-ALPHA-01,331.7687201988765,25.157694163797068,29.361750200165,166.52415369122627,348.35715620882036
2023-10-14 17:15:00,SOLAR-ALPHA-01,378.3088547401307,26.095185732981662,30.0082248516614,196.9675222788053,397.22429747713727
2023-10-14 17:30:00,SOLAR-ALPHA-01,209.5479840910637,28.442490656886367,31.225723735530853,112.79752911229448,220.0253832956169
2023-10-14 17:45:00,SOLAR-ALPHA-01,113.32475328324757,24.63719854270606,25.421554977327855,57.42852736813947,118.99099094740995
2023-10-14 18:00:00,SOLAR-ALPHA-01,0.0,25.702244687520725,25.086414771876,0.0,0.0
2023-10-14 18:15:00,SOLAR-ALPHA-01,0.0,25.73005366238871,27.798705876453788,0.0,0.0
2023-10-14 18:30:00,SOLAR-ALPHA-01,0.0,21.67027227397122,21.7979315410851,0.0,0.0
2023-10-14 18:45:00,SOLAR-ALPHA-01,0.0,23.688185629169826,22.96340925925439,0.0,0.0
2023-10-14 19:00:00,SOLAR-ALPHA-01,0.0,19.439257243493117,20.727789644155845,0.0,0.0
2023-10-14 19:15:00,SOLAR-ALPHA-01,0.0,20.765369344816484,20.822645815828118,0.0,0.0
2023-10-14 19:30:00,SOLAR-ALPHA-01,0.0,22.292535431336766,21.167982735155334,0.0,0.0
2023-10-14 19:45:00,SOLAR-ALPHA-01,0.0,19.913524277286673,19.30331580130578,0.0,0.0
2023-10-14 20:00:00,SOLAR-ALPHA-01,0.0,22.062977598137525,21.516148445581212,0.0,0.0
2023-10-14 20:15:00,SOLAR-ALPHA-01,0.0,22.325467380208497,25.0003225092566,0.0,0.0
2023-10-14 20:30:00,SOLAR-ALPHA-01,0.0,16.24612242348593,16.866648300781225,0.0,0.0
2023-10-14 20:45:00,SOLAR-ALPHA-01,0.0,19.46370500656949,20.083852061281565,0.0,0.0
2023-10-14 21:00:00,SOLAR-ALPHA-01,0.0,19.496433641852825,18.458100683202705,0.0,0.0
2023-10-14 21:15:00,SOLAR-ALPHA-01,0.0,16.484891783930678,16.616168080451168,0.0,0.0
2023-10-14 21:30:00,SOLAR-ALPHA-01,0.0,15.102087884703927,14.466833857410146,0.0,0.0
2023-10-14 21:45:00,SOLAR-ALPHA-01,0.0,18.192874745553464,18.672375702249308,0.0,0.0
2023-10-14 22:00:00,SOLAR-ALPHA-01,0.0,14.51497231675809,14.84919054339368,0.0,0.0
2023-10-14 22:15:00,SOLAR-ALPHA-01,0.0,13.304809792728605,14.04938165944349,0.0,0.0
2023-10-14 22:30:00,SOLAR-ALPHA-01,0.0,12.924497517743553,13.561216188844414,0.0,0.0
2023-10-14 22:45:00,SOLAR-ALPHA-01,0.0,12.678184157347618,13.797766874692812,0.0,0.0
2023-10-14 23:00:00,SOLAR-ALPHA-01,0.0,14.93282290778646,13.825644294459854,0.0,0.0
2023-10-14 23:15:00,SOLAR-ALPHA-01,0.0,10.0,11.047908083853727,0.0,0.0
2023-10-14 23:30:00,SOLAR-ALPHA-01,0.0,10.0,9.253328484507476,0.0,0.0
2023-10-14 23:45:00,SOLAR-ALPHA-01,0.0,14.631715337064989,13.742454626818555,0.0,0.0
2023-10-15 00:00:00,SOLAR-ALPHA-01,0.0,10.0,9.627529676360046,0.0,0.0
2023-10-15 00:15:00,SOLAR-ALPHA-01,0.0,12.269479402121394,13.365268925469332,0.0,0.0
2023-10-15 00:30:00,SOLAR-ALPHA-01,0.0,10.441727364249248,9.112225668504637,0.0,0.0
2023-10-15 00:45:00,SOLAR-ALPHA-01,0.0,12.16568033594901,11.150815776047677,0.0,0.0
2023-10-15 01:00:00,SOLAR-ALPHA-01,0.0,10.0,9.853057163393268,0.0,0.0
2023-10-15 01:15:00,SOLAR-ALPHA-01,0.0,11.151305006582337,8.817032390074148,0.0,0.0
2023-10-15 01:30:00,SOLAR-ALPHA-01,0.0,10.254737622515437,11.917643786243056,0.0,0.0
2023-10-15 01:45:00,SOLAR-ALPHA-01,0.0,10.0,10.793750739755232,0.0,0.0
2023-10-15 02:00:00,SOLAR-ALPHA-01,0.0,10.179297000361878,10.676223500586211,0.0,0.0
2023-10-15 02:15:00,SOLAR-ALPHA-01,0.0,11.249533196835726,8.898365444150677,0.0,0.0
2023-10-15 02:30:00,SOLAR-ALPHA-01,0.0,10.297720967916147,10.510304425985908,0.0,0.0
2023-10-15 02:45:00,SOLAR-ALPHA-01,0.0,11.120051921465421,10.077094160807125,0.0,0.0
2023-10-15 03:00:00,SOLAR-ALPHA-01,0.0,10.0,11.742938037721007,0.0,0.0
2023-10-15 03:15:00,SOLAR-ALPHA-01,0.0,11.590740479002339,10.780168258813108,0.0,0.0
2023-10-15 03:30:00,SOLAR-ALPHA-01,0.0,10.0,11.287883393925961,0.0,0.0
2023-10-15 03:45:00,SOLAR-ALPHA-01,0.0,10.787899288812675,9.512825257344561,0.0,0.0
2023-10-15 04:00:00,SOLAR-ALPHA-01,0.0,10.0,9.985507476030511,0.0,0.0
2023-10-15 04:15:00,SOLAR-ALPHA-01,0.0,13.077457194207895,14.327288563181074,0.0,0.0
2023-10-15 04:30:00,SOLAR-ALPHA-01,0.0,14.513962536114757,14.176791654418876,0.0,0.0
2023-10-15 04:45:00,SOLAR-ALPHA-01,0.0,13.84399949467886,12.933586500292321,0.0,0.0
2023-10-15 05:00:00,SOLAR-ALPHA-01,0.0,16.339688447600388,16.127159314898872,0.0,0.0
2023-10-15 05:15:00,SOLAR-ALPHA-01,0.0,13.41494775320062,13.421697286035611,0.0,0.0
2023-10-15 05:30:00,SOLAR-ALPHA-01,0.0,14.145284778799978,13.4579901524387,0.0,0.0
2023-10-15 05:45:00,SOLAR-ALPHA-01,0.0,15.290847144624887,15.174644498301125,0.0,0.0
2023-10-15 06:00:00,SOLAR-ALPHA-01,0.0,15.626376612529542,13.67154663891335,0.0,0.0
2023-10-15 06:15:00,SOLAR-ALPHA-01,0.0,11.964935290397449,12.241948276187514,0.0,0.0
2023-10-15 06:30:00,SOLAR-ALPHA-01,0.0,16.983678478951585,17.967526143400608,47.61906621183668,0.0
2023-10-15 06:45:00,SOLAR-ALPHA-01,295.4831639034674,20.810090120574888,24.617198284642065,154.44721524875183,310.25732209864077
2023-10-15 07:00:00,SOLAR-ALPHA-01,418.23339379710194,15.359261316500225,21.527016248842035,207.29736457606307,439.14506348695704
2023-10-15 07:15:00,SOLAR-ALPHA-01,639.1840457600601,15.329833454107515,21.494359676115167,315.8107559271085,671.1432480480631
2023-10-15 07:30:00,SOLAR-ALPHA-01,589.7026968903048,16.55900389544585,23.82371295759418,291.01146464021616,619.1878317348201
2023-10-15 07:45:00,SOLAR-ALPHA-01,669.6899012052934,19.530874914049196,28.162106054961335,344.98294354307365,703.1743962655581
2023-10-15 08:00:00,SOLAR-ALPHA-01,730.5730169829935,21.08500624926774,29.667986380991177,386.2838944422396,767.1016678321432
2023-10-15 08:15:00,SOLAR-ALPHA-01,758.3823103307808,19.012783763083,27.852445871730048,385.99016587142023,796.3014258473198
2023-10-15 08:30:00,SOLAR-ALPHA-01,882.4484982691419,20.183045306574346,31.82190992874838,464.2743004401253,926.570923182599
2023-10-15 08:45:00,SOLAR-ALPHA-01,1030.6220610132962,21.511216559101026,35.21196994766528,534.8411194019009,1082.153164063961
2023-10-15 09:00:00,SOLAR-ALPHA-01,1070.3647165330374,22.806004149582993,35.55527571272365,561.3817190847427,1123.8829523596894
2023-10-15 09:15:00,SOLAR-ALPHA-01,1096.077184410813,26.13015732758693,41.495484804728605,582.2772876291885,1150.8810436313538
2023-10-15 09:30:00,SOLAR-ALPHA-01,1257.6781511389222,25.96095049442994,43.88925964911046,677.1380194830385,1320.5620586958685
2023-10-15 09:45:00,SOLAR-ALPHA-01,1511.01918127165,24.877879141052663,44.89351016781001,817.0575101479167,1586.5701403352325
2023-10-15 10:00:00,SOLAR-ALPHA-01,1419.9074849176918,27.45658724021108,45.96942508282898,782.3760732955842,1490.9028591635765
2023-10-15 10:15:00,SOLAR-ALPHA-01,1353.4009311799584,25.74945883994106,41.66090274205614,728.6231697382564,1421.0709777389563
2023-10-15 10:30:00,SOLAR-ALPHA-01,1166.360552516834,29.729200734110893,47.21986257969198,642.8974653442953,1224.6785801426759
2023-10-15 10:45:00,SOLAR-ALPHA-01,1446.3251965459415,25.4929685505699,45.94189798918032,789.7578767221858,1518.6414563732387
2023-10-15 11:00:00,SOLAR-ALPHA-01,1459.4672256035215,26.46827877997814,46.38150644226361,804.2260035582323,1532.4405868836975
2023-10-15 11:15:00,SOLAR-ALPHA-01,1502.8677511514597,27.645604799101378,45.610155773094476,814.0257199263743,1578.0111387090328
2023-10-15 11:30:00,SOLAR-ALPHA-01,1519.0304991737212,27.065660071206047,48.672490943788894,843.9064916296544,1594.9820241324073
2023-10-15 11:45:00,SOLAR-ALPHA-01,1558.9916840288665,28.807390955465095,50.66427819554925,866.538013211421,1636.94126823031
2023-10-15 12:00:00,SOLAR-ALPHA-01,1227.378263323406,30.783139541463633,48.083622527093674,684.823534373349,1288.7471764895763
2023-10-15 12:15:00,SOLAR-ALPHA-01,1517.0149329646654,25.59616560768372,44.89791108451462,823.5599556205575,1592.8656796128987
2023-10-15 12:30:00,SOLAR-ALPHA-01,1491.5343973967529,27.547137003171322,48.876994320547354,818.7846127804228,1566.1111172665906
2023-10-15 12:45:00,SOLAR-ALPHA-01,1415.8679042277738,30.246881647075583,50.103981205722086,780.6978555656611,1486.6612994391626
2023-10-15 13:00:00,SOLAR-ALPHA-01,1526.7723470610247,29.62834255985236,50.29690091808843,843.604863272511,1603.110964414076
2023-10-15 13:15:00,SOLAR-ALPHA-01,1418.0110452414087,28.168703386590153,47.9224680889781,780.7126748539849,1488.9115975034792
2023-10-15 13:30:00,SOLAR-ALPHA-01,1406.0282698245778,32.00791155665752,50.40752281664078,780.5838214224474,1476.3296833158067
2023-10-15 13:45:00,SOLAR-ALPHA-01,1553.7760668967396,29.883616751292276,51.679732367131926,866.8998179617536,1631.4648702415766
2023-10-15 14:00:00,SOLAR-ALPHA-01,1231.1799946234191,30.590693007110435,47.228687062609936,670.1470480947844,1292.7389943545902
2023-10-15 14:15:00,SOLAR-ALPHA-01,1303.9650728833,29.63957766607668,48.09464969830843,715.6493303873842,1369.1633265274652
2023-10-15 14:30:00,SOLAR-ALPHA-01,1157.546943031122,28.630932901293054,45.18154301754655,638.2855899849898,1215.4242901826783
2023-10-15 14:45:00,SOLAR-ALPHA-01,1146.063666254196,26.933668133087032,41.79273411348392,612.7478636968245,1203.366849566906
2023-10-15 15:00:00,SOLAR-ALPHA-01,963.8299663994807,29.974525418445054,44.027282675214096,522.3669723471223,1012.0214647194548
2023-10-15 15:15:00,SOLAR-ALPHA-01,1102.0106414505497,29.051360416566062,44.95986468305382,598.9851723397366,1157.1111735230772
2023-10-15 15:30:00,SOLAR-ALPHA-01,948.1866769297833,30.473162609203953,41.59761806500349,504.49483245385375,995.5960107762725
2023-10-15 15:45:00,SOLAR-ALPHA-01,905.8230220921823,28.80535410180366,43.4059044816315,483.09319189244263,951.1141731967915
2023-10-15 16:00:00,SOLAR-ALPHA-01,904.2081878057796,29.714615112659665,40.725079976650825,479.0912964416444,949.4185971960686
2023-10-15 16:15:00,SOLAR-ALPHA-01,577.5299858612929,31.47928068433095,38.05881868815394,298.4257931741643,606.4064851543575
2023-10-15 16:30:00,SOLAR-ALPHA-01,567.1302754748322,25.975006071436695,30.612906073231297,293.6714221165414,595.4867892485738
2023-10-15 16:45:00,SOLAR-ALPHA-01,519.3016485620177,25.267418934155785,33.182038813869966,272.3204525516788,545.2667309901186
2023-10-15 17:00:00,SOLAR-ALPHA-01,497.55794996628634,23.565127923660775,30.45394886505178,258.5387270325561,522.4358474646007
2023-10-15 17:15:00,SOLAR-ALPHA-01,373.92998869118105,28.877357448827354,34.36039049021903,189.6198749621342,392.62648812574014
2023-10-15 17:30:00,SOLAR-ALPHA-01,0.0,25.26728730501544,28.38357153501304,26.7493117360262,0.0
2023-10-15 17:45:00,SOLAR-ALPHA-01,0.0,28.182897974778992,26.998140087914294,41.54849666293641,0.0
2023-10-15 18:00:00,SOLAR-ALPHA-01,0.0,25.4384616688332,24.85301181865403,0.0,0.0
2023-10-15 18:15:00,SOLAR-ALPHA-01,0.0,21.142975584642627,20.887607707657022,0.0,0.0
2023-10-15 18:30:00,SOLAR-ALPHA-01,0.0,25.554071850899195,25.348554129062148,0.0,0.0
2023-10-15 18:45:00,SOLAR-ALPHA-01,0.0,25.000314163314886,23.59474200539721,0.0,0.0
2023-10-15 19:00:00,SOLAR-ALPHA-01,0.0,20.845566955733215,21.068830494484022,0.0,0.0
2023-10-15 19:15:00,SOLAR-ALPHA-01,0.0,24.202042348493254,24.982138597684873,0.0,0.0
2023-10-15 19:30:00,SOLAR-ALPHA-01,0.0,19.708135337845874,20.772455860825346,0.0,0.0
2023-10-15 19:45:00,SOLAR-ALPHA-01,0.0,21.639006366662493,23.006884669037035,0.0,0.0
2023-10-15 20:00:00,SOLAR-ALPHA-01,0.0,19.934630106867804,22.306257546969384,0.0,0.0
2023-10-15 20:15:00,SOLAR-ALPHA-01,0.0,16.870706985794538,14.635915950751572,0.0,0.0
2023-10-15 20:30:00,SOLAR-ALPHA-01,0.0,19.480234761376657,20.494193740623583,0.0,0.0
2023-10-15 20:45:00,SOLAR-ALPHA-01,0.0,17.098136363916872,17.80900374212656,0.0,0.0
2023-10-15 21:00:00,SOLAR-ALPHA-01,0.0,16.12381441701624,16.1987088637116,0.0,0.0
2023-10-15 21:15:00,SOLAR-ALPHA-01,0.0,14.36130681070211,11.513436826678198,0.0,0.0
2023-10-15 21:30:00,SOLAR-ALPHA-01,0.0,15.060591437256434,14.084418587103862,0.0,0.0
2023-10-15 21:45:00,SOLAR-ALPHA-01,0.0,15.620796688108983,14.982892375404226,0.0,0.0
2023-10-15 22:00:00,SOLAR-ALPHA-01,0.0,17.749691894152498,18.19587835300245,0.0,0.0
2023-10-15 22:15:00,SOLAR-ALPHA-01,0.0,13.459579155334799,12.977034970319677,0.0,0.0
2023-10-15 22:30:00,SOLAR-ALPHA-01,0.0,16.15466284032017,15.991538530150276,0.0,0.0
2023-10-15 22:45:00,SOLAR-ALPHA-01,0.0,13.295102861981892,15.015597697722221,0.0,0.0
2023-10-15 23:00:00,SOLAR-ALPHA-01,0.0,11.36930389468645,11.892752954089293,0.0,0.0
2023-10-15 23:15:00,SOLAR-ALPHA-01,0.0,13.035198483005255,14.526020225311212,0.0,0.0
2023-10-15 23:30:00,SOLAR-ALPHA-01,0.0,13.141376326010997,13.485243534689216,0.0,0.0
2023-10-15 23:45:00,SOLAR-ALPHA-01,0.0,11.297775501375252,10.648336496325467,0.0,0.0
2023-10-16 00:00:00,SOLAR-ALPHA-01,0.0,11.252630167178664,12.453085375159041,0.0,0.0
2023-10-16 00:15:00,SOLAR-ALPHA-01,0.0,10.0,9.709767184225083,0.0,0.0
2023-10-16 00:30:00,SOLAR-ALPHA-01,0.0,10.0,10.199269004763442,0.0,0.0
2023-10-16 00:45:00,SOLAR-ALPHA-01,0.0,10.0,9.67478069862002,0.0,0.0
2023-10-16 01:00:00,SOLAR-ALPHA-01,0.0,11.53916166662745,12.370592153068754,0.0,0.0
2023-10-16 01:15:00,SOLAR-ALPHA-01,0.0,13.165966984434395,14.4029096406027,0.0,0.0
2023-10-16 01:30:00,SOLAR-ALPHA-01,0.0,10.838296069330138,11.669419161443582,0.0,0.0
2023-10-16 01:45:00,SOLAR-ALPHA-01,0.0,11.668407308574691,10.461216424907025,0.0,0.0
2023-10-16 02:00:00,SOLAR-ALPHA-01,0.0,12.64769492819326,11.378350754719477,0.0,0.0
2023-10-16 02:15:00,SOLAR-ALPHA-01,0.0,10.748756504162813,10.025564615653284,0.0,0.0
2023-10-16 02:30:00,SOLAR-ALPHA-01,0.0,11.03955727086638,11.010681177678938,0.0,0.0
2023-10-16 02:45:00,SOLAR-ALPHA-01,0.0,10.0,9.539806652053574,0.0,0.0
2023-10-16 03:00:00,SOLAR-ALPHA-01,0.0,10.0,8.841276765569635,0.0,0.0
2023-10-16 03:15:00,SOLAR-ALPHA-01,0.0,11.29843754658852,10.027099927972067,0.0,0.0
2023-10-16 03:30:00,SOLAR-ALPHA-01,0.0,10.0,10.1017353004847,0.0,0.0
2023-10-16 03:45:00,SOLAR-ALPHA-01,0.0,10.233963807321908,10.121696823018498,0.0,0.0
2023-10-16 04:00:00,SOLAR-ALPHA-01,0.0,13.25874522030874,13.191727280567237,0.0,0.0
2023-10-16 04:15:00,SOLAR-ALPHA-01,0.0,12.312047637306064,11.501286595725388,0.0,0.0
2023-10-16 04:30:00,SOLAR-ALPHA-01,0.0,10.78431402577577,9.829413929591933,0.0,0.0
2023-10-16 04:45:00,SOLAR-ALPHA-01,0.0,11.081994707692878,10.357158162167153,0.0,0.0
2023-10-16 05:00:00,SOLAR-ALPHA-01,0.0,10.43204422534243,10.621502698937716,0.0,0.0
2023-10-16 05:15:00,SOLAR-ALPHA-01,0.0,15.409198668235167,16.241441335650837,0.0,0.0
2023-10-16 05:30:00,SOLAR-ALPHA-01,0.0,15.825687190429566,15.840909107338115,0.0,0.0
2023-10-16 05:45:00,SOLAR-ALPHA-01,0.0,12.59905206616794,11.472090172896646,0.0,0.0
2023-10-16 06:00:00,SOLAR-ALPHA-01,0.0,18.97257904899808,17.527005754725124,0.0,0.0
2023-10-16 06:15:00,SOLAR-ALPHA-01,0.0,13.560758685607365,14.505621695880915,5.826814330400751,0.0
2023-10-16 06:30:00,SOLAR-ALPHA-01,287.52067167381415,13.950366415595067,20.075924829997223,138.32133400696557,301.8967052575049
2023-10-16 06:45:00,SOLAR-ALPHA-01,334.2255722742796,15.732100856855082,17.93172403959361,156.10931927905358,350.9368508879936
2023-10-16 07:00:00,SOLAR-ALPHA-01,487.75288081246686,19.965198790946488,25.045435338322317,242.9438967107801,512.1405248530903
2023-10-16 07:15:00,SOLAR-ALPHA-01,603.201381960349,18.619126300275436,25.205735020398425,298.07887950764604,633.3614510583665
2023-10-16 07:30:00,SOLAR-ALPHA-01,536.1797820890578,22.606797189166997,30.068844881264152,271.3702544102791,562.9887711935107
2023-10-16 07:45:00,SOLAR-ALPHA-01,661.0360056834719,20.69657237313042,29.218478344255733,334.42873857078615,694.0878059676455
2023-10-16 08:00:00,SOLAR-ALPHA-01,554.0726869929431,21.144941135282203,28.47052707310325,278.81142179224355,581.7763213425902
2023-10-16 08:15:00,SOLAR-ALPHA-01,819.6033537310012,21.53269799165404,32.82033452587338,419.93335244064,860.5835214175513
2023-10-16 08:30:00,SOLAR-ALPHA-01,778.5941150846312,22.695395055899574,31.018556749128013,395.0268072847054,817.5238208388628
2023-10-16 08:45:00,SOLAR-ALPHA-01,1072.978599484442,21.147464990686192,34.2284378226447,547.7645120584831,1126.6275294586642
2023-10-16 09:00:00,SOLAR-ALPHA-01,1100.9674878370529,24.999316494285125,39.94025865871684,592.1919221981702,1156.0158622289057
2023-10-16 09:15:00,SOLAR-ALPHA-01,1169.091966515047,24.412452082273674,39.50270396348958,616.3244367213686,1227.5465648407994
2023-10-16 09:30:00,SOLAR-ALPHA-01,1269.108368361086,21.762495690997614,38.500024987725055,672.473528111368,1332.5637867791402
2023-10-16 09:45:00,SOLAR-ALPHA-01,1263.1915871907008,25.378404966259566,41.93296733727003,664.3666512310042,1326.351166550236
2023-10-16 10:00:00,SOLAR-ALPHA-01,1291.5983164513002,22.433607673006254,39.5681642256387,674.7438796892974,1356.1782322738652
2023-10-16 10:15:00,SOLAR-ALPHA-01,1327.3607947991834,22.835016783801407,39.81491715446594,697.842318904262,1393.7288345391426
2023-10-16 10:30:00,SOLAR-ALPHA-01,1253.9415959748194,28.100365320741766,44.38727552313738,682.7768525992261,1316.6386757735604
2023-10-16 10:45:00,SOLAR-ALPHA-01,1275.9024150996045,29.14463127312112,46.992551709671226,694.1507107996719,1339.6975358545847
2023-10-16 11:00:00,SOLAR-ALPHA-01,1574.3961421863526,25.97380072470725,45.527314416283915,853.1866751929931,1653.1159492956704
2023-10-16 11:15:00,SOLAR-ALPHA-01,1286.7984446860514,25.13443977224624,43.30889252649035,708.1242309164327,1351.138366920354
2023-10-16 11:30:00,SOLAR-ALPHA-01,1444.1223242111507,29.66808158205295,51.76157544035133,801.6754267568384,1516.3284404217084
2023-10-16 11:45:00,SOLAR-ALPHA-01,1431.5834982537438,29.615384555133595,47.86914377279746,785.8634974152146,1503.162673166431
2023-10-16 12:00:00,SOLAR-ALPHA-01,1547.1865289621041,30.50544020521164,51.833518849102,870.8151837252683,1624.5458554102095
2023-10-16 12:15:00,SOLAR-ALPHA-01,1472.5889245216777,28.37935265143097,49.43631849671867,808.1268937340624,1546.2183707477616
2023-10-16 12:30:00,SOLAR-ALPHA-01,1381.0189529849551,28.872759120267954,48.87347198783309,767.0469967077805,1450.069900634203
2023-10-16 12:45:00,SOLAR-ALPHA-01,1600.9299464182488,28.973495748031468,50.723621779461375,881.2091973110059,1680.9764437391614
2023-10-16 13:00:00,SOLAR-ALPHA-01,1353.1819682719843,31.342182504973273,49.57055446289047,742.2784652399088,1420.8410666855834
2023-10-16 13:15:00,SOLAR-ALPHA-01,1404.8755286065389,34.950142723673444,53.98596572698254,788.7659655761269,1475.1193050368659
2023-10-16 13:30:00,SOLAR-ALPHA-01,1472.7640455637727,30.98264244190469,52.50497905068323,821.06465621857,1546.4022478419613
2023-10-16 13:45:00,SOLAR-ALPHA-01,1416.2493001341595,26.257404147730504,47.06024400741931,767.5819465801452,1487.0617651408675
2023-10-16 14:00:00,SOLAR-ALPHA-01,1336.650794984012,27.71113152758917,45.56928298230369,731.475400572867,1403.4833347332126
2023-10-16 14:15:00,SOLAR-ALPHA-01,1352.4009002799805,30.36973316320847,49.62677170458211,747.8802764848526,1420.0209452939796
2023-10-16 14:30:00,SOLAR-ALPHA-01,1346.2196069743316,31.996583999674705,50.77889420346084,752.2191821223246,1413.5305873230482
2023-10-16 14:45:00,SOLAR-ALPHA-01,1147.1540772213086,28.916446788982288,43.26385231076948,617.7119809942494,1204.511781082374
