timestamp,asset_id,actual_power,ambient_temp_c,module_temp_c,irradiance_wm2,DC_POWER
2023-10-01 00:00:00,SOLAR-BETA-02,0.0,13.609937938281686,13.594649163761703,0.0,0.0
2023-10-01 00:15:00,SOLAR-BETA-02,0.0,12.62881774120783,10.900914439047419,0.0,0.0
2023-10-01 00:30:00,SOLAR-BETA-02,0.0,11.33010237725835,13.765398048501783,0.0,0.0
2023-10-01 00:45:00,SOLAR-BETA-02,0.0,13.471871630110353,14.56176483069764,0.0,0.0
2023-10-01 01:00:00,SOLAR-BETA-02,0.0,11.917857453558755,12.062452573222576,0.0,0.0
2023-10-01 01:15:00,SOLAR-BETA-02,0.0,10.0,10.092281053972872,0.0,0.0
2023-10-01 01:30:00,SOLAR-BETA-02,0.0,14.121459936328126,14.786259327358678,0.0,0.0
2023-10-01 01:45:00,SOLAR-BETA-02,0.0,10.0,10.460618787681172,0.0,0.0
2023-10-01 02:00:00,SOLAR-BETA-02,0.0,10.0,10.155853172916386,0.0,0.0
2023-10-01 02:15:00,SOLAR-BETA-02,0.0,12.200718519511897,12.705202348960196,0.0,0.0
2023-10-01 02:30:00,SOLAR-BETA-02,0.0,10.73785008764976,10.800614036567993,0.0,0.0
2023-10-01 02:45:00,SOLAR-BETA-02,0.0,10.0,10.83968410677759,0.0,0.0
2023-10-01 03:00:00,SOLAR-BETA-02,0.0,10.0,8.956790484346126,0.0,0.0
2023-10-01 03:15:00,SOLAR-BETA-02,0.0,10.0,9.248709319541707,0.0,0.0
2023-10-01 03:30:00,SOLAR-BETA-02,0.0,11.549320022876495,10.603836628192713,0.0,0.0
2023-10-01 03:45:00,SOLAR-BETA-02,0.0,13.733652707285264,15.664927388735189,0.0,0.0
2023-10-01 04:00:00,SOLAR-BETA-02,0.0,11.51710498109859,10.56938305693061,0.0,0.0
2023-10-01 04:15:00,SOLAR-BETA-02,0.0,11.798732850533096,11.935920843909026,0.0,0.0
2023-10-01 04:30:00,SOLAR-BETA-02,0.0,11.513997633288131,11.584519354830132,0.0,0.0
2023-10-01 04:45:00,SOLAR-BETA-02,0.0,14.632778940170429,15.516693755774655,0.0,0.0
2023-10-01 05:00:00,SOLAR-BETA-02,0.0,12.751559747179417,12.707286522738281,0.0,0.0
2023-10-01 05:15:00,SOLAR-BETA-02,0.0,15.186701703734428,16.110205243321925,0.0,0.0
2023-10-01 05:30:00,SOLAR-BETA-02,0.0,13.836218355518396,11.171777968142749,0.0,0.0
2023-10-01 05:45:00,SOLAR-BETA-02,0.0,12.583629400982772,13.915617510402207,0.0,0.0
2023-10-01 06:00:00,SOLAR-BETA-02,0.0,14.471684343065219,15.148985458411799,35.63024619584891,0.0
2023-10-01 06:15:00,SOLAR-BETA-02,318.36298511604,16.028022048299793,21.116027738751075,160.6721296656301,334.28113437184203
2023-10-01 06:30:00,SOLAR-BETA-02,184.38667213991755,16.345984870799015,16.82720729050199,91.33548163291275,193.60600574691344
2023-10-01 06:45:00,SOLAR-BETA-02,321.24738113106525,16.220386501539252,19.668610305554743,154.33545268826828,337.30975018761853
2023-10-01 07:00:00,SOLAR-BETA-02,205.53322436705918,14.868197206565934,18.630451255393965,103.36074398065091,215.80988558541213
2023-10-01 07:15:00,SOLAR-BETA-02,464.6080510349814,16.13709553302082,22.048843786759214,228.4637040207877,487.83845358673045
2023-10-01 07:30:00,SOLAR-BETA-02,370.9630328803774,20.05968257273534,23.980668557238427,174.7918431251212,389.5111845243963
2023-10-01 07:45:00,SOLAR-BETA-02,911.9738749468994,15.135694463451852,25.72754925221621,454.13495898613206,957.5725686942444
2023-10-01 08:00:00,SOLAR-BETA-02,846.1016479277735,20.224452118137307,32.419639257569784,436.8671220437557,888.4067303241621
2023-10-01 08:15:00,SOLAR-BETA-02,757.3019021102671,19.952145153913772,29.59252354222176,384.5972316426973,795.1669972157805
2023-10-01 08:30:00,SOLAR-BETA-02,921.7176307830172,19.256328321373594,31.127227363419156,477.4521599967614,967.8035123221681
2023-10-01 08:45:00,SOLAR-BETA-02,1009.7614718907213,20.848027841912305,33.93229957181476,516.8904279408537,1060.2495454852574
2023-10-01 09:00:00,SOLAR-BETA-02,1179.3183587051703,23.76548513379,39.24878028710009,621.3928059133589,1238.284276640429
2023-10-01 09:15:00,SOLAR-BETA-02,1235.4208226131127,23.760106505010533,39.58202881333858,652.4167295830007,1297.1918637437684
2023-10-01 09:30:00,SOLAR-BETA-02,1191.8163696805232,24.209127432903987,40.536414343033016,636.0621204162329,1251.4071881645493
2023-10-01 09:45:00,SOLAR-BETA-02,1285.9217991033138,25.713579477227906,44.1017298206171,693.2442662196876,1350.2178890584796
2023-10-01 10:00:00,SOLAR-BETA-02,1259.364924587507,23.588076549853188,41.08834448063814,679.585690513919,1322.3331708168823
2023-10-01 10:15:00,SOLAR-BETA-02,1504.988319324555,24.897786823653792,43.84911607585428,814.1777564189944,1580.237735290783
2023-10-01 10:30:00,SOLAR-BETA-02,1319.6623314070766,25.568162530529516,45.635251465227284,711.7985228637123,1385.6454479774304
2023-10-01 10:45:00,SOLAR-BETA-02,1455.1290294929602,28.359562827965807,49.50515037856287,807.2491765374477,1527.8854809676081
2023-10-01 11:00:00,SOLAR-BETA-02,1460.0142526102102,28.34894625756633,48.45910005127811,801.5699717553682,1533.0149652407208
2023-10-01 11:15:00,SOLAR-BETA-02,1389.7304614649963,26.603995652320865,44.31204908738075,754.2333109388641,1459.2169845382462
2023-10-01 11:30:00,SOLAR-BETA-02,1480.159646775506,23.550339316406554,42.61996039673501,793.5208960377674,1554.1676291142812
2023-10-01 11:45:00,SOLAR-BETA-02,1328.545696479922,32.01541333987838,52.49705759268055,750.4677954340383,1394.9729813039182
2023-10-01 12:00:00,SOLAR-BETA-02,1445.1707236480706,29.98302113526721,49.24302904733476,803.2593896104273,1517.4292598304742
2023-10-01 12:15:00,SOLAR-BETA-02,1501.374393261852,29.606919275756706,50.24425681049432,834.4877694550469,1576.4431129249447
2023-10-01 12:30:00,SOLAR-BETA-02,1320.4921663784771,28.229444211464635,46.97144715290729,715.557040827755,1386.516774697401
2023-10-01 12:45:00,SOLAR-BETA-02,1379.123143006297,29.488839667847586,47.61717500476295,757.9322961660339,1448.079300156612
2023-10-01 13:00:00,SOLAR-BETA-02,1304.5736886490192,31.038019916175195,49.02207957580275,717.7351081555292,1369.8023730814703
2023-10-01 13:15:00,SOLAR-BETA-02,1191.5752750712224,30.342258073499224,47.87635751924472,654.7038671853012,1251.1540388247836
2023-10-01 13:30:00,SOLAR-BETA-02,1330.0195550385984,28.906942354721807,46.67377217329334,732.9931692768095,1396.5205327905283
2023-10-01 13:45:00,SOLAR-BETA-02,1382.555202521884,30.626364271405073,51.23421941238411,775.5200834001034,1451.6829626479782
2023-10-01 14:00:00,SOLAR-BETA-02,1187.8613582398116,27.412754094685127,43.974217824714785,649.5746702866332,1247.2544261518021
2023-10-01 14:15:00,SOLAR-BETA-02,1145.6954850174104,31.745237764520663,47.743119306662074,623.35680070484,1202.980259268281
2023-10-01 14:30:00,SOLAR-BETA-02,1167.7100409321151,25.286515065320508,42.16913660579876,623.9014290972726,1226.095542978721
2023-10-01 14:45:00,SOLAR-BETA-02,1098.7657999929806,29.150818055951312,42.660743462186716,590.5612432672173,1153.7040899926296
2023-10-01 15:00:00,SOLAR-BETA-02,845.7766285895889,27.499282834076293,40.403235981980835,444.46730749327753,888.0654600190684
2023-10-01 15:15:00,SOLAR-BETA-02,815.3142775201758,28.699025373406627,41.504735309445834,437.5103579553077,856.0799913961846
2023-10-01 15:30:00,SOLAR-BETA-02,1023.5274095376496,26.218335610292076,39.56613920662463,553.9999002150525,1074.7037800145322
2023-10-01 15:45:00,SOLAR-BETA-02,823.8673196884887,30.30380221882622,43.75562886671119,449.80688977270813,865.0606856729131
2023-10-01 16:00:00,SOLAR-BETA-02,788.5725273610753,31.829535706443956,42.13810712442794,411.6332982428642,828.0011537291291
2023-10-01 16:15:00,SOLAR-BETA-02,675.9735570034661,27.60707720802336,34.423150696435314,350.8887872009944,709.7722348536395
2023-10-01 16:30:00,SOLAR-BETA-02,717.4668910883731,29.67892408315767,39.612555340116565,380.9464310300859,753.3402356427919
2023-10-01 16:45:00,SOLAR-BETA-02,496.91402531989087,26.486643326258253,32.2138648527013,250.8722552165718,521.7597265858855
2023-10-01 17:00:00,SOLAR-BETA-02,204.73400628491382,29.050600775767084,31.844065736205263,99.92160635966843,214.9707065991595
2023-10-01 17:15:00,SOLAR-BETA-02,214.43059937714438,26.378065147389957,30.863261673827356,116.39764051048301,225.1521293460016
2023-10-01 17:30:00,SOLAR-BETA-02,320.96982681234937,23.85533659578517,25.698228663828196,162.7444768002046,337.01831815296686
2023-10-01 17:45:00,SOLAR-BETA-02,173.60851886995067,21.528211804597113,22.959766693417027,85.90072636478439,182.2889448134482
2023-10-01 18:00:00,SOLAR-BETA-02,0.0,23.303381151795644,24.901921454801023,0.0,0.0
2023-10-01 18:15:00,SOLAR-BETA-02,0.0,27.831602055328553,29.706199350907102,0.0,0.0
2023-10-01 18:30:00,SOLAR-BETA-02,0.0,21.40191276754218,22.071193364326216,0.0,0.0
2023-10-01 18:45:00,SOLAR-BETA-02,0.0,23.76016069698395,22.808317731896885,0.0,0.0
2023-10-01 19:00:00,SOLAR-BETA-02,0.0,23.129716216321693,22.708213363483008,0.0,0.0
2023-10-01 19:15:00,SOLAR-BETA-02,0.0,20.047871959125526,20.767144442331222,0.0,0.0
2023-10-01 19:30:00,SOLAR-BETA-02,0.0,23.222385851263798,24.426122796539843,0.0,0.0
2023-10-01 19:45:00,SOLAR-BETA-02,0.0,20.928434299887144,20.627786151688145,0.0,0.0
2023-10-01 20:00:00,SOLAR-BETA-02,0.0,19.123839326050962,18.914106225527682,0.0,0.0
2023-10-01 20:15:00,SOLAR-BETA-02,0.0,16.62308244672821,16.004716951751355,0.0,0.0
2023-10-01 20:30:00,SOLAR-BETA-02,0.0,20.551151989663396,21.022973303150856,0.0,0.0
2023-10-01 20:45:00,SOLAR-BETA-02,0.0,18.417690962121345,17.537196361587,0.0,0.0
2023-10-01 21:00:00,SOLAR-BETA-02,0.0,19.205487610098416,17.30140522735068,0.0,0.0
2023-10-01 21:15:00,SOLAR-BETA-02,0.0,13.164737056310209,12.168032542751572,0.0,0.0
2023-10-01 21:30:00,SOLAR-BETA-02,0.0,19.43235747020885,18.809819423431257,0.0,0.0
2023-10-01 21:45:00,SOLAR-BETA-02,0.0,18.304836918353242,17.475663142238695,0.0,0.0
2023-10-01 22:00:00,SOLAR-BETA-02,0.0,16.00899367329695,17.154855597892578,0.0,0.0
2023-10-01 22:15:00,SOLAR-BETA-02,0.0,12.14200078121825,12.587785025360523,0.0,0.0
2023-10-01 22:30:00,SOLAR-BETA-02,0.0,12.714777620794827,10.568809306994186,0.0,0.0
2023-10-01 22:45:00,SOLAR-BETA-02,0.0,12.175821869274051,12.387837829689202,0.0,0.0
2023-10-01 23:00:00,SOLAR-BETA-02,0.0,13.53155302430243,14.92875671939222,0.0,0.0
2023-10-01 23:15:00,SOLAR-BETA-02,0.0,13.643910434898823,14.402507609306598,0.0,0.0
2023-10-01 23:30:00,SOLAR-BETA-02,0.0,10.52599173503814,11.329909618954186,0.0,0.0
2023-10-01 23:45:00,SOLAR-BETA-02,0.0,11.773960880948026,11.751691049043325,0.0,0.0
2023-10-02 00:00:00,SOLAR-BETA-02,0.0,10.923253906132452,12.617850270890438,0.0,0.0
2023-10-02 00:15:00,SOLAR-BETA-02,0.0,12.064161679171008,12.146482703773163,0.0,0.0
2023-10-02 00:30:00,SOLAR-BETA-02,0.0,13.373786692696223,13.569968916219697,0.0,0.0
2023-10-02 00:45:00,SOLAR-BETA-02,0.0,12.584022226422315,12.51498609818981,0.0,0.0
2023-10-02 01:00:00,SOLAR-BETA-02,0.0,10.618921166709853,9.810828604829066,0.0,0.0
2023-10-02 01:15:00,SOLAR-BETA-02,0.0,12.188241255562076,12.064858277896551,0.0,0.0
2023-10-02 01:30:00,SOLAR-BETA-02,0.0,12.115992337932337,14.143349274815254,0.0,0.0
2023-10-02 01:45:00,SOLAR-BETA-02,0.0,10.0,12.028212069006896,0.0,0.0
2023-10-02 02:00:00,SOLAR-BETA-02,0.0,12.477815725143554,11.02678983599441,0.0,0.0
2023-10-02 02:15:00,SOLAR-BETA-02,0.0,10.0,8.856335776732944,0.0,0.0
2023-10-02 02:30:00,SOLAR-BETA-02,0.0,12.689403861609657,11.165474494463842,0.0,0.0
2023-10-02 02:45:00,SOLAR-BETA-02,0.0,10.0,8.503134394668725,0.0,0.0
2023-10-02 03:00:00,SOLAR-BETA-02,0.0,12.783523191008557,13.251106468109814,0.0,0.0
2023-10-02 03:15:00,SOLAR-BETA-02,0.0,10.0,9.305697230225446,0.0,0.0
2023-10-02 03:30:00,SOLAR-BETA-02,0.0,11.300575239662116,10.904001101977153,0.0,0.0
2023-10-02 03:45:00,SOLAR-BETA-02,0.0,13.595606018816223,13.386011424775692,0.0,0.0
2023-10-02 04:00:00,SOLAR-BETA-02,0.0,12.496670698870565,10.9495512735356,0.0,0.0
2023-10-02 04:15:00,SOLAR-BETA-02,0.0,12.876093300094936,11.427971152099323,0.0,0.0
2023-10-02 04:30:00,SOLAR-BETA-02,0.0,10.753201135147187,10.887356715860843,0.0,0.0
2023-10-02 04:45:00,SOLAR-BETA-02,0.0,10.0,10.488524629763477,0.0,0.0
2023-10-02 05:00:00,SOLAR-BETA-02,0.0,15.235507870487185,14.25294633238296,0.0,0.0
2023-10-02 05:15:00,SOLAR-BETA-02,0.0,10.380514702899335,9.723528961223945,0.0,0.0
2023-10-02 05:30:00,SOLAR-BETA-02,0.0,14.18664112969095,13.378899875749534,0.0,0.0
2023-10-02 05:45:00,SOLAR-BETA-02,0.0,11.602240522545795,11.60907834805274,0.0,0.0
2023-10-02 06:00:00,SOLAR-BETA-02,0.0,14.947163658753507,15.023685307679306,0.0,0.0
2023-10-02 06:15:00,SOLAR-BETA-02,229.52514797841818,12.174600777203487,15.286928543558188,112.96618074381541,241.0014053773391
2023-10-02 06:30:00,SOLAR-BETA-02,193.07167867127572,10.659658017622874,11.022648749440254,90.71017044113691,202.72526260483951
2023-10-02 06:45:00,SOLAR-BETA-02,381.48463750222913,12.752873480130178,16.803900630365668,192.55968247021005,400.5588693773406
2023-10-02 07:00:00,SOLAR-BETA-02,298.8614269827703,14.2508872601475,18.060251964861443,148.43155371015794,313.8044983319088
2023-10-02 07:15:00,SOLAR-BETA-02,415.49961544099824,15.270909347876472,21.31552188573279,205.1122874167289,436.2745962130482
2023-10-02 07:30:00,SOLAR-BETA-02,655.4934450505573,18.313626881610045,26.831673666013067,321.7103547644306,688.2681173030852
2023-10-02 07:45:00,SOLAR-BETA-02,761.1447123233187,19.401402606657232,28.282881584123253,384.2991745930809,799.2019479394846
2023-10-02 08:00:00,SOLAR-BETA-02,903.4026448252962,19.105359495813058,30.01326996688271,460.2660946531096,948.572777066561
2023-10-02 08:15:00,SOLAR-BETA-02,675.3063581684672,19.088438318839792,28.509664524458575,346.69631781935414,709.0716760768906
2023-10-02 08:30:00,SOLAR-BETA-02,1039.1309266737708,18.01953132951485,33.51339633255042,537.9382625999012,1091.0874730074593
2023-10-02 08:45:00,SOLAR-BETA-02,1012.1348002134356,22.514972608696038,36.922344817153785,524.8963348184199,1062.7415402241074
2023-10-02 09:00:00,SOLAR-BETA-02,1183.631921874792,25.72793464375338,40.20935585465055,624.0960577518179,1242.8135179685316
2023-10-02 09:15:00,SOLAR-BETA-02,1082.0685273724337,23.231221783834034,38.655286872545794,584.2273236010582,1136.1719537410554
2023-10-02 09:30:00,SOLAR-BETA-02,1071.6677342875264,25.74085292518514,39.68617473492055,575.6419138790716,1125.2511210019027
2023-10-02 09:45:00,SOLAR-BETA-02,1005.4754719469208,23.63315981521092,36.8678284449571,530.3121285369763,1055.7492455442668
2023-10-02 10:00:00,SOLAR-BETA-02,1418.46096152019,20.864852931052773,40.35923696359739,755.5618636381894,1489.3840095961996
2023-10-02 10:15:00,SOLAR-BETA-02,1262.280812218637,27.073411021094113,43.30383118786074,682.616278408784,1325.394852829569
2023-10-02 10:30:00,SOLAR-BETA-02,1277.8801921177176,27.373896430708793,43.597989250766155,671.9085087143669,1341.7742017236035
2023-10-02 10:45:00,SOLAR-BETA-02,1475.9840125738317,28.29062169523564,49.24069221542833,824.4264692216302,1549.7832132025233
2023-10-02 11:00:00,SOLAR-BETA-02,1431.1176652540623,28.05875843848093,48.536066195131774,788.7752314239938,1502.6735485167655
2023-10-02 11:15:00,SOLAR-BETA-02,1460.8484582274775,26.673998461012886,46.3577514743179,793.6547467901477,1533.8908811388515
2023-10-02 11:30:00,SOLAR-BETA-02,1486.7394336088382,26.126866131320437,46.262221923637085,814.2594243431628,1561.0764052892803
2023-10-02 11:45:00,SOLAR-BETA-02,1472.4582148737513,24.448537410159783,43.25136993325824,791.7517839274664,1546.081125617439
2023-10-02 12:00:00,SOLAR-BETA-02,1393.4629762493978,27.215015622974704,47.37466783249479,771.8419030684639,1463.1361250618677
2023-10-02 12:15:00,SOLAR-BETA-02,1389.8320325273219,26.054405638877636,44.06613490035084,749.2577363495669,1459.323634153688
2023-10-02 12:30:00,SOLAR-BETA-02,1489.3623514815727,27.49899799242613,48.59708304966406,822.5903120760594,1563.8304690556513
2023-10-02 12:45:00,SOLAR-BETA-02,1327.4158504343204,29.77286136168101,49.44040464952012,739.4185084418448,1393.7866429560365
2023-10-02 13:00:00,SOLAR-BETA-02,1373.1986566666092,26.61487305425761,46.678952360656844,754.8045913510457,1441.8585894999396
2023-10-02 13:15:00,SOLAR-BETA-02,1380.8690085801848,26.664858463894994,45.23782356450601,753.747983500775,1449.912459009194
2023-10-02 13:30:00,SOLAR-BETA-02,1445.8216321899802,26.71020943168982,44.88943268184514,778.0060790000409,1518.1127137994793
2023-10-02 13:45:00,SOLAR-BETA-02,1273.139832090205,31.06850658664569,44.93846610895973,680.2683335683796,1336.7968236947152
2023-10-02 14:00:00,SOLAR-BETA-02,1211.8160569903866,30.289874701420718,47.39949036574716,661.7045387244233,1272.406859839906
2023-10-02 14:15:00,SOLAR-BETA-02,1233.31722490131,32.24824660116484,48.59314116826394,671.1494602049933,1294.9830861463756
2023-10-02 14:30:00,SOLAR-BETA-02,1234.6602535080751,31.502778725526166,47.0804773141261,676.682117230163,1296.393266183479
2023-10-02 14:45:00,SOLAR-BETA-02,1084.7047016079553,33.01612907177879,46.9755531910016,597.8772342504936,1138.939936688353
2023-10-02 15:00:00,SOLAR-BETA-02,1122.6858737121572,29.793149272251764,44.9150220685047,619.5870890365397,1178.820167397765
2023-10-02 15:15:00,SOLAR-BETA-02,1069.2495601942383,30.91941318210027,46.368928538447676,584.4159717069863,1122.7120382039502
2023-10-02 15:30:00,SOLAR-BETA-02,936.4495436654144,30.20802657912473,42.849069966310665,492.2455371231038,983.2720208486851
2023-10-02 15:45:00,SOLAR-BETA-02,751.4601349340867,29.642450118203968,41.692317502506,395.2113631014252,789.033141680791
2023-10-02 16:00:00,SOLAR-BETA-02,872.1972262605556,33.07843368025374,43.281442438767165,478.13837007527576,915.8070875735834
2023-10-02 16:15:00,SOLAR-BETA-02,684.0423952702282,29.944802243126915,38.82849397754807,370.6610783619175,718.2445150337396
2023-10-02 16:30:00,SOLAR-BETA-02,631.8588972926644,27.914473192034368,34.96712536956943,329.40238399960685,663.4518421572977
2023-10-02 16:45:00,SOLAR-BETA-02,488.01336858490237,25.45738106369357,33.26890272447726,246.07817165780546,512.4140370141475
2023-10-02 17:00:00,SOLAR-BETA-02,373.2140620386955,29.444820926309816,36.10116503639945,204.01618086216558,391.8747651406303
2023-10-02 17:15:00,SOLAR-BETA-02,222.91382909806654,28.25972394483579,31.248976535784642,120.81940206280804,234.05952055296987
2023-10-02 17:30:00,SOLAR-BETA-02,310.93605797837637,28.039309725048795,32.59402494325328,166.15375510830356,326.4828608772952
2023-10-02 17:45:00,SOLAR-BETA-02,0.0,26.352787067181445,26.9818729654841,35.8620898983052,0.0
2023-10-02 18:00:00,SOLAR-BETA-02,0.0,22.988304999331245,22.809781749102704,12.810969579868198,0.0
2023-10-02 18:15:00,SOLAR-BETA-02,0.0,26.147776979233917,24.871359600668892,0.0,0.0
2023-10-02 18:30:00,SOLAR-BETA-02,0.0,23.288339961477178,23.808805436852445,0.0,0.0
2023-10-02 18:45:00,SOLAR-BETA-02,0.0,24.808742899786395,24.630263203975517,0.0,0.0
2023-10-02 19:00:00,SOLAR-BETA-02,0.0,23.36632723010306,22.103626648137936,0.0,0.0
2023-10-02 19:15:00,SOLAR-BETA-02,0.0,22.989408540404074,22.583327309901346,0.0,0.0
2023-10-02 19:30:00,SOLAR-BETA-02,0.0,20.363356791584074,20.647441570150608,0.0,0.0
2023-10-02 19:45:00,SOLAR-BETA-02,0.0,20.792813173918518,21.620905552112035,0.0,0.0
2023-10-02 20:00:00,SOLAR-BETA-02,0.0,21.765788803549455,22.137456989578887,0.0,0.0
2023-10-02 20:15:00,SOLAR-BETA-02,0.0,22.965828825871938,22.397708599420366,0.0,0.0
2023-10-02 20:30:00,SOLAR-BETA-02,0.0,20.322024631486627,20.511891149870905,0.0,0.0
2023-10-02 20:45:00,SOLAR-BETA-02,0.0,18.333761351327595,18.55157912517223,0.0,0.0
2023-10-02 21:00:00,SOLAR-BETA-02,0.0,18.094169886068137,18.560880181990903,0.0,0.0
2023-10-02 21:15:00,SOLAR-BETA-02,0.0,14.948538659114142,14.85779398708237,0.0,0.0
2023-10-02 21:30:00,SOLAR-BETA-02,0.0,17.605023012120864,16.778257717675015,0.0,0.0
2023-10-02 21:45:00,SOLAR-BETA-02,0.0,13.085042740382374,14.45048387299052,0.0,0.0
2023-10-02 22:00:00,SOLAR-BETA-02,0.0,12.027179972708248,11.826502540609757,0.0,0.0
2023-10-02 22:15:00,SOLAR-BETA-02,0.0,11.071189388120448,11.724899194289215,0.0,0.0
2023-10-02 22:30:00,SOLAR-BETA-02,0.0,15.201542903224334,16.376107169426838,0.0,0.0
2023-10-02 22:45:00,SOLAR-BETA-02,0.0,12.945569801538905,12.756495612649397,0.0,0.0
2023-10-02 23:00:00,SOLAR-BETA-02,0.0,13.118228032782524,14.117231587454285,0.0,0.0
2023-10-02 23:15:00,SOLAR-BETA-02,0.0,11.185011087857324,10.339590345755493,0.0,0.0
2023-10-02 23:30:00,SOLAR-BETA-02,0.0,13.572639645449192,15.5244526925771,0.0,0.0
2023-10-02 23:45:00,SOLAR-BETA-02,0.0,11.064888266059889,11.149885544664576,0.0,0.0
2023-10-03 00:00:00,SOLAR-BETA-02,0.0,12.249325551865747,11.428074653627768,0.0,0.0
2023-10-03 00:15:00,SOLAR-BETA-02,0.0,12.205589778930497,11.836049360377643,0.0,0.0
2023-10-03 00:30:00,SOLAR-BETA-02,0.0,13.79253912375382,13.374739810378301,0.0,0.0
2023-10-03 00:45:00,SOLAR-BETA-02,0.0,10.0,9.777464821972092,0.0,0.0
2023-10-03 01:00:00,SOLAR-BETA-02,0.0,11.253831656330723,12.933514829026246,0.0,0.0
2023-10-03 01:15:00,SOLAR-BETA-02,0.0,10.0,9.47581119954861,0.0,0.0
2023-10-03 01:30:00,SOLAR-BETA-02,0.0,10.319972123944732,9.841931816841951,0.0,0.0
2023-10-03 01:45:00,SOLAR-BETA-02,0.0,13.388264409137937,12.547809750365749,0.0,0.0
2023-10-03 02:00:00,SOLAR-BETA-02,0.0,10.0,8.954088776366508,0.0,0.0
2023-10-03 02:15:00,SOLAR-BETA-02,0.0,10.0,9.189477236888377,0.0,0.0
2023-10-03 02:30:00,SOLAR-BETA-02,0.0,10.0,11.270861276255953,0.0,0.0
2023-10-03 02:45:00,SOLAR-BETA-02,0.0,10.0,11.30131827326711,0.0,0.0
2023-10-03 03:00:00,SOLAR-BETA-02,0.0,11.897258064168108,12.01083823350766,0.0,0.0
2023-10-03 03:15:00,SOLAR-BETA-02,0.0,11.54980692450686,11.820259439751839,0.0,0.0
2023-10-03 03:30:00,SOLAR-BETA-02,0.0,11.249143658766137,10.027925102890144,0.0,0.0
2023-10-03 03:45:00,SOLAR-BETA-02,0.0,11.320469132230556,11.367427893707074,0.0,0.0
2023-10-03 04:00:00,SOLAR-BETA-02,0.0,11.945246060355139,12.035238412298337,0.0,0.0
2023-10-03 04:15:00,SOLAR-BETA-02,0.0,13.001652971199888,12.88916563358096,0.0,0.0
2023-10-03 04:30:00,SOLAR-BETA-02,0.0,10.0,8.494142391014552,0.0,0.0
2023-10-03 04:45:00,SOLAR-BETA-02,0.0,11.058474137703026,11.656384067158813,0.0,0.0
2023-10-03 05:00:00,SOLAR-BETA-02,0.0,13.320797054710985,13.032858964980251,0.0,0.0
2023-10-03 05:15:00,SOLAR-BETA-02,0.0,13.146677468123304,12.780564235661373,0.0,0.0
2023-10-03 05:30:00,SOLAR-BETA-02,0.0,14.538141032179656,14.06832147178044,0.0,0.0
2023-10-03 05:45:00,SOLAR-BETA-02,0.0,13.246706226808728,12.954176974854962,0.0,0.0
2023-10-03 06:00:00,SOLAR-BETA-02,0.0,14.838149448160278,13.32884717074646,0.0,0.0
2023-10-03 06:15:00,SOLAR-BETA-02,198.16849978496373,15.658884072582858,18.669469690796515,92.15259293313137,208.07692477421193
2023-10-03 06:30:00,SOLAR-BETA-02,182.8689246924221,18.32603586724443,20.915391561308756,89.33400854885765,192.0123709270432
2023-10-03 06:45:00,SOLAR-BETA-02,274.45226702371446,16.73462783513226,20.822191066687825,139.86009454960174,288.17488037490017
2023-10-03 07:00:00,SOLAR-BETA-02,634.6089333516969,19.3294979976292,27.236384520792182,320.6652756902802,666.3393800192817
2023-10-03 07:15:00,SOLAR-BETA-02,596.5580399528055,19.836090654634198,25.63520485565341,293.65632924310773,626.3859419504458
2023-10-03 07:30:00,SOLAR-BETA-02,712.1802603272193,16.919493167319676,25.15192086220534,356.0278833450896,747.7892733435804
2023-10-03 07:45:00,SOLAR-BETA-02,571.9434700036165,20.399073076869765,25.903269229432276,280.27633429206736,600.5406435037974
2023-10-03 08:00:00,SOLAR-BETA-02,662.3587287760732,17.850610117339023,25.24664193031765,328.1535150858299,695.4766652148769
2023-10-03 08:15:00,SOLAR-BETA-02,895.1704757582951,20.346474028684476,30.112706129500523,458.5825019665631,939.9289995462099
2023-10-03 08:30:00,SOLAR-BETA-02,884.0184129773679,25.201844139521633,35.48883703865746,458.33435956877537,928.2193336262363
2023-10-03 08:45:00,SOLAR-BETA-02,1087.5225439216015,21.794894634257503,33.942737570268434,555.5337675169992,1141.8986711176817
2023-10-03 09:00:00,SOLAR-BETA-02,1074.9017316681122,20.419462032346743,35.49433696617525,565.0912094373742,1128.646818251518
2023-10-03 09:15:00,SOLAR-BETA-02,1215.7104822050317,22.6180131216486,39.83687743403624,641.2057750958973,1276.4960063152832
2023-10-03 09:30:00,SOLAR-BETA-02,1137.8941099308602,24.01374311830376,38.10480071951606,598.5465046142936,1194.7888154274033
2023-10-03 09:45:00,SOLAR-BETA-02,1178.3814968715255,25.978553586494293,39.1104314767355,630.6612526965889,1237.3005717151018
2023-10-03 10:00:00,SOLAR-BETA-02,1242.6828615168374,23.79201163541035,42.350479055212915,669.5217556392518,1304.8170045926793
2023-10-03 10:15:00,SOLAR-BETA-02,1321.3709245387709,25.588761451609543,44.44557373918064,718.7872437878135,1387.4394707657095
2023-10-03 10:30:00,SOLAR-BETA-02,1439.7188994197384,25.52684777198598,44.72064533949376,788.933258075629,1511.7048443907254
2023-10-03 10:45:00,SOLAR-BETA-02,1481.202659668754,26.002740538148444,44.93618130135258,808.1670850372545,1555.2627926521918
2023-10-03 11:00:00,SOLAR-BETA-02,1329.9034666281352,30.963993915828862,49.22280288421343,741.6420556421115,1396.3986399595422
2023-10-03 11:15:00,SOLAR-BETA-02,1468.0165926327297,26.975358042137728,45.18181958811202,800.0010887832739,1541.4174222643662
2023-10-03 11:30:00,SOLAR-BETA-02,1388.7757387646348,29.284437459869146,48.875323510062316,770.7522962490308,1458.2145257028665
2023-10-03 11:45:00,SOLAR-BETA-02,1601.1999050707982,31.215117984581543,56.048340853172284,923.1769780980195,1681.259900324338
2023-10-03 12:00:00,SOLAR-BETA-02,1452.7740189693943,29.58366847238533,49.63986725096789,808.1923378000648,1525.412719917864
2023-10-03 12:15:00,SOLAR-BETA-02,1337.9073115169576,31.332222375130677,50.66914236334881,754.5887868373424,1404.8026770928057
2023-10-03 12:30:00,SOLAR-BETA-02,1408.9772119153943,29.408444762487083,48.569122212393744,783.4350881787626,1479.426072511164
2023-10-03 12:45:00,SOLAR-BETA-02,1480.5649614502727,29.973110388713792,49.42235341509821,814.8693958533261,1554.5932095227863
2023-10-03 13:00:00,SOLAR-BETA-02,1483.3279727236024,27.527140214389057,47.48478282136892,811.7415573629212,1557.4943713597827
2023-10-03 13:15:00,SOLAR-BETA-02,1421.2641948172795,30.78630112767983,51.46845013818307,784.2583889931722,1492.3274045581436
2023-10-03 13:30:00,SOLAR-BETA-02,1352.5685715263285,31.942835432167307,50.74143829988774,752.7951671209659,1420.197000102645
2023-10-03 13:45:00,SOLAR-BETA-02,1369.4830349249662,28.744920464057873,46.12833522450936,753.8168075777605,1437.9571866712147
2023-10-03 14:00:00,SOLAR-BETA-02,1357.57789597583,30.506334402040917,47.76429745029272,738.1828223158996,1425.4567907746216
2023-10-03 14:15:00,SOLAR-BETA-02,1061.2968940742237,28.322164070053145,43.07293129844843,568.496090402397,1114.361738777935
2023-10-03 14:30:00,SOLAR-BETA-02,1117.477023064931,30.458304878634817,47.099866918504155,615.5133451376726,1173.3508742181775
2023-10-03 14:45:00,SOLAR-BETA-02,1068.301207678429,28.354031345057532,43.06318472715162,588.5763930568681,1121.7162680623503
2023-10-03 15:00:00,SOLAR-BETA-02,1035.6237888428764,27.020186594256362,43.18021601291543,557.7521952167615,1087.4049782850202
2023-10-03 15:15:00,SOLAR-BETA-02,903.3742364116315,27.84338893190367,40.23075460250809,478.8355508095876,948.5429482322131
2023-10-03 15:30:00,SOLAR-BETA-02,773.3885885518253,27.706336508873306,38.30961300037092,404.97364996385403,812.0580179794166
2023-10-03 15:45:00,SOLAR-BETA-02,888.1250493154361,29.092986523390966,40.242860028840425,484.04524042000605,932.5313017812078
2023-10-03 16:00:00,SOLAR-BETA-02,982.3847761816252,28.741269959637318,40.078747643020556,521.899466686078,1031.5040149907065
2023-10-03 16:15:00,SOLAR-BETA-02,600.9825196646232,28.013488284773207,35.06627565837203,323.05208976708695,631.0316456478544
2023-10-03 16:30:00,SOLAR-BETA-02,688.8781324078544,25.026802612509336,35.197496231566426,362.8189318083811,723.3220390282472
2023-10-03 16:45:00,SOLAR-BETA-02,504.768023161928,28.608138518399567,34.35499404215835,259.3493328626399,530.0064243200244
2023-10-03 17:00:00,SOLAR-BETA-02,514.1370414181467,28.185331405536814,35.18026077437935,261.6773430734561,539.8438934890542
2023-10-03 17:15:00,SOLAR-BETA-02,319.6348968989787,27.481979902646753,30.670647017933714,151.89250967725553,335.61664174392763
2023-10-03 17:30:00,SOLAR-BETA-02,278.828649818906,26.201126299602926,31.0240984962291,146.7961142991598,292.7700823098513
2023-10-03 17:45:00,SOLAR-BETA-02,0.0,24.94941628281496,27.149731678811,41.50862028879631,0.0
2023-10-03 18:00:00,SOLAR-BETA-02,0.0,26.588726346145087,25.866561868077742,0.0,0.0
2023-10-03 18:15:00,SOLAR-BETA-02,0.0,23.210110373360017,22.28498040827985,0.0,0.0
2023-10-03 18:30:00,SOLAR-BETA-02,0.0,20.48063676752282,21.687946341113765,0.0,0.0
2023-10-03 18:45:00,SOLAR-BETA-02,0.0,21.020947156192037,20.218199044428076,0.0,0.0
2023-10-03 19:00:00,SOLAR-BETA-02,0.0,23.379937911530483,23.102913266456657,0.0,0.0
2023-10-03 19:15:00,SOLAR-BETA-02,0.0,22.206684262463764,22.044516643584643,0.0,0.0
2023-10-03 19:30:00,SOLAR-BETA-02,0.0,24.017852692258636,23.915012179001018,0.0,0.0
2023-10-03 19:45:00,SOLAR-BETA-02,0.0,21.283726802184805,22.802906792145375,0.0,0.0
2023-10-03 20:00:00,SOLAR-BETA-02,0.0,20.20196183106222,20.506662338159575,0.0,0.0
2023-10-03 20:15:00,SOLAR-BETA-02,0.0,18.43944165230945,17.050332432870025,0.0,0.0
2023-10-03 20:30:00,SOLAR-BETA-02,0.0,19.936055250749657,18.33441391985243,0.0,0.0
2023-10-03 20:45:00,SOLAR-BETA-02,0.0,19.42483226079268,20.650384659891078,0.0,0.0
2023-10-03 21:00:00,SOLAR-BETA-02,0.0,16.99552507520348,16.08082984520598,0.0,0.0
2023-10-03 21:15:00,SOLAR-BETA-02,0.0,17.30349351639725,16.94179204739448,0.0,0.0
2023-10-03 21:30:00,SOLAR-BETA-02,0.0,15.156255178046274,13.616941463813435,0.0,0.0
2023-10-03 21:45:00,SOLAR-BETA-02,0.0,13.385540454416395,15.087011137153977,0.0,0.0
2023-10-03 22:00:00,SOLAR-BETA-02,0.0,15.195713749692368,14.773031355943683,0.0,0.0
2023-10-03 22:15:00,SOLAR-BETA-02,0.0,14.991781487916624,16.214067244257855,0.0,0.0
2023-10-03 22:30:00,SOLAR-BETA-02,0.0,13.78124201843244,15.258210199954625,0.0,0.0
2023-10-03 22:45:00,SOLAR-BETA-02,0.0,16.69673083978144,14.541545800277815,0.0,0.0
2023-10-03 23:00:00,SOLAR-BETA-02,0.0,14.278824159644104,10.418234419190329,0.0,0.0
2023-10-03 23:15:00,SOLAR-BETA-02,0.0,11.880199077820937,10.031001486838889,0.0,0.0
2023-10-03 23:30:00,SOLAR-BETA-02,0.0,10.0,10.691193905366974,0.0,0.0
2023-10-03 23:45:00,SOLAR-BETA-02,0.0,12.56107260632291,13.448165125514246,0.0,0.0
2023-10-04 00:00:00,SOLAR-BETA-02,0.0,11.309567252559116,11.85143202448249,0.0,0.0
2023-10-04 00:15:00,SOLAR-BETA-02,0.0,11.254622965334278,10.689825562371137,0.0,0.0
2023-10-04 00:30:00,SOLAR-BETA-02,0.0,11.324400491208955,11.1053644788018,0.0,0.0
2023-10-04 00:45:00,SOLAR-BETA-02,0.0,11.888590561463566,12.254011992216876,0.0,0.0
2023-10-04 01:00:00,SOLAR-BETA-02,0.0,10.692170310919995,9.74266251417989,0.0,0.0
2023-10-04 01:15:00,SOLAR-BETA-02,0.0,14.156751497979203,13.73760412517538,0.0,0.0
2023-10-04 01:30:00,SOLAR-BETA-02,0.0,10.232284819594081,9.753890042173285,0.0,0.0
2023-10-04 01:45:00,SOLAR-BETA-02,0.0,11.807929890038901,11.339880641417746,0.0,0.0
2023-10-04 02:00:00,SOLAR-BETA-02,0.0,10.213386900743975,12.160461968084446,0.0,0.0
2023-10-04 02:15:00,SOLAR-BETA-02,0.0,10.0,11.079863696082622,0.0,0.0
2023-10-04 02:30:00,SOLAR-BETA-02,0.0,10.492826841845234,10.932917917117482,0.0,0.0
2023-10-04 02:45:00,SOLAR-BETA-02,0.0,10.36490606801235,9.770635014157538,0.0,0.0
2023-10-04 03:00:00,SOLAR-BETA-02,0.0,10.0,8.333163217522312,0.0,0.0
2023-10-04 03:15:00,SOLAR-BETA-02,0.0,10.039311519728335,9.429995719006069,0.0,0.0
2023-10-04 03:30:00,SOLAR-BETA-02,0.0,10.0,12.764410710017781,0.0,0.0
2023-10-04 03:45:00,SOLAR-BETA-02,0.0,10.0,9.45662176946991,0.0,0.0
2023-10-04 04:00:00,SOLAR-BETA-02,0.0,10.405629636035446,10.291207465289634,0.0,0.0
2023-10-04 04:15:00,SOLAR-BETA-02,0.0,10.0,9.242126696857266,0.0,0.0
2023-10-04 04:30:00,SOLAR-BETA-02,0.0,14.08870912508537,15.492136581460478,0.0,0.0
2023-10-04 04:45:00,SOLAR-BETA-02,0.0,11.35980718726075,9.372612917469727,0.0,0.0
2023-10-04 05:00:00,SOLAR-BETA-02,0.0,10.0,11.162081505730423,0.0,0.0
2023-10-04 05:15:00,SOLAR-BETA-02,0.0,16.2696173263954,15.598377192163888,0.0,0.0
2023-10-04 05:30:00,SOLAR-BETA-02,0.0,15.235377751859051,14.199818127730577,0.0,0.0
2023-10-04 05:45:00,SOLAR-BETA-02,0.0,14.046697564607678,14.620323330992507,0.0,0.0
2023-10-04 06:00:00,SOLAR-BETA-02,0.0,15.231596195729306,16.59140160229158,0.0,0.0
2023-10-04 06:15:00,SOLAR-BETA-02,0.0,18.252873052067066,19.558553337451226,35.016438679392024,0.0
2023-10-04 06:30:00,SOLAR-BETA-02,191.6883748833957,13.129538303810902,15.437022470840935,91.14120337755384,201.2727936275655
2023-10-04 06:45:00,SOLAR-BETA-02,374.5609581522446,13.216638884343196,16.23393459863856,175.3539558313653,393.28900605985683
2023-10-04 07:00:00,SOLAR-BETA-02,544.7394458092266,16.730245531105844,23.242415531344243,274.0091640823628,571.976418099688
2023-10-04 07:15:00,SOLAR-BETA-02,401.17240025063575,19.562217307644964,24.39023201868115,207.54489763016875,421.2310202631676
2023-10-04 07:30:00,SOLAR-BETA-02,505.0082874941999,16.434094086176838,23.041238247840205,253.40580721593227,530.25870186891
2023-10-04 07:45:00,SOLAR-BETA-02,871.4184773220265,20.582264783456584,32.54772194915019,451.61716334631024,914.9894011881279
2023-10-04 08:00:00,SOLAR-BETA-02,747.5436584416992,22.737971597042467,30.81995433257828,381.6636036057405,784.9208413637842
2023-10-04 08:15:00,SOLAR-BETA-02,971.3120065879806,16.480830535931414,28.241871616206094,492.34503489057755,1019.8776069173797
2023-10-04 08:30:00,SOLAR-BETA-02,1044.611535948775,17.32143702253284,31.308457127189122,537.3589417513147,1096.8421127462138
2023-10-04 08:45:00,SOLAR-BETA-02,1028.290730760976,23.432983401742767,37.009373904969806,543.9057344862209,1079.7052672990249
2023-10-04 09:00:00,SOLAR-BETA-02,945.9605235529092,20.876984274578263,31.806294888723972,480.8822325096257,993.2585497305547
2023-10-04 09:15:00,SOLAR-BETA-02,1075.2911173178454,23.10590454463465,36.11162559423074,561.3285836477017,1129.0556731837378
2023-10-04 09:30:00,SOLAR-BETA-02,1277.150479493999,23.305421365606847,38.66593410070334,673.6998876648058,1341.008003468699
2023-10-04 09:45:00,SOLAR-BETA-02,1187.4453953258108,25.325608201097054,41.97001445362447,641.9101616579719,1246.8176650921014
2023-10-04 10:00:00,SOLAR-BETA-02,1314.645644707136,24.653521541887606,43.34861248762462,711.0093158420746,1380.3779269424929
2023-10-04 10:15:00,SOLAR-BETA-02,1073.997349455479,29.50603166121738,45.41212823491017,584.4176330630212,1127.697216928253
2023-10-04 10:30:00,SOLAR-BETA-02,1354.828597740529,24.531095799201076,41.97504052275033,726.2235093018716,1422.5700276275554
2023-10-04 10:45:00,SOLAR-BETA-02,1434.7374651145406,25.739292238464277,43.978702434410806,780.464543873773,1506.4743383702676
2023-10-04 11:00:00,SOLAR-BETA-02,1362.1204119533645,26.006361909910954,45.062443852191585,750.2384941304821,1430.2264325510328
2023-10-04 11:15:00,SOLAR-BETA-02,1577.9183267590306,31.802608768621983,55.75060760438454,906.9371239323848,1656.8142430969822
2023-10-04 11:30:00,SOLAR-BETA-02,1354.0127040059851,27.03368520378629,44.223809769210675,738.5144811995779,1421.7133392062844
2023-10-04 11:45:00,SOLAR-BETA-02,1515.5715682114987,25.461771204664988,46.61117533410483,829.325043112981,1591.3501466220737
2023-10-04 12:00:00,SOLAR-BETA-02,1413.10972829959,29.00410321546237,46.95341454389173,773.7002426663308,1483.7652147145695
2023-10-04 12:15:00,SOLAR-BETA-02,1330.0307704998354,32.31585506002672,51.219611753515096,751.0543419574778,1396.5323090248273
2023-10-04 12:30:00,SOLAR-BETA-02,1217.6357190237668,27.866858478623968,45.53776538885864,668.0707287546877,1278.5175049749553
2023-10-04 12:45:00,SOLAR-BETA-02,1554.4133669352962,27.860090600386815,49.79543804868402,870.944737818908,1632.134035282061
2023-10-04 13:00:00,SOLAR-BETA-02,1480.601940244373,28.942962702352006,49.85743883022835,821.3568163976352,1554.6320372565917
2023-10-04 13:15:00,SOLAR-BETA-02,1375.7443584054095,29.66483824715147,49.28093951584393,769.262509664397,1444.53157632568
2023-10-04 13:30:00,SOLAR-BETA-02,1356.700741046883,31.16979650914229,50.70029548536511,759.977812691586,1424.5357780992272
2023-10-04 13:45:00,SOLAR-BETA-02,1372.9824536117642,28.809605373398558,46.61048583933121,749.9241647337059,1441.6315762923525
2023-10-04 14:00:00,SOLAR-BETA-02,1195.9095666731666,33.14378672302516,49.97937142883732,656.8617798002655,1255.705045006825
2023-10-04 14:15:00,SOLAR-BETA-02,1121.592901349028,30.536240120718308,44.51614514101666,606.0979736855184,1177.6725464164792
2023-10-04 14:30:00,SOLAR-BETA-02,1207.917886942738,33.04057587986519,48.916925745318856,666.3142020468135,1268.313781289875
2023-10-04 14:45:00,SOLAR-BETA-02,981.8425346212914,30.238755326755392,43.549567974515234,535.0516779153277,1030.934661352356
2023-10-04 15:00:00,SOLAR-BETA-02,1036.5397018073818,29.18289579502847,43.607021141454005,561.7985363181015,1088.366686897751
2023-10-04 15:15:00,SOLAR-BETA-02,883.3301607041664,28.182009821756118,40.38282591107628,465.1050522906527,927.4966687393747
2023-10-04 15:30:00,SOLAR-BETA-02,941.443500761296,30.200199298159678,41.884974516294776,502.2936363165255,988.5156757993609
2023-10-04 15:45:00,SOLAR-BETA-02,869.8977922030075,30.305131687546044,41.53418161327221,462.2649915815968,913.3926818131579
2023-10-04 16:00:00,SOLAR-BETA-02,678.6170709906363,28.050817412180542,37.108973826677584,357.1968462309221,712.5479245401682
2023-10-04 16:15:00,SOLAR-BETA-02,641.134760581644,24.36557968456623,32.57847953150458,329.9700857719193,673.1914986107262
2023-10-04 16:30:00,SOLAR-BETA-02,672.6850399009439,32.66546205648103,42.601056390504894,360.018174975873,706.3192918959911
2023-10-04 16:45:00,SOLAR-BETA-02,486.70373452806035,25.486781696976756,31.20313252104995,248.53922759446726,511.0389212544634
2023-10-04 17:00:00,SOLAR-BETA-02,413.7354551553209,30.90351847571026,35.06546833709748,216.6005956393858,434.42222791308694
2023-10-04 17:15:00,SOLAR-BETA-02,472.38880647083744,24.839424299154377,31.506098361386705,236.26993093169096,496.0082467943793
2023-10-04 17:30:00,SOLAR-BETA-02,269.7374174755465,25.10670261695546,29.789990696125795,138.45594385990316,283.22428834932384
2023-10-04 17:45:00,SOLAR-BETA-02,107.28481752374914,27.728702367386624,27.123204949581392,65.43546645630643,112.6490583999366
2023-10-04 18:00:00,SOLAR-BETA-02,0.0,21.654416985011267,23.44533832573505,47.53419207919885,0.0
2023-10-04 18:15:00,SOLAR-BETA-02,0.0,28.56584360196903,27.758192677295675,0.0,0.0
2023-10-04 18:30:00,SOLAR-BETA-02,0.0,22.40320791454904,22.624515861334523,0.0,0.0
2023-10-04 18:45:00,SOLAR-BETA-02,0.0,21.783799155237894,22.159377298698093,0.0,0.0
2023-10-04 19:00:00,SOLAR-BETA-02,0.0,22.443241920531673,22.48470243757256,0.0,0.0
2023-10-04 19:15:00,SOLAR-BETA-02,0.0,19.276579515184643,18.802691569578933,0.0,0.0
2023-10-04 19:30:00,SOLAR-BETA-02,0.0,23.733913274353057,24.33998854463569,0.0,0.0
2023-10-04 19:45:00,SOLAR-BETA-02,0.0,18.371227005920595,18.855855508725732,0.0,0.0
2023-10-04 20:00:00,SOLAR-BETA-02,0.0,18.810781480663064,19.721772051740476,0.0,0.0
2023-10-04 20:15:00,SOLAR-BETA-02,0.0,18.99992392101231,18.372622089513676,0.0,0.0
2023-10-04 20:30:00,SOLAR-BETA-02,0.0,19.560867172046553,17.75199554261119,0.0,0.0
2023-10-04 20:45:00,SOLAR-BETA-02,0.0,23.442162441929554,22.34844531550239,0.0,0.0
2023-10-04 21:00:00,SOLAR-BETA-02,0.0,20.012711210530405,19.456836253057283,0.0,0.0
2023-10-04 21:15:00,SOLAR-BETA-02,0.0,15.266901782568379,15.939952262806727,0.0,0.0
2023-10-04 21:30:00,SOLAR-BETA-02,0.0,18.488419445509134,18.970242411974386,0.0,0.0
2023-10-04 21:45:00,SOLAR-BETA-02,0.0,14.677292408267334,14.037279914659932,0.0,0.0
2023-10-04 22:00:00,SOLAR-BETA-02,0.0,14.037596060165953,14.120946050305134,0.0,0.0
2023-10-04 22:15:00,SOLAR-BETA-02,0.0,18.325370286006333,18.702710428521495,0.0,0.0
2023-10-04 22:30:00,SOLAR-BETA-02,0.0,10.0,9.698334728391886,0.0,0.0
2023-10-04 22:45:00,SOLAR-BETA-02,0.0,12.82856312068478,14.497035200348206,0.0,0.0
2023-10-04 23:00:00,SOLAR-BETA-02,0.0,10.2088338100854,9.456590658052379,0.0,0.0
2023-10-04 23:15:00,SOLAR-BETA-02,0.0,11.503631775929325,10.663897119426325,0.0,0.0
2023-10-04 23:30:00,SOLAR-BETA-02,0.0,13.873782310166217,13.320028808288036,0.0,0.0
2023-10-04 23:45:00,SOLAR-BETA-02,0.0,10.372636316836115,10.411977077120786,0.0,0.0
2023-10-05 00:00:00,SOLAR-BETA-02,0.0,10.0,10.023094000791192,0.0,0.0
2023-10-05 00:15:00,SOLAR-BETA-02,0.0,11.854116391255866,13.090357965620337,0.0,0.0
2023-10-05 00:30:00,SOLAR-BETA-02,0.0,10.0,8.537274134032373,0.0,0.0
2023-10-05 00:45:00,SOLAR-BETA-02,0.0,10.0,9.860216216738715,0.0,0.0
2023-10-05 01:00:00,SOLAR-BETA-02,0.0,10.0,12.365154948919976,0.0,0.0
2023-10-05 01:15:00,SOLAR-BETA-02,0.0,10.786904025987008,10.451116077003178,0.0,0.0
2023-10-05 01:30:00,SOLAR-BETA-02,0.0,10.0,10.166290915633153,0.0,0.0
2023-10-05 01:45:00,SOLAR-BETA-02,0.0,10.287938798474912,10.987340545210227,0.0,0.0
2023-10-05 02:00:00,SOLAR-BETA-02,0.0,10.549163223149709,8.427873979792352,0.0,0.0
2023-10-05 02:15:00,SOLAR-BETA-02,0.0,10.0,10.27546814332451,0.0,0.0
2023-10-05 02:30:00,SOLAR-BETA-02,0.0,10.419855367884013,11.950670614998062,0.0,0.0
2023-10-05 02:45:00,SOLAR-BETA-02,0.0,12.740866799097624,13.130807656241846,0.0,0.0
2023-10-05 03:00:00,SOLAR-BETA-02,0.0,10.912454854127446,11.443432749979976,0.0,0.0
2023-10-05 03:15:00,SOLAR-BETA-02,0.0,12.666846800678794,10.746681048629409,0.0,0.0
2023-10-05 03:30:00,SOLAR-BETA-02,0.0,10.0,8.916156761014456,0.0,0.0
2023-10-05 03:45:00,SOLAR-BETA-02,0.0,11.65708150890124,9.900316461787062,0.0,0.0
2023-10-05 04:00:00,SOLAR-BETA-02,0.0,10.264823217145278,9.378378882478001,0.0,0.0
2023-10-05 04:15:00,SOLAR-BETA-02,0.0,10.0,11.070743685893909,0.0,0.0
2023-10-05 04:30:00,SOLAR-BETA-02,0.0,12.809199324192736,12.348811623394994,0.0,0.0
2023-10-05 04:45:00,SOLAR-BETA-02,0.0,12.56009702473846,12.27996899974038,0.0,0.0
2023-10-05 05:00:00,SOLAR-BETA-02,0.0,10.0,10.996216007681646,0.0,0.0
2023-10-05 05:15:00,SOLAR-BETA-02,0.0,13.081068345253277,13.26436019705163,0.0,0.0
2023-10-05 05:30:00,SOLAR-BETA-02,0.0,14.998768357655226,14.65858860599315,0.0,0.0
2023-10-05 05:45:00,SOLAR-BETA-02,0.0,16.698704654488974,16.491860196454066,0.0,0.0
2023-10-05 06:00:00,SOLAR-BETA-02,0.0,16.132476686430252,15.284271805454024,0.0,0.0
2023-10-05 06:15:00,SOLAR-BETA-02,181.35871803638648,11.874823033781198,14.157607856354234,84.54311395732392,190.42665393820582
2023-10-05 06:30:00,SOLAR-BETA-02,424.54101571144093,15.111207224431197,21.724638878374012,207.06302911007018,445.768066497013
2023-10-05 06:45:00,SOLAR-BETA-02,346.4735784550965,15.786139827091075,19.912073644608025,165.36622064448676,363.79725737785134
2023-10-05 07:00:00,SOLAR-BETA-02,460.7765501459831,15.441567448014766,21.406301687813535,234.6501771489831,483.81537765328227
2023-10-05 07:15:00,SOLAR-BETA-02,454.75116954921685,20.231298031042698,27.527400279914186,226.05644495711,477.48872802667773
2023-10-05 07:30:00,SOLAR-BETA-02,529.3323102451482,17.10433545425604,23.463062054754804,262.6989126785168,555.7989257574056
2023-10-05 07:45:00,SOLAR-BETA-02,827.0743631040971,21.911658418526706,32.89863966252645,423.5194433629553,868.428081259302
2023-10-05 08:00:00,SOLAR-BETA-02,780.2076259662379,20.4623980914464,32.4824427708646,408.2711693319736,819.2180072645498
2023-10-05 08:15:00,SOLAR-BETA-02,874.5373027623563,23.24552193369176,35.96381349403623,457.4810038239872,918.2641679004741
2023-10-05 08:30:00,SOLAR-BETA-02,924.4512529772448,19.728627320193734,32.39345323443812,471.1102848272225,970.6738156261072
2023-10-05 08:45:00,SOLAR-BETA-02,931.9104697273837,21.24904337718331,34.1359931822208,479.5937532577359,978.5059932137528
2023-10-05 09:00:00,SOLAR-BETA-02,1076.8076475275489,23.15818177197054,37.84024401628946,562.3650105329674,1130.6480299039263
2023-10-05 09:15:00,SOLAR-BETA-02,1129.520252733712,24.455687539766465,40.78486810476249,605.0534450033947,1185.9962653703976
2023-10-05 09:30:00,SOLAR-BETA-02,1309.830162878708,22.391481820113373,38.500251724956264,697.1646702890687,1375.3216710226436
2023-10-05 09:45:00,SOLAR-BETA-02,1284.983908943193,25.203977872027473,42.308148608858794,683.6364495433099,1349.2331043903528
2023-10-05 10:00:00,SOLAR-BETA-02,1296.4677469779124,26.630167545215105,44.60296728032391,697.8001264548293,1361.291134326808
2023-10-05 10:15:00,SOLAR-BETA-02,1448.4498246425505,24.634165800045103,43.631959105053596,784.8751294870526,1520.8723158746782
2023-10-05 10:30:00,SOLAR-BETA-02,1290.6338010165803,26.814144458869354,44.14157691997084,697.0313926686453,1355.1654910674094
2023-10-05 10:45:00,SOLAR-BETA-02,1392.053175632262,26.00134227109233,45.660253108875594,771.6747470121543,1461.6558344138753
2023-10-05 11:00:00,SOLAR-BETA-02,1306.7970666018662,28.082046153082143,45.632926309092575,717.1866781481986,1372.1369199319595
2023-10-05 11:15:00,SOLAR-BETA-02,1513.3813723853764,25.77732689654495,46.24192749394122,824.0044397714609,1589.0504410046453
2023-10-05 11:30:00,SOLAR-BETA-02,1423.1330780129647,26.767667879291384,46.56086209570141,786.506428579008,1494.289731913613
2023-10-05 11:45:00,SOLAR-BETA-02,1499.706899138112,29.43386887417315,50.87545554160133,842.5768985223547,1574.6922440950177
2023-10-05 12:00:00,SOLAR-BETA-02,1596.0251274913217,31.413439232107045,53.90243921325923,903.7279924391948,1675.826383865888
2023-10-05 12:15:00,SOLAR-BETA-02,1292.6108112914703,29.424754798334327,46.711631051887544,717.9395790132461,1357.2413518560438
2023-10-05 12:30:00,SOLAR-BETA-02,1589.4779239411625,28.28748279560056,49.72302369446113,878.5488285396566,1668.9518201382207
2023-10-05 12:45:00,SOLAR-BETA-02,1432.3552845593802,28.13527738825224,47.80596129411973,792.5789738235205,1503.9730487873492
2023-10-05 13:00:00,SOLAR-BETA-02,1602.362227845267,31.27969580032793,53.991402080257,906.8083234506407,1682.4803392375304
2023-10-05 13:15:00,SOLAR-BETA-02,1401.4182331379382,28.355514768285918,45.61928370743264,761.8598932187112,1471.489144794835
2023-10-05 13:30:00,SOLAR-BETA-02,1400.713272319482,24.443635359468033,42.01985842357362,748.8663631503752,1470.7489359354563
2023-10-05 13:45:00,SOLAR-BETA-02,1354.6236839311618,26.690803034958318,45.92450679217347,733.085569553082,1422.35486812772
2023-10-05 14:00:00,SOLAR-BETA-02,1182.2088617697464,31.682363066894183,47.3541534665865,650.1770683778362,1241.3193048582336
2023-10-05 14:15:00,SOLAR-BETA-02,1226.7713829103925,30.451806900323973,49.17452281242964,683.8527320540845,1288.1099520559121
2023-10-05 14:30:00,SOLAR-BETA-02,1254.362635261259,29.542923721487174,46.588442614526954,685.3621310407085,1317.0807670243219
2023-10-05 14:45:00,SOLAR-BETA-02,1169.5033767380469,32.96437330513292,49.65629049421466,637.0953111592362,1227.9785455749493
2023-10-05 15:00:00,SOLAR-BETA-02,1024.2082854933842,28.521147469536437,42.50260817216661,548.7019480826457,1075.4186997680536
2023-10-05 15:15:00,SOLAR-BETA-02,922.0101655613819,32.32070540323447,46.43823402020301,507.345916401304,968.110673839451
2023-10-05 15:30:00,SOLAR-BETA-02,1008.361479033216,26.82985947172523,40.6513534697073,541.4880782316251,1058.7795529848768
2023-10-05 15:45:00,SOLAR-BETA-02,874.8406566108856,31.013185927386438,41.78632569709478,465.3819442884546,918.5826894414299
2023-10-05 16:00:00,SOLAR-BETA-02,759.1821089109492,30.989434860873573,39.99164222272862,405.41617208666565,797.1412143564967
2023-10-05 16:15:00,SOLAR-BETA-02,627.9413757767082,31.20254588406067,38.56375261213726,328.19840030907653,659.3384445655437
2023-10-05 16:30:00,SOLAR-BETA-02,591.9546317470689,26.49490696725309,33.548127209329515,305.10602115029974,621.5523633344224
2023-10-05 16:45:00,SOLAR-BETA-02,521.1121181768743,26.955395203378643,33.75075162339516,268.26809573899396,547.1677240857181
2023-10-05 17:00:00,SOLAR-BETA-02,431.03215736034673,29.02994662264353,33.541769036534426,221.1994225827143,452.5837652283641
2023-10-05 17:15:00,SOLAR-BETA-02,475.92363868414736,26.94568757750705,33.253724554630125,250.5912571866666,499.71982061835473
2023-10-05 17:30:00,SOLAR-BETA-02,476.42826289521093,22.764938856719667,28.473694341214962,236.5629053543821,500.2496760399715
2023-10-05 17:45:00,SOLAR-BETA-02,124.1648876864612,26.330031176678503,28.10060114477563,53.99980225327976,130.37313207078427
2023-10-05 18:00:00,SOLAR-BETA-02,0.0,23.98410295763237,24.674557413036386,6.147448505976259,0.0
2023-10-05 18:15:00,SOLAR-BETA-02,0.0,26.97337316283479,27.647499265231442,0.0,0.0
2023-10-05 18:30:00,SOLAR-BETA-02,0.0,25.740802697801094,24.610193542176845,0.0,0.0
2023-10-05 18:45:00,SOLAR-BETA-02,0.0,21.110034968088893,19.95616359177598,0.0,0.0
2023-10-05 19:00:00,SOLAR-BETA-02,0.0,20.673476224493577,18.94604505742356,0.0,0.0
2023-10-05 19:15:00,SOLAR-BETA-02,0.0,26.095031822340466,25.158787020719743,0.0,0.0
2023-10-05 19:30:00,SOLAR-BETA-02,0.0,21.418331848501474,21.036007747244497,0.0,0.0
2023-10-05 19:45:00,SOLAR-BETA-02,0.0,23.53249716016727,22.949017796655717,0.0,0.0
2023-10-05 20:00:00,SOLAR-BETA-02,0.0,21.181254142890612,20.5443784721815,0.0,0.0
2023-10-05 20:15:00,SOLAR-BETA-02,0.0,19.29902669604864,17.84301432005066,0.0,0.0
2023-10-05 20:30:00,SOLAR-BETA-02,0.0,18.909749988588267,18.69010814833957,0.0,0.0
2023-10-05 20:45:00,SOLAR-BETA-02,0.0,19.958575690845315,19.521770737162928,0.0,0.0
2023-10-05 21:00:00,SOLAR-BETA-02,0.0,18.425124276038247,20.449227662417524,0.0,0.0
2023-10-05 21:15:00,SOLAR-BETA-02,0.0,15.038358386201445,14.111520745051585,0.0,0.0
2023-10-05 21:30:00,SOLAR-BETA-02,0.0,16.14672796717175,17.531086245321248,0.0,0.0
2023-10-05 21:45:00,SOLAR-BETA-02,0.0,18.053475354119637,18.74989665113553,0.0,0.0
2023-10-05 22:00:00,SOLAR-BETA-02,0.0,16.55316651434739,14.897212278257822,0.0,0.0
2023-10-05 22:15:00,SOLAR-BETA-02,0.0,15.803972146933692,15.134628614092462,0.0,0.0
2023-10-05 22:30:00,SOLAR-BETA-02,0.0,14.727741128067063,15.127620659599806,0.0,0.0
2023-10-05 22:45:00,SOLAR-BETA-02,0.0,12.700232857340037,12.6702161373503,0.0,0.0
2023-10-05 23:00:00,SOLAR-BETA-02,0.0,10.488985113828138,8.937798358186999,0.0,0.0
2023-10-05 23:15:00,SOLAR-BETA-02,0.0,10.0,11.593234369504554,0.0,0.0
2023-10-05 23:30:00,SOLAR-BETA-02,0.0,10.0,9.938931211514767,0.0,0.0
2023-10-05 23:45:00,SOLAR-BETA-02,0.0,10.0,10.971264236507473,0.0,0.0
2023-10-06 00:00:00,SOLAR-BETA-02,0.0,14.104671974629127,13.197172287056784,0.0,0.0
2023-10-06 00:15:00,SOLAR-BETA-02,0.0,11.183845513924693,12.730486022301726,0.0,0.0
2023-10-06 00:30:00,SOLAR-BETA-02,0.0,11.492837744449062,11.957378472437435,0.0,0.0
2023-10-06 00:45:00,SOLAR-BETA-02,0.0,10.0,11.622591851147293,0.0,0.0
2023-10-06 01:00:00,SOLAR-BETA-02,0.0,11.157169498687255,10.766099391918393,0.0,0.0
2023-10-06 01:15:00,SOLAR-BETA-02,0.0,10.0,9.377790071287595,0.0,0.0
2023-10-06 01:30:00,SOLAR-BETA-02,0.0,10.0,9.895433411193267,0.0,0.0
2023-10-06 01:45:00,SOLAR-BETA-02,0.0,11.281743447798467,11.586759622765953,0.0,0.0
2023-10-06 02:00:00,SOLAR-BETA-02,0.0,16.075820564142187,17.02510867880164,0.0,0.0
2023-10-06 02:15:00,SOLAR-BETA-02,0.0,10.0,9.567158788805578,0.0,0.0
2023-10-06 02:30:00,SOLAR-BETA-02,0.0,11.065294774245626,11.002869792585214,0.0,0.0
2023-10-06 02:45:00,SOLAR-BETA-02,0.0,11.36425415492809,10.676029094972296,0.0,0.0
2023-10-06 03:00:00,SOLAR-BETA-02,0.0,10.0,10.2990598129689,0.0,0.0
2023-10-06 03:15:00,SOLAR-BETA-02,0.0,10.0,12.201218860380042,0.0,0.0
2023-10-06 03:30:00,SOLAR-BETA-02,0.0,10.502710963320846,9.845769057304377,0.0,0.0
2023-10-06 03:45:00,SOLAR-BETA-02,0.0,10.0,10.5165450232766,0.0,0.0
2023-10-06 04:00:00,SOLAR-BETA-02,0.0,10.0,10.754799713007001,0.0,0.0
2023-10-06 04:15:00,SOLAR-BETA-02,0.0,11.075459368381656,10.880031174801388,0.0,0.0
2023-10-06 04:30:00,SOLAR-BETA-02,0.0,12.379646700687097,12.656196273183909,0.0,0.0
2023-10-06 04:45:00,SOLAR-BETA-02,0.0,16.419511726829516,17.045447184165024,0.0,0.0
2023-10-06 05:00:00,SOLAR-BETA-02,0.0,11.230145164882757,10.589414542561691,0.0,0.0
2023-10-06 05:15:00,SOLAR-BETA-02,0.0,13.623296075665307,12.095232622082849,0.0,0.0
2023-10-06 05:30:00,SOLAR-BETA-02,0.0,14.573801626593042,15.357550220186353,0.0,0.0
2023-10-06 05:45:00,SOLAR-BETA-02,0.0,13.988493139185545,13.380957128268728,0.0,0.0
2023-10-06 06:00:00,SOLAR-BETA-02,0.0,12.256282630545943,11.42660918904203,0.0,0.0
2023-10-06 06:15:00,SOLAR-BETA-02,134.63774297395935,15.754673724571628,19.052605123012263,71.00514081398646,141.36963012265733
2023-10-06 06:30:00,SOLAR-BETA-02,157.43375355969093,16.152065627072766,18.654482619352574,78.08852847287716,165.30544123767547
2023-10-06 06:45:00,SOLAR-BETA-02,483.0829851545088,16.307144800175205,23.281364919493747,237.780126738879,507.23713441223424
2023-10-06 07:00:00,SOLAR-BETA-02,317.9239735415284,17.214158575679726,17.79072719355296,152.70161768635307,333.82017221860485
2023-10-06 07:15:00,SOLAR-BETA-02,484.94072810531793,18.518482914396937,23.723694332026408,255.06499244702965,509.18776451058386
2023-10-06 07:30:00,SOLAR-BETA-02,700.4847862716915,16.365655103055303,24.94711334136047,355.59122744692377,735.5090255852762
2023-10-06 07:45:00,SOLAR-BETA-02,733.5110114316609,21.708269012701926,32.500142933984705,378.04300668126467,770.186562003244
2023-10-06 08:00:00,SOLAR-BETA-02,744.343789075543,18.730740469119365,28.120628105145173,374.6251660887226,781.5609785293202
2023-10-06 08:15:00,SOLAR-BETA-02,794.0164356773577,21.30638061032954,29.53487045360071,400.8099627241559,833.7172574612256
2023-10-06 08:30:00,SOLAR-BETA-02,750.5598596114418,21.704067561255574,30.760687499455322,388.56087746030175,788.0878525920139
2023-10-06 08:45:00,SOLAR-BETA-02,894.4473770053797,19.728071473328395,31.27527331843663,460.9687018757691,939.1697458556488
2023-10-06 09:00:00,SOLAR-BETA-02,900.5334360822908,24.24336169003939,35.39100537839052,464.2620649211423,945.5601078864054
2023-10-06 09:15:00,SOLAR-BETA-02,1069.4771748780076,23.076664110207883,38.10330242615647,564.6636434173081,1122.951033621908
2023-10-06 09:30:00,SOLAR-BETA-02,1257.0430361998972,20.902486982370345,37.22200441632137,660.3278674494966,1319.895188009892
2023-10-06 09:45:00,SOLAR-BETA-02,1411.5011985246406,24.35888460297141,43.95989234155219,762.7575286859022,1482.0762584508727
2023-10-06 10:00:00,SOLAR-BETA-02,1135.0314134386206,25.772314773794747,43.403929584707626,606.7465617925094,1191.7829841105518
2023-10-06 10:15:00,SOLAR-BETA-02,1311.4440322410715,25.656832171276815,44.10257149210739,704.785315918886,1377.0162338531252
2023-10-06 10:30:00,SOLAR-BETA-02,1488.964573205051,25.95928253136089,48.907619748806354,830.6511266773524,1563.4128018653037
2023-10-06 10:45:00,SOLAR-BETA-02,1357.5866029046394,27.832744700187554,45.750323952316926,739.2023421703617,1425.4659330498714
2023-10-06 11:00:00,SOLAR-BETA-02,1430.114451564897,23.20847028429162,42.83191343030462,769.891619190924,1501.620174143142
2023-10-06 11:15:00,SOLAR-BETA-02,1427.7508244110627,28.75429344781707,48.661245564719444,779.8904182260142,1499.138365631616
2023-10-06 11:30:00,SOLAR-BETA-02,1421.6093000943715,27.15066867600242,45.880008876666764,774.527089770921,1492.6897650990902
2023-10-06 11:45:00,SOLAR-BETA-02,1377.6450727883832,29.77417718159378,49.04663522122254,765.2178005615168,1446.5273264278026
2023-10-06 12:00:00,SOLAR-BETA-02,1494.0850043511596,27.668578785105634,47.759931014387604,816.4837858436098,1568.7892545687175
2023-10-06 12:15:00,SOLAR-BETA-02,1454.3562391353362,27.417918284609936,46.21888330885596,799.9482617731425,1527.074051092103
2023-10-06 12:30:00,SOLAR-BETA-02,1500.524511670984,30.037079601681572,50.68434105407666,826.9266303191811,1575.5507372545335
2023-10-06 12:45:00,SOLAR-BETA-02,1447.0120329237773,25.60159248601907,45.493335787862165,784.3268693872959,1519.3626345699663
2023-10-06 13:00:00,SOLAR-BETA-02,1526.4779868621567,27.2789570852997,48.58811376762479,847.7329143442888,1602.8018862052647
2023-10-06 13:15:00,SOLAR-BETA-02,1430.732630978905,28.566305268912583,47.327181780730186,790.5636594862452,1502.2692625278503
2023-10-06 13:30:00,SOLAR-BETA-02,1322.5285160398169,29.481192754057815,45.65840142943985,722.4235833113408,1388.6549418418078
2023-10-06 13:45:00,SOLAR-BETA-02,1320.332396685812,29.106099105142697,45.18493970568781,712.6845612431392,1386.3490165201026
2023-10-06 14:00:00,SOLAR-BETA-02,1212.2333033310583,28.928663333867974,46.229320553257075,667.8899334426742,1272.8449684976113
2023-10-06 14:15:00,SOLAR-BETA-02,1146.1395262819779,32.07496492092193,49.23477873803534,634.018969159133,1203.4465025960767
2023-10-06 14:30:00,SOLAR-BETA-02,1301.8990160473752,28.215485273788172,47.40887471995034,726.6179487589425,1366.993966849744
2023-10-06 14:45:00,SOLAR-BETA-02,1294.9401422844833,32.50395278973122,50.79397785619147,727.1510695289527,1359.6871493987076
2023-10-06 15:00:00,SOLAR-BETA-02,976.5370972000538,25.611621160455428,37.86375896196324,513.2762280844065,1025.3639520600566
2023-10-06 15:15:00,SOLAR-BETA-02,1133.0374186934534,31.182505817208742,46.77207597651018,620.3651600054927,1189.689289628126
2023-10-06 15:30:00,SOLAR-BETA-02,969.4414126425634,27.95786926471409,39.708403877720045,510.3320009537804,1017.9134832746915
2023-10-06 15:45:00,SOLAR-BETA-02,818.5436052918243,30.64717005613174,41.07955520141877,437.6620260164784,859.4707855564155
2023-10-06 16:00:00,SOLAR-BETA-02,773.0337882489839,30.983029567198077,41.097257151159255,417.62590570246726,811.6854776614332
2023-10-06 16:15:00,SOLAR-BETA-02,662.4113108544917,27.29247621300407,37.75479369682051,351.58885220005857,695.5318763972164
2023-10-06 16:30:00,SOLAR-BETA-02,669.5584011273152,28.79105498183389,38.48319891229292,356.5475641430772,703.0363211836809
2023-10-06 16:45:00,SOLAR-BETA-02,588.7423232751631,25.95062969033218,32.747457087063786,308.3637653783117,618.1794394389213
2023-10-06 17:00:00,SOLAR-BETA-02,504.5578971426361,25.780498076616745,30.25250123989149,249.91196766775016,529.7857919997679
2023-10-06 17:15:00,SOLAR-BETA-02,418.5750777940108,24.777804411805647,30.40893141823569,217.12940600884494,439.5038316837113
2023-10-06 17:30:00,SOLAR-BETA-02,210.36248049270327,26.640700002403005,29.312131584450512,109.41084974674258,220.88060451733844
2023-10-06 17:45:00,SOLAR-BETA-02,399.3407691819935,22.956183227058837,28.223931714458615,197.7729708557059,419.3078076410932
2023-10-06 18:00:00,SOLAR-BETA-02,0.0,25.593872206960533,26.211782802554318,0.0,0.0
2023-10-06 18:15:00,SOLAR-BETA-02,0.0,22.270741324130032,20.786535641907683,0.0,0.0
2023-10-06 18:30:00,SOLAR-BETA-02,0.0,21.190718724959407,21.35813483842664,0.0,0.0
2023-10-06 18:45:00,SOLAR-BETA-02,0.0,21.339998679769163,20.362699375271163,0.0,0.0
2023-10-06 19:00:00,SOLAR-BETA-02,0.0,22.005405670733374,21.321233080897123,0.0,0.0
2023-10-06 19:15:00,SOLAR-BETA-02,0.0,23.740646311277445,23.434948617011017,0.0,0.0
2023-10-06 19:30:00,SOLAR-BETA-02,0.0,22.497726280182267,23.14383694676918,0.0,0.0
2023-10-06 19:45:00,SOLAR-BETA-02,0.0,20.9238031104318,23.608487986058243,0.0,0.0
2023-10-06 20:00:00,SOLAR-BETA-02,0.0,19.54877125482194,19.406926066747882,0.0,0.0
2023-10-06 20:15:00,SOLAR-BETA-02,0.0,19.38264681193559,19.88117003334129,0.0,0.0
2023-10-06 20:30:00,SOLAR-BETA-02,0.0,17.247705288138803,15.822638905688223,0.0,0.0
2023-10-06 20:45:00,SOLAR-BETA-02,0.0,19.842590130973623,19.740083675339896,0.0,0.0
2023-10-06 21:00:00,SOLAR-BETA-02,0.0,17.94327133634863,16.473122607296084,0.0,0.0
2023-10-06 21:15:00,SOLAR-BETA-02,0.0,12.804831959768512,11.502844843667727,0.0,0.0
2023-10-06 21:30:00,SOLAR-BETA-02,0.0,15.088987816325114,16.32145416098905,0.0,0.0
2023-10-06 21:45:00,SOLAR-BETA-02,0.0,12.753481524991777,11.468092407419952,0.0,0.0
2023-10-06 22:00:00,SOLAR-BETA-02,0.0,15.280875104588375,13.789673076900327,0.0,0.0
2023-10-06 22:15:00,SOLAR-BETA-02,0.0,13.011930305998462,12.84266588101216,0.0,0.0
2023-10-06 22:30:00,SOLAR-BETA-02,0.0,11.416356316341599,12.898104203796704,0.0,0.0
2023-10-06 22:45:00,SOLAR-BETA-02,0.0,16.361661048079075,15.698832359007957,0.0,0.0
2023-10-06 23:00:00,SOLAR-BETA-02,0.0,14.252370994995296,13.974050924841453,0.0,0.0
2023-10-06 23:15:00,SOLAR-BETA-02,0.0,10.0,9.773775753916631,0.0,0.0
2023-10-06 23:30:00,SOLAR-BETA-02,0.0,12.362621693313804,12.821809851899342,0.0,0.0
2023-10-06 23:45:00,SOLAR-BETA-02,0.0,12.916023982409227,12.698083946512059,0.0,0.0
2023-10-07 00:00:00,SOLAR-BETA-02,0.0,11.495200646408495,10.99067239663118,0.0,0.0
2023-10-07 00:15:00,SOLAR-BETA-02,0.0,10.885091475903725,9.805228701699349,0.0,0.0
2023-10-07 00:30:00,SOLAR-BETA-02,0.0,10.294659853099537,9.831295175795011,0.0,0.0
2023-10-07 00:45:00,SOLAR-BETA-02,0.0,12.171868249860228,13.876710654628056,0.0,0.0
2023-10-07 01:00:00,SOLAR-BETA-02,0.0,14.056455936688963,12.728396028697125,0.0,0.0
2023-10-07 01:15:00,SOLAR-BETA-02,0.0,11.256496421032507,10.51843701382723,0.0,0.0
2023-10-07 01:30:00,SOLAR-BETA-02,0.0,10.21186169285616,12.6695502104707,0.0,0.0
2023-10-07 01:45:00,SOLAR-BETA-02,0.0,11.291747004676298,11.654433087589984,0.0,0.0
2023-10-07 02:00:00,SOLAR-BETA-02,0.0,10.0,9.918490214877849,0.0,0.0
2023-10-07 02:15:00,SOLAR-BETA-02,0.0,10.0,8.876196904932907,0.0,0.0
2023-10-07 02:30:00,SOLAR-BETA-02,0.0,10.647996563464385,10.224983825483939,0.0,0.0
2023-10-07 02:45:00,SOLAR-BETA-02,0.0,10.538022810733523,11.131448566903698,0.0,0.0
2023-10-07 03:00:00,SOLAR-BETA-02,0.0,10.0,9.712312609544156,0.0,0.0
2023-10-07 03:15:00,SOLAR-BETA-02,0.0,10.16119707322158,11.760291871745693,0.0,0.0
2023-10-07 03:30:00,SOLAR-BETA-02,0.0,13.293309277316235,14.064239297131152,0.0,0.0
2023-10-07 03:45:00,SOLAR-BETA-02,0.0,12.197478605622702,10.854327693161427,0.0,0.0
2023-10-07 04:00:00,SOLAR-BETA-02,0.0,11.493553338554307,10.132323724512569,0.0,0.0
2023-10-07 04:15:00,SOLAR-BETA-02,0.0,10.0,9.349301884920598,0.0,0.0
2023-10-07 04:30:00,SOLAR-BETA-02,0.0,13.878093368106198,15.181761152156454,0.0,0.0
2023-10-07 04:45:00,SOLAR-BETA-02,0.0,15.477342386239298,14.641134826440474,0.0,0.0
2023-10-07 05:00:00,SOLAR-BETA-02,0.0,13.959863590857454,13.762465735884852,0.0,0.0
2023-10-07 05:15:00,SOLAR-BETA-02,0.0,12.47973153929959,11.146180564664615,0.0,0.0
2023-10-07 05:30:00,SOLAR-BETA-02,0.0,14.373869336588927,12.867592708476181,0.0,0.0
2023-10-07 05:45:00,SOLAR-BETA-02,0.0,15.576336693596168,16.750829143395677,0.0,0.0
2023-10-07 06:00:00,SOLAR-BETA-02,0.0,14.437461910582334,17.0884511687176,0.0,0.0
2023-10-07 06:15:00,SOLAR-BETA-02,0.0,14.968278449147212,14.933543727726823,0.0,0.0
2023-10-07 06:30:00,SOLAR-BETA-02,0.0,14.80132642729888,13.8393101568582,0.0,0.0
2023-10-07 06:45:00,SOLAR-BETA-02,343.5695649607643,14.969934586167206,19.16377454494028,163.18974351643107,360.7480432088025
2023-10-07 07:00:00,SOLAR-BETA-02,516.8701724466965,15.249599172319215,20.206076522412175,251.29653319624612,542.7136810690314
2023-10-07 07:15:00,SOLAR-BETA-02,679.5858444149641,16.686462663819842,24.935867136987238,334.1209705580425,713.5651366357123
2023-10-07 07:30:00,SOLAR-BETA-02,500.05319518759524,18.780601636624567,23.53187143852138,249.53139124325918,525.055854946975
2023-10-07 07:45:00,SOLAR-BETA-02,661.129304982599,18.83174691291777,26.104251875704502,330.7754849457246,694.185770231729
2023-10-07 08:00:00,SOLAR-BETA-02,730.4694439687088,16.68252649673225,25.147894962842223,365.11043508014797,766.9929161671442
2023-10-07 08:15:00,SOLAR-BETA-02,774.4744454761461,22.744523722465818,32.190317026302274,400.37145225643064,813.1981677499534
2023-10-07 08:30:00,SOLAR-BETA-02,989.0308578377433,16.339748224894233,28.617250953420687,510.2270723244883,1038.4824007296304
2023-10-07 08:45:00,SOLAR-BETA-02,885.9218947329496,25.67525022471274,36.10571305721327,459.1744342551864,930.2179894695971
2023-10-07 09:00:00,SOLAR-BETA-02,938.1335040425712,24.646960168164906,36.894018146528296,502.41418267290607,985.0401792446997
2023-10-07 09:15:00,SOLAR-BETA-02,1008.3636052252768,22.653275597938634,35.84905746472577,535.355501645423,1058.7817854865407
2023-10-07 09:30:00,SOLAR-BETA-02,1281.5215219991512,20.045575510283584,36.75919318625351,668.6622032459743,1345.5975980991088
2023-10-07 09:45:00,SOLAR-BETA-02,1240.484642703737,22.887297516591445,40.60946442348315,666.8678496613211,1302.508874838924
2023-10-07 10:00:00,SOLAR-BETA-02,1145.7619588774173,27.67944065861005,44.14824282330402,626.0152213462412,1203.0500568212883
2023-10-07 10:15:00,SOLAR-BETA-02,1371.7804649758887,26.241921110538517,43.85766802890431,740.6637369813863,1440.3694882246832
2023-10-07 10:30:00,SOLAR-BETA-02,1274.387862051037,25.142927247520298,42.265758728250475,682.9394086325298,1338.107255153589
2023-10-07 10:45:00,SOLAR-BETA-02,1472.8311275763062,27.774134619480144,48.83259934687503,807.270495522716,1546.4726839551215
2023-10-07 11:00:00,SOLAR-BETA-02,1476.611472226317,27.87087898425782,47.72307838410967,811.6808186383428,1550.4420458376328
2023-10-07 11:15:00,SOLAR-BETA-02,1314.2973730942003,26.17557411232909,41.769342595819076,707.7543058587526,1380.0122417489104
2023-10-07 11:30:00,SOLAR-BETA-02,1418.5220094939893,27.264776720744926,47.690818723223344,786.844000982306,1489.4481099686889
2023-10-07 11:45:00,SOLAR-BETA-02,1575.8641889111636,27.741188439436993,50.85900902042886,882.5549137926598,1654.6573983567218
2023-10-07 12:00:00,SOLAR-BETA-02,1403.3462510405027,26.53141984847216,45.08010606819023,760.0254276265326,1473.5135635925278
2023-10-07 12:15:00,SOLAR-BETA-02,1318.9130718478777,31.388942016672424,48.22996597243722,735.2143793942562,1384.8587254402717
2023-10-07 12:30:00,SOLAR-BETA-02,1476.049984207945,28.406985988045804,47.52572946772457,808.9649267999017,1549.8524834183424
2023-10-07 12:45:00,SOLAR-BETA-02,1386.9558592097228,31.48379697809766,51.46714867370936,775.7194712726465,1456.303652170209
2023-10-07 13:00:00,SOLAR-BETA-02,1344.850690385202,34.094347065092414,52.43088297257987,747.7923391461906,1412.093224904462
2023-10-07 13:15:00,SOLAR-BETA-02,1249.2921391451143,27.955207303122677,45.90571494713106,693.8956378730952,1311.75674610237
2023-10-07 13:30:00,SOLAR-BETA-02,1331.8945801640773,29.508123947229908,48.57279664233352,737.0116745948546,1398.4893091722813
2023-10-07 13:45:00,SOLAR-BETA-02,1182.4664849356082,27.5095508135096,44.40195519851117,635.0604378355994,1241.5898091823885
2023-10-07 14:00:00,SOLAR-BETA-02,1281.9710387850548,25.906611927337494,42.28143779028767,690.9744724395433,1346.0695907243075
2023-10-07 14:15:00,SOLAR-BETA-02,1237.3132222279612,32.24342067128581,50.21721193534625,699.3560088437496,1299.1788833393593
2023-10-07 14:30:00,SOLAR-BETA-02,1148.3693815996346,30.803422230982047,46.33465381545461,633.9364406571377,1205.7878506796164
2023-10-07 14:45:00,SOLAR-BETA-02,1161.0142315980145,31.59194263178071,45.48074517725159,632.2860071416274,1219.0649431779152
2023-10-07 15:00:00,SOLAR-BETA-02,773.3815505659578,26.996422235800118,36.38846157006178,403.8659500961395,812.0506280942558
2023-10-07 15:15:00,SOLAR-BETA-02,954.2447530603703,28.230378764682854,41.08946138071022,507.005154161728,1001.9569907133888
2023-10-07 15:30:00,SOLAR-BETA-02,818.9473245201568,31.720154027622133,42.86956153134486,434.26219465435463,859.8946907461647
2023-10-07 15:45:00,SOLAR-BETA-02,809.6581425641797,32.08420827802012,41.26217440882761,423.56467765609113,850.1410496923887
2023-10-07 16:00:00,SOLAR-BETA-02,726.8450354152292,28.643591177695342,37.2721486365997,380.6960541123799,763.1872871859906
2023-10-07 16:15:00,SOLAR-BETA-02,692.397565521897,29.605833245166924,39.270450094159514,366.4757240264093,727.017443797992
2023-10-07 16:30:00,SOLAR-BETA-02,498.8734184980353,29.556453696486937,36.7798649323455,259.915537069177,523.8170894229371
2023-10-07 16:45:00,SOLAR-BETA-02,320.6847739207538,29.739931663150234,34.10633169881887,167.98882509360777,336.71901261679153
2023-10-07 17:00:00,SOLAR-BETA-02,435.4160665537753,28.19968854251823,33.82728393667359,221.9957702454403,457.1868698814641
2023-10-07 17:15:00,SOLAR-BETA-02,224.76666895058958,25.445954431881752,27.227596975998846,107.3977429810279,236.00500239811907
2023-10-07 17:30:00,SOLAR-BETA-02,315.1457537675997,27.948380219904465,31.80477229944324,156.23657574439557,330.9030414559797
2023-10-07 17:45:00,SOLAR-BETA-02,0.0,23.37552709072393,24.086779226350824,37.13531018883972,0.0
2023-10-07 18:00:00,SOLAR-BETA-02,0.0,28.277196517476387,27.235908510277184,0.0,0.0
2023-10-07 18:15:00,SOLAR-BETA-02,0.0,23.71534821190177,23.149718024711213,0.0,0.0
2023-10-07 18:30:00,SOLAR-BETA-02,0.0,21.553460806064415,20.493482328897166,0.0,0.0
2023-10-07 18:45:00,SOLAR-BETA-02,0.0,22.047992282210608,21.487458990109367,0.0,0.0
2023-10-07 19:00:00,SOLAR-BETA-02,0.0,26.422806126728723,25.475108974762133,0.0,0.0
2023-10-07 19:15:00,SOLAR-BETA-02,0.0,22.037315532256027,22.95205749577012,0.0,0.0
2023-10-07 19:30:00,SOLAR-BETA-02,0.0,23.814004355790857,24.06053949707873,0.0,0.0
2023-10-07 19:45:00,SOLAR-BETA-02,0.0,22.266207825697563,23.49879866787202,0.0,0.0
2023-10-07 20:00:00,SOLAR-BETA-02,0.0,19.983606306454483,19.465045147918854,0.0,0.0
2023-10-07 20:15:00,SOLAR-BETA-02,0.0,23.274673277566034,23.220099112204437,0.0,0.0
2023-10-07 20:30:00,SOLAR-BETA-02,0.0,18.7828263184575,17.68495726061459,0.0,0.0
2023-10-07 20:45:00,SOLAR-BETA-02,0.0,19.316672404683455,18.589908190915985,0.0,0.0
2023-10-07 21:00:00,SOLAR-BETA-02,0.0,20.049583997406472,20.18271208681405,0.0,0.0
2023-10-07 21:15:00,SOLAR-BETA-02,0.0,19.168040363501227,20.632550336887345,0.0,0.0
2023-10-07 21:30:00,SOLAR-BETA-02,0.0,17.450721591614347,16.661104031888474,0.0,0.0
2023-10-07 21:45:00,SOLAR-BETA-02,0.0,16.42195771675041,18.38832500131825,0.0,0.0
2023-10-07 22:00:00,SOLAR-BETA-02,0.0,18.774480856562032,20.139517720007134,0.0,0.0
2023-10-07 22:15:00,SOLAR-BETA-02,0.0,13.343720821714069,12.929507871033609,0.0,0.0
2023-10-07 22:30:00,SOLAR-BETA-02,0.0,18.676453979602456,19.265175478708905,0.0,0.0
2023-10-07 22:45:00,SOLAR-BETA-02,0.0,15.995404550194438,16.188471639915928,0.0,0.0
2023-10-07 23:00:00,SOLAR-BETA-02,0.0,12.513121820466338,13.752915922609107,0.0,0.0
2023-10-07 23:15:00,SOLAR-BETA-02,0.0,13.659541420433213,14.713868776567276,0.0,0.0
2023-10-07 23:30:00,SOLAR-BETA-02,0.0,13.168708699910598,14.839171502686872,0.0,0.0
2023-10-07 23:45:00,SOLAR-BETA-02,0.0,13.161251115884644,12.232510928161618,0.0,0.0
2023-10-08 00:00:00,SOLAR-BETA-02,0.0,15.414023350934011,14.815226446153666,0.0,0.0
2023-10-08 00:15:00,SOLAR-BETA-02,0.0,10.0,10.713845714579561,0.0,0.0
2023-10-08 00:30:00,SOLAR-BETA-02,0.0,12.159331685033989,10.51746186765505,0.0,0.0
2023-10-08 00:45:00,SOLAR-BETA-02,0.0,12.935596415133716,13.453740055067007,0.0,0.0
2023-10-08 01:00:00,SOLAR-BETA-02,0.0,13.119227800442069,11.948544103784139,0.0,0.0
2023-10-08 01:15:00,SOLAR-BETA-02,0.0,10.0,11.078888647456207,0.0,0.0
2023-10-08 01:30:00,SOLAR-BETA-02,0.0,10.0,10.543143529335211,0.0,0.0
2023-10-08 01:45:00,SOLAR-BETA-02,0.0,11.982385359019766,11.4063914041801,0.0,0.0
2023-10-08 02:00:00,SOLAR-BETA-02,0.0,10.0,10.82248327063658,0.0,0.0
2023-10-08 02:15:00,SOLAR-BETA-02,0.0,12.026653146816182,12.093359975288019,0.0,0.0
2023-10-08 02:30:00,SOLAR-BETA-02,0.0,10.0,9.686848272805914,0.0,0.0
2023-10-08 02:45:00,SOLAR-BETA-02,0.0,10.331777727904708,9.419490451345126,0.0,0.0
2023-10-08 03:00:00,SOLAR-BETA-02,0.0,12.399500675674346,12.855336901460843,0.0,0.0
2023-10-08 03:15:00,SOLAR-BETA-02,0.0,11.596019179198349,10.260380171350874,0.0,0.0
2023-10-08 03:30:00,SOLAR-BETA-02,0.0,11.882582113648876,11.561271334342576,0.0,0.0
2023-10-08 03:45:00,SOLAR-BETA-02,0.0,13.772199733391698,15.37833559977691,0.0,0.0
2023-10-08 04:00:00,SOLAR-BETA-02,0.0,10.0,9.389779317047838,0.0,0.0
2023-10-08 04:15:00,SOLAR-BETA-02,0.0,11.519561552474128,9.822380237095292,0.0,0.0
2023-10-08 04:30:00,SOLAR-BETA-02,0.0,14.974439857031179,15.706061080823682,0.0,0.0
2023-10-08 04:45:00,SOLAR-BETA-02,0.0,15.178143928509773,15.303213800621798,0.0,0.0
2023-10-08 05:00:00,SOLAR-BETA-02,0.0,10.132550570533173,10.76739679966109,0.0,0.0
2023-10-08 05:15:00,SOLAR-BETA-02,0.0,16.221709304477578,15.76243972331201,0.0,0.0
2023-10-08 05:30:00,SOLAR-BETA-02,0.0,14.713357464123302,13.313366371690824,0.0,0.0
2023-10-08 05:45:00,SOLAR-BETA-02,0.0,17.34537847806908,18.145585462992877,0.0,0.0
2023-10-08 06:00:00,SOLAR-BETA-02,0.0,15.262641750576268,17.356989652315804,9.922841281922205,0.0
2023-10-08 06:15:00,SOLAR-BETA-02,207.62447718342838,14.086027677639995,15.879430185291657,108.46551720054151,218.0057010425998
2023-10-08 06:30:00,SOLAR-BETA-02,182.53823740438833,17.94167660916538,20.813696514794092,86.47159801869205,191.66514927460776
2023-10-08 06:45:00,SOLAR-BETA-02,345.9540189111311,14.14828788098558,17.52246281457328,172.68117732972712,363.25171985668766
2023-10-08 07:00:00,SOLAR-BETA-02,496.78377131441977,15.377521498348237,21.336860461870153,247.6260416887155,521.6229598801408
2023-10-08 07:15:00,SOLAR-BETA-02,511.4698332983026,16.735021261997783,21.924977121274296,252.125265322259,537.0433249632177
2023-10-08 07:30:00,SOLAR-BETA-02,718.7179386583448,17.286808742974507,26.510361658073297,359.4117183709872,754.653835591262
2023-10-08 07:45:00,SOLAR-BETA-02,691.4727966838454,21.68445026506429,30.559906919649265,346.71068523546285,726.0464365180377
2023-10-08 08:00:00,SOLAR-BETA-02,632.9723771362434,22.018995365286436,30.6873843200585,329.5086693065286,664.6209959930555
2023-10-08 08:15:00,SOLAR-BETA-02,924.6786322432692,19.039810754735218,31.894031225271085,482.9872667236596,970.9125638554327
2023-10-08 08:30:00,SOLAR-BETA-02,777.4279164210033,19.00672604819686,30.363028940768558,400.35920125460166,816.2993122420535
2023-10-08 08:45:00,SOLAR-BETA-02,1015.2019819235599,20.421702525467087,34.25260681502962,535.3051559224044,1065.962081019738
2023-10-08 09:00:00,SOLAR-BETA-02,1107.9138283796262,21.451488516153695,37.572779349554146,581.6077185397291,1163.3095197986077
2023-10-08 09:15:00,SOLAR-BETA-02,1073.9728616972343,20.76471390874982,32.82970306881639,550.7454646373745,1127.671504782096
2023-10-08 09:30:00,SOLAR-BETA-02,1278.632686331109,20.558313005718496,35.73564106824251,667.4693785666379,1342.5643206476645
2023-10-08 09:45:00,SOLAR-BETA-02,1187.1725652723055,24.062032417584472,39.76547910860872,629.9841329372016,1246.531193535921
2023-10-08 10:00:00,SOLAR-BETA-02,1309.6680381453277,27.26362066392175,45.48567924058083,706.3232771251086,1375.1514400525941
2023-10-08 10:15:00,SOLAR-BETA-02,1352.6327432574417,26.783543419846033,44.69980339009646,739.5969749941798,1420.2643804203137
2023-10-08 10:30:00,SOLAR-BETA-02,1222.1742552186422,27.54627681712997,45.52501558909802,671.7430545051635,1283.2829679795743
2023-10-08 10:45:00,SOLAR-BETA-02,1409.6377701311196,27.5367705844769,46.23420552248986,771.081638562893,1480.1196586376757
2023-10-08 11:00:00,SOLAR-BETA-02,1385.967561793261,30.861759890809285,49.47975423503526,777.0813792000275,1455.2659398829242
2023-10-08 11:15:00,SOLAR-BETA-02,1443.806091942957,27.103841267247216,46.98371572157117,784.6053882275775,1515.9963965401048
2023-10-08 11:30:00,SOLAR-BETA-02,1396.8866798882666,29.814115699617822,49.056431189250354,776.9688759102957,1466.73101388268
2023-10-08 11:45:00,SOLAR-BETA-02,1521.0008053459708,26.09762768620041,48.37425994614808,835.6111140776268,1597.0508456132693
2023-10-08 12:00:00,SOLAR-BETA-02,1435.9042823562088,31.591870599742926,54.21068570331853,827.7572457708909,1507.6994964740193
2023-10-08 12:15:00,SOLAR-BETA-02,1388.2871423697957,28.48327169748821,50.48063590405678,771.6242360950904,1457.7014994882854
2023-10-08 12:30:00,SOLAR-BETA-02,1362.6909914413893,31.708824712172802,50.5271144162506,754.0417588014045,1430.8255410134589
2023-10-08 12:45:00,SOLAR-BETA-02,1395.8519705818169,29.943703126193498,50.09888085735087,769.9418219368114,1465.6445691109077
2023-10-08 13:00:00,SOLAR-BETA-02,1499.6824307176723,29.013096454505312,50.81545938896357,836.3737383035094,1574.6665522535561
2023-10-08 13:15:00,SOLAR-BETA-02,1415.9859225712507,34.62706672454227,54.72620933393447,818.2726310352501,1486.7852186998134
2023-10-08 13:30:00,SOLAR-BETA-02,1268.634727513987,30.451552448388053,45.596994983971314,697.5443627131247,1332.0664638896862
2023-10-08 13:45:00,SOLAR-BETA-02,1236.296229243443,29.396111075639862,46.204434390982435,673.9996039405383,1298.111040705615
2023-10-08 14:00:00,SOLAR-BETA-02,1065.4058522416874,29.974948752453212,44.39618761354703,577.0559174547926,1118.6761448537718
2023-10-08 14:15:00,SOLAR-BETA-02,1272.7384535547337,30.162444242466368,46.582298680955425,697.0672880406876,1336.3753762324704
2023-10-08 14:30:00,SOLAR-BETA-02,1176.4746160529655,31.0253782751385,48.209440349722115,643.3957928045897,1235.2983468556138
2023-10-08 14:45:00,SOLAR-BETA-02,1346.048694663566,27.098292718953566,45.37056221681702,724.7905419602625,1413.3511293967445
2023-10-08 15:00:00,SOLAR-BETA-02,1008.8220395226284,30.030555018844627,44.54351163664449,551.4920026694285,1059.26314149876
2023-10-08 15:15:00,SOLAR-BETA-02,986.2682650990153,28.919799300091803,43.830002350529185,535.151684569522,1035.581678353966
2023-10-08 15:30:00,SOLAR-BETA-02,864.5817673609221,30.251962471625514,41.96024896054885,465.7121483265873,907.8108557289682
2023-10-08 15:45:00,SOLAR-BETA-02,918.4972775097101,30.068338487914314,42.33350155147887,485.2541661136785,964.4221413851957
2023-10-08 16:00:00,SOLAR-BETA-02,799.3454941837052,27.098135745609085,38.72660600182565,428.1904756886134,839.3127688928905
2023-10-08 16:15:00,SOLAR-BETA-02,851.2260319668461,26.673379102296558,36.760164099146735,440.4006735499622,893.7873335651884
2023-10-08 16:30:00,SOLAR-BETA-02,554.0269329570291,27.413472495467712,34.437137719628026,286.6507638020171,581.7282796048805
2023-10-08 16:45:00,SOLAR-BETA-02,344.6479017387234,27.100570245263743,31.176436473067426,165.66536475427552,361.8802968256596
2023-10-08 17:00:00,SOLAR-BETA-02,472.87605194902466,32.002909445966225,39.21797371348259,247.63505819732964,496.5198545464759
2023-10-08 17:15:00,SOLAR-BETA-02,301.56571927750576,22.440500942571134,27.179929938222728,152.514301917441,316.6440052413811
2023-10-08 17:30:00,SOLAR-BETA-02,0.0,23.409580826352837,24.7522444289591,20.746146566036614,0.0
2023-10-08 17:45:00,SOLAR-BETA-02,311.92795181444467,27.479936741049166,30.04414804838206,157.68064610496543,327.5243494051669
2023-10-08 18:00:00,SOLAR-BETA-02,0.0,25.42314514394692,24.676977232744377,0.0,0.0
2023-10-08 18:15:00,SOLAR-BETA-02,0.0,23.075530109719768,22.56144529947189,0.0,0.0
2023-10-08 18:30:00,SOLAR-BETA-02,0.0,21.703102871704996,21.876107297948355,0.0,0.0
2023-10-08 18:45:00,SOLAR-BETA-02,0.0,24.011810384418645,23.760953570480478,0.0,0.0
2023-10-08 19:00:00,SOLAR-BETA-02,0.0,20.653126820846428,22.77420313435123,0.0,0.0
2023-10-08 19:15:00,SOLAR-BETA-02,0.0,23.478505359253944,23.434721643326117,0.0,0.0
2023-10-08 19:30:00,SOLAR-BETA-02,0.0,19.966489538573732,20.97046175594964,0.0,0.0
2023-10-08 19:45:00,SOLAR-BETA-02,0.0,21.84355923184584,24.138515452144688,0.0,0.0
2023-10-08 20:00:00,SOLAR-BETA-02,0.0,18.776148713623826,16.815506791114267,0.0,0.0
2023-10-08 20:15:00,SOLAR-BETA-02,0.0,16.983726009564098,15.277173581181842,0.0,0.0
2023-10-08 20:30:00,SOLAR-BETA-02,0.0,16.093374985360555,14.736508239102024,0.0,0.0
2023-10-08 20:45:00,SOLAR-BETA-02,0.0,16.200103917392045,16.411751736464865,0.0,0.0
2023-10-08 21:00:00,SOLAR-BETA-02,0.0,17.13627981597562,16.681098493731085,0.0,0.0
2023-10-08 21:15:00,SOLAR-BETA-02,0.0,14.524151203430769,14.401655236034149,0.0,0.0
2023-10-08 21:30:00,SOLAR-BETA-02,0.0,14.756179005444881,14.77069849342444,0.0,0.0
2023-10-08 21:45:00,SOLAR-BETA-02,0.0,18.9501564064742,20.726362428001334,0.0,0.0
2023-10-08 22:00:00,SOLAR-BETA-02,0.0,17.675981318821847,19.48629490061394,0.0,0.0
2023-10-08 22:15:00,SOLAR-BETA-02,0.0,14.135907261420371,14.285640221187075,0.0,0.0
2023-10-08 22:30:00,SOLAR-BETA-02,0.0,14.97990198231536,15.051518335124085,0.0,0.0
2023-10-08 22:45:00,SOLAR-BETA-02,0.0,11.58436520994597,11.29428763984052,0.0,0.0
2023-10-08 23:00:00,SOLAR-BETA-02,0.0,12.375619823963806,12.828623211702105,0.0,0.0
2023-10-08 23:15:00,SOLAR-BETA-02,0.0,13.060086602957096,12.308965841067497,0.0,0.0
2023-10-08 23:30:00,SOLAR-BETA-02,0.0,10.592362617699724,9.691149837356779,0.0,0.0
2023-10-08 23:45:00,SOLAR-BETA-02,0.0,12.150351985348056,12.744870779145957,0.0,0.0
2023-10-09 00:00:00,SOLAR-BETA-02,0.0,10.750630726178091,11.781747394819458,0.0,0.0
2023-10-09 00:15:00,SOLAR-BETA-02,0.0,10.0,9.568756123925304,0.0,0.0
2023-10-09 00:30:00,SOLAR-BETA-02,0.0,12.130604137468184,12.568758173095933,0.0,0.0
2023-10-09 00:45:00,SOLAR-BETA-02,0.0,11.332505195839122,11.671419110320905,0.0,0.0
2023-10-09 01:00:00,SOLAR-BETA-02,0.0,10.0,10.535920053647107,0.0,0.0
2023-10-09 01:15:00,SOLAR-BETA-02,0.0,10.466750206123788,9.105228684255502,0.0,0.0
2023-10-09 01:30:00,SOLAR-BETA-02,0.0,10.0,8.990567445256826,0.0,0.0
2023-10-09 01:45:00,SOLAR-BETA-02,0.0,10.67814585944529,10.261426188418488,0.0,0.0
2023-10-09 02:00:00,SOLAR-BETA-02,0.0,14.410885378593754,13.451391691604353,0.0,0.0
2023-10-09 02:15:00,SOLAR-BETA-02,0.0,11.280235553760875,12.670641919852207,0.0,0.0
2023-10-09 02:30:00,SOLAR-BETA-02,0.0,10.0,10.840881612942397,0.0,0.0
2023-10-09 02:45:00,SOLAR-BETA-02,0.0,13.641579229372025,15.203236857403496,0.0,0.0
2023-10-09 03:00:00,SOLAR-BETA-02,0.0,10.736162404259208,11.26702346226734,0.0,0.0
2023-10-09 03:15:00,SOLAR-BETA-02,0.0,10.155359570732696,11.406949095192296,0.0,0.0
2023-10-09 03:30:00,SOLAR-BETA-02,0.0,16.477759880533732,15.3445069836582,0.0,0.0
2023-10-09 03:45:00,SOLAR-BETA-02,0.0,10.0,8.208502283078609,0.0,0.0
2023-10-09 04:00:00,SOLAR-BETA-02,0.0,13.838392056731706,15.552441385973,0.0,0.0
2023-10-09 04:15:00,SOLAR-BETA-02,0.0,10.406832834493692,10.425728069819955,0.0,0.0
2023-10-09 04:30:00,SOLAR-BETA-02,0.0,14.283385137366878,14.945371206464106,0.0,0.0
2023-10-09 04:45:00,SOLAR-BETA-02,0.0,10.0,9.682021451205738,0.0,0.0
2023-10-09 05:00:00,SOLAR-BETA-02,0.0,12.764389225564434,11.452025603661589,0.0,0.0
2023-10-09 05:15:00,SOLAR-BETA-02,0.0,11.288728698362501,9.587820570064409,0.0,0.0
2023-10-09 05:30:00,SOLAR-BETA-02,0.0,17.82509418588995,16.470907507786226,0.0,0.0
2023-10-09 05:45:00,SOLAR-BETA-02,0.0,15.884410594180569,14.361523621151633,0.0,0.0
2023-10-09 06:00:00,SOLAR-BETA-02,0.0,12.350756849096927,13.145507426781126,0.0,0.0
2023-10-09 06:15:00,SOLAR-BETA-02,0.0,15.970898931573426,18.429588571090783,34.501275449207625,0.0
2023-10-09 06:30:00,SOLAR-BETA-02,113.95348244033656,17.84162958088794,18.47841104919536,55.08929983966029,119.65115656235339
2023-10-09 06:45:00,SOLAR-BETA-02,143.19105989159516,12.323880434568181,15.105147981134657,67.59191512589328,150.35061288617493
2023-10-09 07:00:00,SOLAR-BETA-02,166.34100200846697,15.76056010640255,17.215060967276212,85.97448824210065,174.65805210889033
2023-10-09 07:15:00,SOLAR-BETA-02,520.1698316469284,18.740756072853152,25.402479285288905,260.1414373570481,546.1783232292748
2023-10-09 07:30:00,SOLAR-BETA-02,519.2188890794126,16.662654321813054,23.375881205201043,262.9387211318891,545.1798335333833
2023-10-09 07:45:00,SOLAR-BETA-02,608.2751080164586,21.10488353011427,28.834303759103562,311.15889294999204,638.6888634172816
2023-10-09 08:00:00,SOLAR-BETA-02,854.6362085016909,21.013907486131604,31.782656450480758,441.23364348401384,897.3680189267756
2023-10-09 08:15:00,SOLAR-BETA-02,989.4882895283305,18.400080398479737,30.948625765006316,510.76900267183976,1038.9627040047471
2023-10-09 08:30:00,SOLAR-BETA-02,985.5602328214309,23.810306416853802,35.38134889457934,512.8474453818599,1034.8382444625024
2023-10-09 08:45:00,SOLAR-BETA-02,1112.4740629865996,23.341514310224305,37.62398956716793,592.8621333336434,1168.0977661359298
2023-10-09 09:00:00,SOLAR-BETA-02,946.1084612922205,23.905891856268976,37.531699740221796,495.9406234162145,993.4138843568315
2023-10-09 09:15:00,SOLAR-BETA-02,1266.472095033952,21.46805496926911,38.15943013760305,672.7391093515231,1329.7956997856497
2023-10-09 09:30:00,SOLAR-BETA-02,1143.4903008909387,26.507886924848805,43.07332337624887,614.0300615160899,1200.6648159354856
2023-10-09 09:45:00,SOLAR-BETA-02,1168.1546641518419,23.188593691764094,38.17570868742056,619.177903747259,1226.562397359434
2023-10-09 10:00:00,SOLAR-BETA-02,1278.5017255126472,28.31130352862685,44.858418198199274,689.3169473355529,1342.4268117882796
2023-10-09 10:15:00,SOLAR-BETA-02,1253.4549414919065,26.162855883156784,42.13259911478044,668.6058351807008,1316.127688566502
2023-10-09 10:30:00,SOLAR-BETA-02,1498.5562290568814,23.69758525264413,42.469164190797414,809.7567385096829,1573.4840405097254
2023-10-09 10:45:00,SOLAR-BETA-02,1421.9591903718797,28.520071758856414,46.947679979786194,783.8616483690216,1493.0571498904737
2023-10-09 11:00:00,SOLAR-BETA-02,1457.649943041512,25.818138989672164,45.34619394120914,790.8155620357619,1530.5324401935877
2023-10-09 11:15:00,SOLAR-BETA-02,1426.5257435094577,25.256247189682007,41.45930925026279,757.5840014190153,1497.8520306849307
2023-10-09 11:30:00,SOLAR-BETA-02,1573.2436463438476,29.647719472412348,51.05468804967995,879.2490077978725,1651.90582866104
2023-10-09 11:45:00,SOLAR-BETA-02,1437.9021445690173,29.94932200015824,49.63317054213584,788.0086663867269,1509.7972517974683
2023-10-09 12:00:00,SOLAR-BETA-02,1322.0200174337688,29.264909249008365,49.21923557777247,735.9467997954162,1388.1210183054573
2023-10-09 12:15:00,SOLAR-BETA-02,1434.8754976754394,29.406509536112086,48.81921327810065,795.3357919866665,1506.6192725592114
2023-10-09 12:30:00,SOLAR-BETA-02,1480.6459936274648,32.07385370450695,51.774283297462716,827.9943899661159,1554.6782933088382
2023-10-09 12:45:00,SOLAR-BETA-02,1407.2989480475712,25.064869221405885,42.737107282736424,755.3788748225128,1477.66389544995
2023-10-09 13:00:00,SOLAR-BETA-02,1402.5275615494384,30.37888443608659,50.82243071546249,784.763663101688,1472.6539396269104
2023-10-09 13:15:00,SOLAR-BETA-02,1243.1734907827433,33.71498812320086,50.06742748077183,687.5253079611705,1305.3321653218804
2023-10-09 13:30:00,SOLAR-BETA-02,1276.9968378374115,32.296928308693865,49.820837675388965,703.9705418399528,1340.8466797292822
2023-10-09 13:45:00,SOLAR-BETA-02,1420.6587753007311,27.337725088022825,47.47990798703083,779.5573493856872,1491.6917140657677
2023-10-09 14:00:00,SOLAR-BETA-02,1417.6823125651074,30.385649794221152,50.74176619102076,785.8099958558486,1488.5664281933628
2023-10-09 14:15:00,SOLAR-BETA-02,1297.5237593420704,27.858490446703602,45.165034092703785,706.607961599208,1362.399947309174
2023-10-09 14:30:00,SOLAR-BETA-02,1154.0737616296656,28.99015915639336,44.80695074604542,630.588083241818,1211.7774497111488
2023-10-09 14:45:00,SOLAR-BETA-02,1034.9414658822357,27.18556703446521,41.83444498295651,554.635549898874,1086.6885391763476
2023-10-09 15:00:00,SOLAR-BETA-02,1022.7576872046794,30.041278628540734,43.83412048728086,555.7677344204774,1073.8955715649136
2023-10-09 15:15:00,SOLAR-BETA-02,1005.5542271418738,32.441236926750285,46.0448121996541,554.4261492386258,1055.8319384989675
2023-10-09 15:30:00,SOLAR-BETA-02,954.425682938351,32.78302055750188,44.8257870998324,510.06106913416744,1002.1469670852686
2023-10-09 15:45:00,SOLAR-BETA-02,756.4153256751971,29.07989063782972,38.50121289802496,402.05601896809577,794.236091958957
2023-10-09 16:00:00,SOLAR-BETA-02,726.6533080492343,26.654504387884025,36.97106916389816,378.0869578473973,762.985973451696
2023-10-09 16:15:00,SOLAR-BETA-02,768.0962075045131,27.262536719410644,37.139670402523805,395.553939835791,806.5010178797388
2023-10-09 16:30:00,SOLAR-BETA-02,394.03812856052326,29.25678675739881,33.04486099066389,198.49236186633436,413.74003498854944
2023-10-09 16:45:00,SOLAR-BETA-02,555.9870373258265,26.808009054517044,33.56020458573457,289.59077034117263,583.7863891921178
2023-10-09 17:00:00,SOLAR-BETA-02,529.5259009446929,26.451768142092124,34.59110741425538,269.6431410457941,556.0021959919276
2023-10-09 17:15:00,SOLAR-BETA-02,233.3669542897841,23.711722834589104,26.548269933329653,109.96538538030005,245.03530200427332
2023-10-09 17:30:00,SOLAR-BETA-02,272.80466588073074,24.083595169570664,27.7826024556563,135.31994536622415,286.4448991747673
2023-10-09 17:45:00,SOLAR-BETA-02,0.0,24.55763756402509,26.159826912090477,20.14500468998549,0.0
2023-10-09 18:00:00,SOLAR-BETA-02,0.0,25.080041078508476,25.312190649961426,0.0,0.0
2023-10-09 18:15:00,SOLAR-BETA-02,0.0,23.54715362516946,24.710218998872655,0.0,0.0
2023-10-09 18:30:00,SOLAR-BETA-02,0.0,25.368832552738056,25.898714939116307,0.0,0.0
2023-10-09 18:45:00,SOLAR-BETA-02,0.0,26.887828344936572,25.390626945885913,0.0,0.0
2023-10-09 19:00:00,SOLAR-BETA-02,0.0,23.081309878750606,25.627655814068085,0.0,0.0
2023-10-09 19:15:00,SOLAR-BETA-02,0.0,21.847386661364414,21.136821727204197,0.0,0.0
2023-10-09 19:30:00,SOLAR-BETA-02,0.0,23.135623721155078,22.239649092968346,0.0,0.0
2023-10-09 19:45:00,SOLAR-BETA-02,0.0,18.49166882404533,17.17324844775342,0.0,0.0
2023-10-09 20:00:00,SOLAR-BETA-02,0.0,18.97933087636458,19.989044749790413,0.0,0.0
2023-10-09 20:15:00,SOLAR-BETA-02,0.0,22.933177500630293,22.525145715675382,0.0,0.0
2023-10-09 20:30:00,SOLAR-BETA-02,0.0,18.527235034360793,19.083579627795803,0.0,0.0
2023-10-09 20:45:00,SOLAR-BETA-02,0.0,18.54045923505166,19.33243196386254,0.0,0.0
2023-10-09 21:00:00,SOLAR-BETA-02,0.0,19.62015249811199,20.606292393399663,0.0,0.0
2023-10-09 21:15:00,SOLAR-BETA-02,0.0,14.012462089125673,14.796427346250088,0.0,0.0
2023-10-09 21:30:00,SOLAR-BETA-02,0.0,19.909335541320516,18.30010947886046,0.0,0.0
2023-10-09 21:45:00,SOLAR-BETA-02,0.0,15.612314774703979,16.47085921066421,0.0,0.0
2023-10-09 22:00:00,SOLAR-BETA-02,0.0,17.397232584184835,17.729382569481572,0.0,0.0
2023-10-09 22:15:00,SOLAR-BETA-02,0.0,14.216821346308741,12.627389672601302,0.0,0.0
2023-10-09 22:30:00,SOLAR-BETA-02,0.0,14.396500623439907,14.117753283134125,0.0,0.0
2023-10-09 22:45:00,SOLAR-BETA-02,0.0,13.201091805416096,12.72251399626567,0.0,0.0
2023-10-09 23:00:00,SOLAR-BETA-02,0.0,11.697356676141244,11.011802063389382,0.0,0.0
2023-10-09 23:15:00,SOLAR-BETA-02,0.0,12.054199113043678,11.210120552137639,0.0,0.0
2023-10-09 23:30:00,SOLAR-BETA-02,0.0,10.267500897830782,9.715682001629192,0.0,0.0
2023-10-09 23:45:00,SOLAR-BETA-02,0.0,12.53879039529805,12.493960076699254,0.0,0.0
2023-10-10 00:00:00,SOLAR-BETA-02,0.0,10.261871289343174,10.385153014391465,0.0,0.0
2023-10-10 00:15:00,SOLAR-BETA-02,0.0,11.250801651721892,10.748179069751156,0.0,0.0
2023-10-10 00:30:00,SOLAR-BETA-02,0.0,12.95842030993435,12.924142346722446,0.0,0.0
2023-10-10 00:45:00,SOLAR-BETA-02,0.0,12.553307169013623,12.97293362831694,0.0,0.0
2023-10-10 01:00:00,SOLAR-BETA-02,0.0,10.399036608948427,10.29804806894915,0.0,0.0
2023-10-10 01:15:00,SOLAR-BETA-02,0.0,14.646100874458941,16.611341068058827,0.0,0.0
2023-10-10 01:30:00,SOLAR-BETA-02,0.0,11.903264507758895,11.804808599306488,0.0,0.0
2023-10-10 01:45:00,SOLAR-BETA-02,0.0,11.951674003568755,10.919406888528467,0.0,0.0
2023-10-10 02:00:00,SOLAR-BETA-02,0.0,10.187238612209395,8.332662101936593,0.0,0.0
2023-10-10 02:15:00,SOLAR-BETA-02,0.0,10.078391451415932,9.738025039265853,0.0,0.0
2023-10-10 02:30:00,SOLAR-BETA-02,0.0,14.042923934724065,14.477228666665098,0.0,0.0
2023-10-10 02:45:00,SOLAR-BETA-02,0.0,10.045932353311605,9.437843399806985,0.0,0.0
2023-10-10 03:00:00,SOLAR-BETA-02,0.0,10.0,10.044147847066075,0.0,0.0
2023-10-10 03:15:00,SOLAR-BETA-02,0.0,10.37290878930686,10.571371586656324,0.0,0.0
2023-10-10 03:30:00,SOLAR-BETA-02,0.0,10.979654490820646,10.730516234102895,0.0,0.0
2023-10-10 03:45:00,SOLAR-BETA-02,0.0,10.0,9.18916355135538,0.0,0.0
2023-10-10 04:00:00,SOLAR-BETA-02,0.0,10.0,11.967411388893375,0.0,0.0
2023-10-10 04:15:00,SOLAR-BETA-02,0.0,13.497290013470192,13.196877933714806,0.0,0.0
2023-10-10 04:30:00,SOLAR-BETA-02,0.0,11.88047875453828,10.684584350795836,0.0,0.0
2023-10-10 04:45:00,SOLAR-BETA-02,0.0,12.407308982954042,11.04499588426907,0.0,0.0
2023-10-10 05:00:00,SOLAR-BETA-02,0.0,11.057800258382732,10.72684383231892,0.0,0.0
2023-10-10 05:15:00,SOLAR-BETA-02,0.0,10.637544461551089,11.427001230571951,0.0,0.0
2023-10-10 05:30:00,SOLAR-BETA-02,0.0,11.773868596867668,11.12964996734728,0.0,0.0
2023-10-10 05:45:00,SOLAR-BETA-02,0.0,13.43082259205017,14.493934253179937,0.0,0.0
2023-10-10 06:00:00,SOLAR-BETA-02,0.0,20.08794434993837,20.952408669487134,0.6561423997041728,0.0
2023-10-10 06:15:00,SOLAR-BETA-02,0.0,16.702197392373595,18.441720327994897,12.434891129888044,0.0
2023-10-10 06:30:00,SOLAR-BETA-02,0.0,14.281647596127392,13.451275850065096,0.0,0.0
2023-10-10 06:45:00,SOLAR-BETA-02,174.28187940089828,15.445066091601761,15.377289789514808,75.48076253082357,182.9959733709432
2023-10-10 07:00:00,SOLAR-BETA-02,395.97852087995545,20.439196847407292,25.130600005766237,195.3887085434977,415.7774469239532
2023-10-10 07:15:00,SOLAR-BETA-02,413.0028706832231,17.577415907453574,23.94821666614598,202.0174902483079,433.6530142173842
2023-10-10 07:30:00,SOLAR-BETA-02,587.8734038096977,14.04754568996378,21.700542420648308,290.55261010557115,617.2670740001827
2023-10-10 07:45:00,SOLAR-BETA-02,598.134225495292,17.473112840315927,24.96347161187258,296.8620364711323,628.0409367700565
2023-10-10 08:00:00,SOLAR-BETA-02,792.1675229494151,17.879581393322525,27.97206047820453,399.7669605848614,831.775899096886
2023-10-10 08:15:00,SOLAR-BETA-02,897.0572874484211,20.235697387966766,32.89553571223674,459.28994665911694,941.9101518208422
2023-10-10 08:30:00,SOLAR-BETA-02,969.1947609791416,21.592261345534677,33.15275561469805,496.4837363733406,1017.6544990280987
2023-10-10 08:45:00,SOLAR-BETA-02,1124.7037467028115,22.892198804485346,39.156919726719465,594.4011194895155,1180.938934037952
2023-10-10 09:00:00,SOLAR-BETA-02,852.2698293833859,26.50813639069283,39.52405411806753,448.04412807318454,894.8833208525551
2023-10-10 09:15:00,SOLAR-BETA-02,1170.5093507259726,23.712096232464017,37.97491384713901,619.7505317170218,1229.0348182622713
2023-10-10 09:30:00,SOLAR-BETA-02,1375.6429049290223,23.277946787464213,42.78923907515326,747.452944698885,1444.4250501754734
2023-10-10 09:45:00,SOLAR-BETA-02,1263.752699678451,23.543056559465487,40.27440170790976,671.0755105324527,1326.9403346623737
2023-10-10 10:00:00,SOLAR-BETA-02,1204.7623822944795,27.963697397370325,43.00473713334171,648.9324046174994,1265.0005014092035
2023-10-10 10:15:00,SOLAR-BETA-02,1193.2003966335337,25.018399473511003,40.4415526745468,634.5832009498371,1252.8604164652104
2023-10-10 10:30:00,SOLAR-BETA-02,1392.7138736939285,25.08808671455548,42.98466773482827,755.5377006616798,1462.349567378625
2023-10-10 10:45:00,SOLAR-BETA-02,1471.9611913077954,29.129603266282047,49.01083094232812,807.8915233195114,1545.5592508731852
2023-10-10 11:00:00,SOLAR-BETA-02,1557.7354541133795,23.80479146338033,45.21053181568975,841.1748066162006,1635.6222268190486
2023-10-10 11:15:00,SOLAR-BETA-02,1319.5545494981368,25.931062302614617,43.56374851503965,705.8476989048509,1385.5322769730437
2023-10-10 11:30:00,SOLAR-BETA-02,1468.8409902022568,22.300542995202896,42.18674618325727,784.9774142057469,1542.2830397123696
2023-10-10 11:45:00,SOLAR-BETA-02,1425.7294753377982,29.532734934824262,47.870881401419865,791.1382675959866,1497.0159491046882
2023-10-10 12:00:00,SOLAR-BETA-02,1270.0536574875712,29.94124254982979,47.8341279038458,694.9116715002227,1333.5563403619499
2023-10-10 12:15:00,SOLAR-BETA-02,1542.9115546380758,29.894157670353227,54.28816230119773,884.2753203513575,1620.0571323699796
2023-10-10 12:30:00,SOLAR-BETA-02,1425.7068770385104,29.670460660584382,51.039116822066106,790.6764279212468,1496.9922208904359
2023-10-10 12:45:00,SOLAR-BETA-02,1421.4994329423125,29.392435931316736,50.41345472422778,792.3366350172605,1492.5744045894282
2023-10-10 13:00:00,SOLAR-BETA-02,1450.0251798936092,32.03286201918868,52.90467073394412,814.4211118200061,1522.5264388882897
2023-10-10 13:15:00,SOLAR-BETA-02,1425.6621779065358,27.392043138123324,47.081972942652484,779.2004727748963,1496.9452868018627
2023-10-10 13:30:00,SOLAR-BETA-02,1533.2641603828843,29.554069715454002,50.22571082036172,860.0312980399121,1609.9273684020286
2023-10-10 13:45:00,SOLAR-BETA-02,1211.980869375122,30.022332274197307,47.489917050692064,670.2010354705766,1272.5799128438782
2023-10-10 14:00:00,SOLAR-BETA-02,1321.9720969525556,29.66940906665509,47.8762515114584,737.1426455291809,1388.0707018001835
2023-10-10 14:15:00,SOLAR-BETA-02,1236.0492661379374,30.870571977705755,48.62267312430316,678.6991539186488,1297.8517294448343
2023-10-10 14:30:00,SOLAR-BETA-02,1190.6842223842577,32.235585241908765,48.2344647342056,655.0514211417583,1250.2184335034706
2023-10-10 14:45:00,SOLAR-BETA-02,943.6741011717703,32.14517052906981,46.124287560639864,511.8849312923906,990.8578062303588
2023-10-10 15:00:00,SOLAR-BETA-02,1123.5843735424696,27.126908804784414,45.499697697223965,616.0719223732228,1179.7635922195932
2023-10-10 15:15:00,SOLAR-BETA-02,936.4618119047999,30.29447710887315,44.07288020577606,517.2262273563173,983.28490250004
2023-10-10 15:30:00,SOLAR-BETA-02,908.2883948321623,30.22951206242003,42.22576419611989,487.43738259368524,953.7028145737705
2023-10-10 15:45:00,SOLAR-BETA-02,857.1830003574369,33.353314493348456,45.81708246250736,455.88890171439135,900.0421503753088
2023-10-10 16:00:00,SOLAR-BETA-02,954.5579753280593,28.14608603761957,40.97275933660037,517.8148147193609,1002.2858740944623
2023-10-10 16:15:00,SOLAR-BETA-02,729.0914569819357,25.72631482273199,35.7382448265922,389.484484236369,765.5460298310326
2023-10-10 16:30:00,SOLAR-BETA-02,572.9870940817923,26.198968555024816,33.534201817329745,299.8080185809245,601.636448785882
2023-10-10 16:45:00,SOLAR-BETA-02,548.7938165172433,28.309786086483314,35.75732449522309,287.64697857084747,576.2335073431054
2023-10-10 17:00:00,SOLAR-BETA-02,298.9834101002377,26.656717630524135,29.991545025333885,151.8724557989594,313.9325806052496
2023-10-10 17:15:00,SOLAR-BETA-02,303.0438452246386,26.002841222163575,28.21171160922696,155.97073991377536,318.19603748587053
2023-10-10 17:30:00,SOLAR-BETA-02,96.06559551721355,25.29025782041508,26.01677868627535,52.25073055233669,100.86887529307424
2023-10-10 17:45:00,SOLAR-BETA-02,195.63382436310016,25.786469135438026,26.86077741800585,104.80841165438055,205.41551558125516
2023-10-10 18:00:00,SOLAR-BETA-02,0.0,24.92960622092337,26.882015750533608,0.0,0.0
2023-10-10 18:15:00,SOLAR-BETA-02,0.0,22.7397817670958,23.44799727539297,0.0,0.0
2023-10-10 18:30:00,SOLAR-BETA-02,0.0,27.755866048499637,26.572362127832402,0.0,0.0
2023-10-10 18:45:00,SOLAR-BETA-02,0.0,20.59646026011886,20.41909853600982,0.0,0.0
2023-10-10 19:00:00,SOLAR-BETA-02,0.0,23.91109535608514,22.454443582108496,0.0,0.0
2023-10-10 19:15:00,SOLAR-BETA-02,0.0,20.59743645006082,19.954936455369758,0.0,0.0
2023-10-10 19:30:00,SOLAR-BETA-02,0.0,14.619080122230697,14.897507577030309,0.0,0.0
2023-10-10 19:45:00,SOLAR-BETA-02,0.0,20.946376274847193,21.377867769051843,0.0,0.0
2023-10-10 20:00:00,SOLAR-BETA-02,0.0,16.239819329573052,16.952921655226255,0.0,0.0
2023-10-10 20:15:00,SOLAR-BETA-02,0.0,22.007018871165666,22.708410491488824,0.0,0.0
2023-10-10 20:30:00,SOLAR-BETA-02,0.0,15.688707466196961,17.312355874142032,0.0,0.0
2023-10-10 20:45:00,SOLAR-BETA-02,0.0,19.53485741559917,18.257538121198245,0.0,0.0
2023-10-10 21:00:00,SOLAR-BETA-02,0.0,20.684042978885174,21.097288052929443,0.0,0.0
2023-10-10 21:15:00,SOLAR-BETA-02,0.0,18.54097158687381,19.418261031002107,0.0,0.0
2023-10-10 21:30:00,SOLAR-BETA-02,0.0,17.34846047045307,18.11646805310299,0.0,0.0
2023-10-10 21:45:00,SOLAR-BETA-02,0.0,15.76950753262074,15.598921964300501,0.0,0.0
2023-10-10 22:00:00,SOLAR-BETA-02,0.0,19.308046465523233,19.6123957983854,0.0,0.0
2023-10-10 22:15:00,SOLAR-BETA-02,0.0,14.446346750523158,13.790342348748396,0.0,0.0
2023-10-10 22:30:00,SOLAR-BETA-02,0.0,11.332894336925726,13.348335507446382,0.0,0.0
2023-10-10 22:45:00,SOLAR-BETA-02,0.0,14.189601635709701,13.42268698625644,0.0,0.0
2023-10-10 23:00:00,SOLAR-BETA-02,0.0,10.390373612534555,9.744589586909807,0.0,0.0
2023-10-10 23:15:00,SOLAR-BETA-02,0.0,11.449797893081858,12.306380506052184,0.0,0.0
2023-10-10 23:30:00,SOLAR-BETA-02,0.0,12.677290801347873,11.221494099089494,0.0,0.0
2023-10-10 23:45:00,SOLAR-BETA-02,0.0,10.0,9.649265651443809,0.0,0.0
2023-10-11 00:00:00,SOLAR-BETA-02,0.0,11.981679184892249,8.850878509973882,0.0,0.0
2023-10-11 00:15:00,SOLAR-BETA-02,0.0,10.97650319448977,11.531518795591598,0.0,0.0
2023-10-11 00:30:00,SOLAR-BETA-02,0.0,15.031658864747772,14.998656728162233,0.0,0.0
2023-10-11 00:45:00,SOLAR-BETA-02,0.0,11.050178251795584,8.986604233840696,0.0,0.0
2023-10-11 01:00:00,SOLAR-BETA-02,0.0,10.0,9.318800997286013,0.0,0.0
2023-10-11 01:15:00,SOLAR-BETA-02,0.0,10.0,9.61872204432585,0.0,0.0
2023-10-11 01:30:00,SOLAR-BETA-02,0.0,11.091965653666543,8.803818248610943,0.0,0.0
2023-10-11 01:45:00,SOLAR-BETA-02,0.0,10.04088922129789,10.051717095582262,0.0,0.0
2023-10-11 02:00:00,SOLAR-BETA-02,0.0,11.505730143252745,12.094715932455806,0.0,0.0
2023-10-11 02:15:00,SOLAR-BETA-02,0.0,11.029048210761633,11.84077466805911,0.0,0.0
2023-10-11 02:30:00,SOLAR-BETA-02,0.0,10.0,10.175417521052552,0.0,0.0
2023-10-11 02:45:00,SOLAR-BETA-02,0.0,11.362802776652556,11.177160873244972,0.0,0.0
2023-10-11 03:00:00,SOLAR-BETA-02,0.0,12.464617740306892,12.250231240919383,0.0,0.0
2023-10-11 03:15:00,SOLAR-BETA-02,0.0,14.255371562478707,15.062117196963431,0.0,0.0
2023-10-11 03:30:00,SOLAR-BETA-02,0.0,10.0,9.664927479092402,0.0,0.0
2023-10-11 03:45:00,SOLAR-BETA-02,0.0,11.558609110124404,11.876817444432984,0.0,0.0
2023-10-11 04:00:00,SOLAR-BETA-02,0.0,10.0,9.710596442872022,0.0,0.0
2023-10-11 04:15:00,SOLAR-BETA-02,0.0,12.955525875689052,12.655963722562761,0.0,0.0
2023-10-11 04:30:00,SOLAR-BETA-02,0.0,10.754127336431827,10.538702705499817,0.0,0.0
2023-10-11 04:45:00,SOLAR-BETA-02,0.0,12.260894686260604,13.027476968867283,0.0,0.0
2023-10-11 05:00:00,SOLAR-BETA-02,0.0,11.689515551923908,10.633083512393542,0.0,0.0
2023-10-11 05:15:00,SOLAR-BETA-02,0.0,17.757940873927126,18.344826492052142,0.0,0.0
2023-10-11 05:30:00,SOLAR-BETA-02,0.0,14.113470349833547,13.239829723190617,0.0,0.0
2023-10-11 05:45:00,SOLAR-BETA-02,0.0,14.832661765965383,13.885815188855387,0.0,0.0
2023-10-11 06:00:00,SOLAR-BETA-02,0.0,15.882525627881014,16.691256151281703,0.0,0.0
2023-10-11 06:15:00,SOLAR-BETA-02,0.0,10.23399074376195,10.948436488163715,44.447293343813556,0.0
2023-10-11 06:30:00,SOLAR-BETA-02,311.25570761584146,16.48439885538583,20.263094499909318,154.40453623309068,326.81849299663355
2023-10-11 06:45:00,SOLAR-BETA-02,287.42136607767856,18.62404683841117,21.183657614093313,142.3828824298457,301.7924343815625
2023-10-11 07:00:00,SOLAR-BETA-02,425.08272749784544,16.272421314350538,19.383196220429213,205.06974772413093,446.33686387273775
2023-10-11 07:15:00,SOLAR-BETA-02,620.4610086732374,18.11821531932222,25.151320710731348,314.80000776635995,651.4840591068993
2023-10-11 07:30:00,SOLAR-BETA-02,560.5598619960101,17.602604893412035,24.361727115308646,292.01105334084474,588.5878550958106
2023-10-11 07:45:00,SOLAR-BETA-02,814.2913010615355,22.72032536358254,31.88559499851797,421.6700697310236,855.0058661146123
2023-10-11 08:00:00,SOLAR-BETA-02,856.2695053448396,20.173840746785377,31.682578744848144,436.2638675661764,899.0829806120815
2023-10-11 08:15:00,SOLAR-BETA-02,666.2663056917951,21.3170744414165,28.920045523844674,329.43742758008943,699.5796209763848
2023-10-11 08:30:00,SOLAR-BETA-02,959.360128644858,22.722505408016488,35.60421972187369,495.84648814923304,1007.328135077101
2023-10-11 08:45:00,SOLAR-BETA-02,1062.2042037054393,23.06924273537061,38.61504193153996,566.2655103521117,1115.3144138907114
2023-10-11 09:00:00,SOLAR-BETA-02,1196.0293510126212,20.179075282691073,35.47083189369839,614.8046864058233,1255.8308185632523
2023-10-11 09:15:00,SOLAR-BETA-02,1085.3283356872375,22.68741898897803,38.34179359177952,576.8145361707562,1139.5947524715996
2023-10-11 09:30:00,SOLAR-BETA-02,1178.8270343273698,23.50444717815288,36.761843210462665,613.36538636929,1237.7683860437382
2023-10-11 09:45:00,SOLAR-BETA-02,1260.6031181389894,27.66318502253958,44.93231324662559,686.1075725787902,1323.633274045939
2023-10-11 10:00:00,SOLAR-BETA-02,1233.5546956350645,24.75812358240665,41.728290276478596,663.5526045579066,1295.2324304168178
2023-10-11 10:15:00,SOLAR-BETA-02,1340.0121517407938,23.327296830352406,41.80733557415153,721.223505534174,1407.0127593278335
2023-10-11 10:30:00,SOLAR-BETA-02,1326.594955875959,26.484227915344874,44.55620465016625,717.5654660464874,1392.924703669757
2023-10-11 10:45:00,SOLAR-BETA-02,1403.9834873118343,25.97083565239535,45.78246135112959,768.2486288524562,1474.182661677426
2023-10-11 11:00:00,SOLAR-BETA-02,1403.2064141676146,29.911286457572015,51.90892142758581,778.8553860691187,1473.3667348759955
2023-10-11 11:15:00,SOLAR-BETA-02,1536.7173236799465,29.83567876723916,52.10879667273766,866.5610525996437,1613.553189863944
2023-10-11 11:30:00,SOLAR-BETA-02,1527.5945941119103,29.777480773761493,50.078536650395506,834.3998267554323,1603.9743238175058
2023-10-11 11:45:00,SOLAR-BETA-02,1393.394090777053,28.99674716437035,48.33956103817665,760.3967173361597,1463.0637953159057
2023-10-11 12:00:00,SOLAR-BETA-02,1485.3344829252483,30.458188616783275,49.80998119213864,826.5585314512615,1559.6012070715108
2023-10-11 12:15:00,SOLAR-BETA-02,1212.2759697714316,29.019032925568986,47.233480826315834,664.3718173612203,1272.8897682600032
2023-10-11 12:30:00,SOLAR-BETA-02,1303.1261028304466,30.24527183663661,47.96264898832979,724.9426390992057,1368.282407971969
2023-10-11 12:45:00,SOLAR-BETA-02,1378.589972418972,31.321537393392127,50.787277758676076,775.1906552964281,1447.5194710399205
2023-10-11 13:00:00,SOLAR-BETA-02,1336.1852748542344,25.886891297881625,45.1527727631431,729.6699120735384,1402.9945385969463
2023-10-11 13:15:00,SOLAR-BETA-02,1272.9957615814574,30.83499502389688,51.11767561232783,719.700221523984,1336.6455496605304
2023-10-11 13:30:00,SOLAR-BETA-02,1319.7146394406907,27.96441241210556,47.10562424699067,724.618316078857,1385.7003714127252
2023-10-11 13:45:00,SOLAR-BETA-02,1269.9446814777368,26.824809440099802,43.44318459743032,684.6900782960705,1333.4419155516237
2023-10-11 14:00:00,SOLAR-BETA-02,1270.439582607343,29.665965395712195,47.92164509006691,705.3466395267569,1333.9615617377103
2023-10-11 14:15:00,SOLAR-BETA-02,1092.5085921876962,25.680639060431915,39.89883465648756,579.92942769555,1147.134021797081
2023-10-11 14:30:00,SOLAR-BETA-02,1293.9966814165211,29.565336318272166,48.54190584601508,715.3467815919023,1358.6965154873474
2023-10-11 14:45:00,SOLAR-BETA-02,1160.756239394302,31.078914674789047,46.33875292980106,636.5418060206723,1218.7940513640172
2023-10-11 15:00:00,SOLAR-BETA-02,1103.897400079658,30.70326510789205,45.614795868995344,606.5102996759606,1159.0922700836409
2023-10-11 15:15:00,SOLAR-BETA-02,980.3745812564382,30.121204280968904,42.53113299703516,529.1238991399741,1029.39331031926
2023-10-11 15:30:00,SOLAR-BETA-02,801.3884438862043,27.521742401135622,37.758254412655454,421.3399181487503,841.4578660805146
2023-10-11 15:45:00,SOLAR-BETA-02,974.5438048780287,26.597488260592037,38.74953592871812,511.0018366808851,1023.2709951219302
2023-10-11 16:00:00,SOLAR-BETA-02,800.0854218355214,30.827080950427952,43.403836857590974,434.10671247613465,840.0896929272975
2023-10-11 16:15:00,SOLAR-BETA-02,573.0131854709196,27.674706693588917,35.22569698066063,299.7626073441083,601.6638447444656
2023-10-11 16:30:00,SOLAR-BETA-02,622.4816877982014,27.197411576258443,34.70903822636042,324.71564154435043,653.6057721881115
2023-10-11 16:45:00,SOLAR-BETA-02,451.8965008341957,25.19650763910292,31.954994912724395,226.0247800887246,474.4913258759055
2023-10-11 17:00:00,SOLAR-BETA-02,555.2413757155688,28.932364130792187,35.57277944820276,282.7382237896055,583.0034445013472
2023-10-11 17:15:00,SOLAR-BETA-02,302.05633273869216,28.443471912672866,33.50237815604346,148.3746769849927,317.1591493756268
2023-10-11 17:30:00,SOLAR-BETA-02,169.8506297793424,24.8791436273371,28.401607925638416,95.28679745453195,178.34316126830953
2023-10-11 17:45:00,SOLAR-BETA-02,0.0,25.39767308184249,24.258884998530462,0.0,0.0
2023-10-11 18:00:00,SOLAR-BETA-02,0.0,24.363062511641836,23.897197952252085,0.0,0.0
2023-10-11 18:15:00,SOLAR-BETA-02,0.0,23.47674514118981,25.549621404914646,0.0,0.0
2023-10-11 18:30:00,SOLAR-BETA-02,0.0,24.499641262026646,24.00664429271144,0.0,0.0
2023-10-11 18:45:00,SOLAR-BETA-02,0.0,22.363936859284273,22.32156528399733,0.0,0.0
2023-10-11 19:00:00,SOLAR-BETA-02,0.0,23.54930148905711,24.591865555590775,0.0,0.0
2023-10-11 19:15:00,SOLAR-BETA-02,0.0,23.77179110299226,23.94494916548924,0.0,0.0
2023-10-11 19:30:00,SOLAR-BETA-02,0.0,20.231860604470953,19.315348286199185,0.0,0.0
2023-10-11 19:45:00,SOLAR-BETA-02,0.0,17.807896692706024,16.507999442166913,0.0,0.0
2023-10-11 20:00:00,SOLAR-BETA-02,0.0,19.64026164790676,19.175484852331607,0.0,0.0
2023-10-11 20:15:00,SOLAR-BETA-02,0.0,19.95359136665235,19.096306038852575,0.0,0.0
2023-10-11 20:30:00,SOLAR-BETA-02,0.0,19.422207505133823,19.705171849622413,0.0,0.0
2023-10-11 20:45:00,SOLAR-BETA-02,0.0,15.566064243813477,15.444417117284779,0.0,0.0
2023-10-11 21:00:00,SOLAR-BETA-02,0.0,16.32233460043067,16.317028977503714,0.0,0.0
2023-10-11 21:15:00,SOLAR-BETA-02,0.0,16.815793454545286,18.136057349145553,0.0,0.0
2023-10-11 21:30:00,SOLAR-BETA-02,0.0,15.073326900068283,13.068558579204266,0.0,0.0
2023-10-11 21:45:00,SOLAR-BETA-02,0.0,15.68280450153773,14.480579557502715,0.0,0.0
2023-10-11 22:00:00,SOLAR-BETA-02,0.0,14.471303167271005,14.43244527966876,0.0,0.0
2023-10-11 22:15:00,SOLAR-BETA-02,0.0,10.853423344561394,11.578705386230887,0.0,0.0
2023-10-11 22:30:00,SOLAR-BETA-02,0.0,14.973244549582962,15.293628106979712,0.0,0.0
2023-10-11 22:45:00,SOLAR-BETA-02,0.0,10.0,10.505146045567072,0.0,0.0
2023-10-11 23:00:00,SOLAR-BETA-02,0.0,12.717311718775024,12.684639487082219,0.0,0.0
2023-10-11 23:15:00,SOLAR-BETA-02,0.0,10.0,10.344148157736738,0.0,0.0
2023-10-11 23:30:00,SOLAR-BETA-02,0.0,10.0,8.956472474841457,0.0,0.0
2023-10-11 23:45:00,SOLAR-BETA-02,0.0,12.587339039660169,11.796581199797005,0.0,0.0
2023-10-12 00:00:00,SOLAR-BETA-02,0.0,13.82377024105148,14.207252746845755,0.0,0.0
2023-10-12 00:15:00,SOLAR-BETA-02,0.0,12.28040213490753,11.20589916968046,0.0,0.0
2023-10-12 00:30:00,SOLAR-BETA-02,0.0,10.0,9.119325206545849,0.0,0.0
2023-10-12 00:45:00,SOLAR-BETA-02,0.0,10.660582287424898,11.328816201038178,0.0,0.0
2023-10-12 01:00:00,SOLAR-BETA-02,0.0,10.0,10.309981604317771,0.0,0.0
2023-10-12 01:15:00,SOLAR-BETA-02,0.0,10.0,10.605577167619101,0.0,0.0
2023-10-12 01:30:00,SOLAR-BETA-02,0.0,11.654633733902628,10.586000404189262,0.0,0.0
2023-10-12 01:45:00,SOLAR-BETA-02,0.0,11.342371478152046,11.41373695084603,0.0,0.0
2023-10-12 02:00:00,SOLAR-BETA-02,0.0,12.053026645270617,11.849033345629394,0.0,0.0
2023-10-12 02:15:00,SOLAR-BETA-02,0.0,10.802746784438426,12.072554657404213,0.0,0.0
2023-10-12 02:30:00,SOLAR-BETA-02,0.0,10.0,9.529343244177284,0.0,0.0
2023-10-12 02:45:00,SOLAR-BETA-02,0.0,10.0,10.467226648806397,0.0,0.0
2023-10-12 03:00:00,SOLAR-BETA-02,0.0,10.0,10.826816025988967,0.0,0.0
2023-10-12 03:15:00,SOLAR-BETA-02,0.0,10.874344959528758,10.892434222987516,0.0,0.0
2023-10-12 03:30:00,SOLAR-BETA-02,0.0,10.597321207516432,10.960282526648593,0.0,0.0
2023-10-12 03:45:00,SOLAR-BETA-02,0.0,11.389874330873644,10.98132249214627,0.0,0.0
2023-10-12 04:00:00,SOLAR-BETA-02,0.0,13.460770789196472,12.561195553794878,0.0,0.0
2023-10-12 04:15:00,SOLAR-BETA-02,0.0,12.679569520999394,12.775313059371468,0.0,0.0
2023-10-12 04:30:00,SOLAR-BETA-02,0.0,10.0,10.212195580267156,0.0,0.0
2023-10-12 04:45:00,SOLAR-BETA-02,0.0,13.641821056328851,15.432542539992996,0.0,0.0
2023-10-12 05:00:00,SOLAR-BETA-02,0.0,10.389169830508258,10.452992618982732,0.0,0.0
2023-10-12 05:15:00,SOLAR-BETA-02,0.0,11.740602875371003,10.266208068242205,0.0,0.0
2023-10-12 05:30:00,SOLAR-BETA-02,0.0,15.1198579890311,15.41134340807334,0.0,0.0
2023-10-12 05:45:00,SOLAR-BETA-02,0.0,15.710694564827584,15.372439276246489,0.0,0.0
2023-10-12 06:00:00,SOLAR-BETA-02,147.600813068256,10.0,10.330022762143745,66.59482846798596,154.9808537216688
2023-10-12 06:15:00,SOLAR-BETA-02,0.0,14.281433673140791,14.19376501318725,0.0,0.0
2023-10-12 06:30:00,SOLAR-BETA-02,408.82662699028,18.36082636403692,21.289588448739416,199.05434061917632,429.267958339794
2023-10-12 06:45:00,SOLAR-BETA-02,529.889649395203,18.288114522251416,26.05778363363941,266.16327831133697,556.3841318649633
2023-10-12 07:00:00,SOLAR-BETA-02,350.2753326097831,16.224668719252,20.245224366020363,171.90984630714252,367.78909924027226
2023-10-12 07:15:00,SOLAR-BETA-02,571.2344520489928,14.862409778807196,22.235179003201694,287.6665910835164,599.7961746514425
2023-10-12 07:30:00,SOLAR-BETA-02,671.7298899890953,19.999159734676642,28.619053130036868,335.26580513896096,705.3163844885502
2023-10-12 07:45:00,SOLAR-BETA-02,714.8376180972393,14.796647733115309,23.144027486733254,347.97348951393406,750.5794990021013
2023-10-12 08:00:00,SOLAR-BETA-02,765.5729895155683,19.6128876375883,29.037087537898625,381.02706071652426,803.8516389913468
2023-10-12 08:15:00,SOLAR-BETA-02,897.6268443566914,20.285760129237865,30.994759944291307,466.5804774032528,942.508186574526
2023-10-12 08:30:00,SOLAR-BETA-02,811.6837644867519,21.832353667935806,34.46799742001089,417.54085789666027,852.2679527110895
2023-10-12 08:45:00,SOLAR-BETA-02,1139.770377738879,21.832345124096257,36.997865983841926,596.3071680752528,1196.758896625823
2023-10-12 09:00:00,SOLAR-BETA-02,1092.336176004552,22.136870805378145,36.03628940179622,564.7049638333718,1146.9529848047796
2023-10-12 09:15:00,SOLAR-BETA-02,1113.98470996909,21.7511757004313,35.44143634527926,594.4242548031483,1169.6839454675446
2023-10-12 09:30:00,SOLAR-BETA-02,1092.5369835188797,19.57374305991879,33.92417222361624,575.4033778662094,1147.1638326948237
2023-10-12 09:45:00,SOLAR-BETA-02,1300.8051226877208,25.484634600406114,45.24535303937534,708.078175225368,1365.8453788221068
2023-10-12 10:00:00,SOLAR-BETA-02,1357.3177564005773,23.943915067847502,42.457031793752485,731.054855640304,1425.1836442206063
2023-10-12 10:15:00,SOLAR-BETA-02,1456.9286151805445,24.167490191668342,42.39620331197056,771.8359416408586,1529.7750459395718
2023-10-12 10:30:00,SOLAR-BETA-02,1347.825447511944,26.19620272401811,45.659521311893236,740.962679758866,1415.2167198875413
2023-10-12 10:45:00,SOLAR-BETA-02,1247.648306627884,26.797062149444297,44.431861872597906,678.3307942682994,1310.0307219592783
2023-10-12 11:00:00,SOLAR-BETA-02,1625.497655742353,26.251062717479105,49.68002821266477,895.2810266645001,1706.7725385294707
2023-10-12 11:15:00,SOLAR-BETA-02,1640.4719338383698,24.441281616441042,47.19592200175859,902.6147470403301,1722.4955305302883
2023-10-12 11:30:00,SOLAR-BETA-02,1589.683384221662,26.537779233659975,50.65768769548706,887.6963396122859,1669.167553432745
2023-10-12 11:45:00,SOLAR-BETA-02,1542.1439036223924,28.18819893949144,47.96492104488011,846.3231220773698,1619.2510988035121
2023-10-12 12:00:00,SOLAR-BETA-02,1432.5531315908036,27.69110745335094,47.842546001668836,789.9869128688281,1504.1807881703437
2023-10-12 12:15:00,SOLAR-BETA-02,1398.659446750792,28.09583245260991,47.03560289842585,758.3831920878293,1468.5924190883318
2023-10-12 12:30:00,SOLAR-BETA-02,1498.304983789741,30.49505001739095,51.91746266112617,836.1209240586956,1573.2202329792283
2023-10-12 12:45:00,SOLAR-BETA-02,1415.6419153220695,29.925666508691414,51.06934013088085,799.0346858487571,1486.424011088173
2023-10-12 13:00:00,SOLAR-BETA-02,1371.1793764862512,27.779047189053944,46.84188584673469,754.1372432953815,1439.7383453105638
2023-10-12 13:15:00,SOLAR-BETA-02,1240.6028456401036,25.729233769273815,43.11068688785142,666.3986334110822,1302.632987922109
2023-10-12 13:30:00,SOLAR-BETA-02,1364.042073944435,27.673099338452914,47.80290277354708,751.5158326131387,1432.244177641657
2023-10-12 13:45:00,SOLAR-BETA-02,1276.0261434851093,28.809028615077356,45.66821412762647,697.294279979652,1339.8274506593648
2023-10-12 14:00:00,SOLAR-BETA-02,1131.4997736905325,32.98854722385635,48.71731677675937,626.3586757945981,1188.0747623750592
2023-10-12 14:15:00,SOLAR-BETA-02,998.1851543127553,30.017965891541447,42.879916993819634,538.5219002893646,1048.0944120283932
2023-10-12 14:30:00,SOLAR-BETA-02,1263.95838820076,29.586670245442324,46.055802496879735,697.8133727198269,1327.1563076107982
2023-10-12 14:45:00,SOLAR-BETA-02,1203.2870960796217,31.798363023117478,46.072190113804666,650.4604937225589,1263.4514508836028
2023-10-12 15:00:00,SOLAR-BETA-02,1093.5034429010154,28.94611241926871,43.18755644235982,591.8445799331776,1148.1786150460662
2023-10-12 15:15:00,SOLAR-BETA-02,1053.7275047153441,30.834754555061554,43.5454935870304,569.3488427235683,1106.4138799511113
2023-10-12 15:30:00,SOLAR-BETA-02,808.0480354837812,30.215767998680253,40.51061686638618,448.52683732206617,848.4504372579703
2023-10-12 15:45:00,SOLAR-BETA-02,898.4516770339042,27.571469543175894,36.085408637735746,466.29234425193744,943.3742608855994
2023-10-12 16:00:00,SOLAR-BETA-02,646.0753149132725,28.063333884210778,35.19304273149591,337.09650982355936,678.3790806589361
2023-10-12 16:15:00,SOLAR-BETA-02,655.2091348993256,29.432712621561127,39.252434060707614,345.78333646020855,687.9695916442919
2023-10-12 16:30:00,SOLAR-BETA-02,627.7007078948988,28.825096449243173,37.28032005693895,337.5691800550843,659.0857432896437
2023-10-12 16:45:00,SOLAR-BETA-02,512.1344993070526,30.380575150545276,35.61721297560325,266.0518974289735,537.7412242724052
2023-10-12 17:00:00,SOLAR-BETA-02,370.97465826763073,24.71746291986215,30.224278657553718,194.97145233172682,389.5233911810123
2023-10-12 17:15:00,SOLAR-BETA-02,229.76856132576575,26.998716099920113,30.284297519445353,119.34535105405297,241.25698939205404
2023-10-12 17:30:00,SOLAR-BETA-02,0.0,26.679288476904077,28.122357386775317,0.0,0.0
2023-10-12 17:45:00,SOLAR-BETA-02,139.98230253503533,28.893871817347307,29.210300866001013,72.67850192264653,146.9814176617871
2023-10-12 18:00:00,SOLAR-BETA-02,170.09521896252048,17.90952130111567,21.154490058339864,85.29059628980721,178.5999799106465
2023-10-12 18:15:00,SOLAR-BETA-02,0.0,27.057560793242157,27.33413747924789,0.0,0.0
2023-10-12 18:30:00,SOLAR-BETA-02,0.0,25.528162332237418,23.391505315366917,0.0,0.0
2023-10-12 18:45:00,SOLAR-BETA-02,0.0,28.123689734408128,28.9316334406616,0.0,0.0
2023-10-12 19:00:00,SOLAR-BETA-02,0.0,22.00113102879854,22.0557652952263,0.0,0.0
2023-10-12 19:15:00,SOLAR-BETA-02,0.0,25.724203629336316,25.577344608252574,0.0,0.0
2023-10-12 19:30:00,SOLAR-BETA-02,0.0,21.683501766915295,21.285612260112313,0.0,0.0
2023-10-12 19:45:00,SOLAR-BETA-02,0.0,23.626476094366556,22.531848647858556,0.0,0.0
2023-10-12 20:00:00,SOLAR-BETA-02,0.0,19.88640343520916,18.6950505086366,0.0,0.0
2023-10-12 20:15:00,SOLAR-BETA-02,0.0,22.054321066916792,21.4988235196668,0.0,0.0
2023-10-12 20:30:00,SOLAR-BETA-02,0.0,22.51287138446863,23.534417228827603,0.0,0.0
2023-10-12 20:45:00,SOLAR-BETA-02,0.0,18.42750043641973,19.459110115496234,0.0,0.0
2023-10-12 21:00:00,SOLAR-BETA-02,0.0,15.773606993637705,15.263595431070502,0.0,0.0
2023-10-12 21:15:00,SOLAR-BETA-02,0.0,17.25939838068098,19.705452997695517,0.0,0.0
2023-10-12 21:30:00,SOLAR-BETA-02,0.0,19.856883267194355,22.281127992370457,0.0,0.0
2023-10-12 21:45:00,SOLAR-BETA-02,0.0,15.182444000802688,16.003722876167597,0.0,0.0
2023-10-12 22:00:00,SOLAR-BETA-02,0.0,10.0,9.966412124609741,0.0,0.0
2023-10-12 22:15:00,SOLAR-BETA-02,0.0,16.03189166925954,18.14603558689175,0.0,0.0
2023-10-12 22:30:00,SOLAR-BETA-02,0.0,15.275020174786828,16.644258092858305,0.0,0.0
2023-10-12 22:45:00,SOLAR-BETA-02,0.0,13.091178659935945,14.599739423651561,0.0,0.0
2023-10-12 23:00:00,SOLAR-BETA-02,0.0,13.20110219886593,12.60846536575125,0.0,0.0
2023-10-12 23:15:00,SOLAR-BETA-02,0.0,11.310167863956126,12.426523112851253,0.0,0.0
2023-10-12 23:30:00,SOLAR-BETA-02,0.0,10.0,9.942103091848892,0.0,0.0
2023-10-12 23:45:00,SOLAR-BETA-02,0.0,10.642819382514606,11.254587743083906,0.0,0.0
2023-10-13 00:00:00,SOLAR-BETA-02,0.0,14.380206416709129,12.157448972322328,0.0,0.0
2023-10-13 00:15:00,SOLAR-BETA-02,0.0,15.22072142062043,14.575118153512093,0.0,0.0
2023-10-13 00:30:00,SOLAR-BETA-02,0.0,12.317714261972096,12.873909777612308,0.0,0.0
2023-10-13 00:45:00,SOLAR-BETA-02,0.0,12.325222241870586,12.4423455553141,0.0,0.0
2023-10-13 01:00:00,SOLAR-BETA-02,0.0,10.0,12.557885252203283,0.0,0.0
2023-10-13 01:15:00,SOLAR-BETA-02,0.0,10.890433773176186,11.21780828369247,0.0,0.0
2023-10-13 01:30:00,SOLAR-BETA-02,0.0,10.0,9.567545957968884,0.0,0.0
2023-10-13 01:45:00,SOLAR-BETA-02,0.0,10.0,10.004036994185752,0.0,0.0
2023-10-13 02:00:00,SOLAR-BETA-02,0.0,10.0,10.489607131963085,0.0,0.0
2023-10-13 02:15:00,SOLAR-BETA-02,0.0,10.918444326693466,11.070733199934581,0.0,0.0
2023-10-13 02:30:00,SOLAR-BETA-02,0.0,13.439154642918151,12.145413300304408,0.0,0.0
2023-10-13 02:45:00,SOLAR-BETA-02,0.0,10.0,10.77933859183844,0.0,0.0
2023-10-13 03:00:00,SOLAR-BETA-02,0.0,10.0,10.805353251687883,0.0,0.0
2023-10-13 03:15:00,SOLAR-BETA-02,0.0,10.806021190950672,10.703790047033017,0.0,0.0
2023-10-13 03:30:00,SOLAR-BETA-02,0.0,12.082856088793216,13.955244256462182,0.0,0.0
2023-10-13 03:45:00,SOLAR-BETA-02,0.0,11.313699901291656,11.56919513108919,0.0,0.0
2023-10-13 04:00:00,SOLAR-BETA-02,0.0,11.518517152747012,12.655100969392766,0.0,0.0
2023-10-13 04:15:00,SOLAR-BETA-02,0.0,10.12562983207248,10.479704893425728,0.0,0.0
2023-10-13 04:30:00,SOLAR-BETA-02,0.0,14.853472878997382,13.472979448386893,0.0,0.0
2023-10-13 04:45:00,SOLAR-BETA-02,0.0,13.42618166720301,14.677782852275275,0.0,0.0
2023-10-13 05:00:00,SOLAR-BETA-02,0.0,11.555622582679277,9.86321865436015,0.0,0.0
2023-10-13 05:15:00,SOLAR-BETA-02,0.0,14.812796048078441,11.658349218249725,0.0,0.0
2023-10-13 05:30:00,SOLAR-BETA-02,0.0,16.22527576649649,16.950283394198763,0.0,0.0
2023-10-13 05:45:00,SOLAR-BETA-02,0.0,14.38837997892531,14.171958807916925,0.0,0.0
2023-10-13 06:00:00,SOLAR-BETA-02,0.0,15.69509984130286,16.370860404021077,0.0,0.0
2023-10-13 06:15:00,SOLAR-BETA-02,365.2919121474684,16.258496262801923,20.997642374059375,175.10721671628954,383.55650775484185
2023-10-13 06:30:00,SOLAR-BETA-02,230.61749427633345,18.509691505846632,20.753823482993017,107.24685922586033,242.14836899015012
2023-10-13 06:45:00,SOLAR-BETA-02,463.2702115136563,15.63988359460198,21.468166192283643,224.46660652671548,486.43372208933914
2023-10-13 07:00:00,SOLAR-BETA-02,407.68827413117697,18.673342749141035,21.81664944138364,199.9209603596257,428.0726878377358
2023-10-13 07:15:00,SOLAR-BETA-02,526.5705637649485,17.728205661447692,24.82614379477723,256.4332608372039,552.8990919531959
2023-10-13 07:30:00,SOLAR-BETA-02,643.4863926988126,19.229519840979545,28.11360887414361,324.708409469,675.6607123337532
2023-10-13 07:45:00,SOLAR-BETA-02,867.502516160915,17.900701928229537,28.306849557254793,437.1025237083108,910.8776419689608
2023-10-13 08:00:00,SOLAR-BETA-02,699.6706995153058,21.920467029078207,32.05605777773852,363.85557427642374,734.6542344910712
2023-10-13 08:15:00,SOLAR-BETA-02,1129.7557805871033,20.38212497244841,33.39268220438263,579.0889683306863,1186.2435696164587
2023-10-13 08:30:00,SOLAR-BETA-02,848.2836511153217,23.57911323533061,34.62015232984182,447.47422101479185,890.6978336710879
2023-10-13 08:45:00,SOLAR-BETA-02,1077.8534466832593,24.407036023602167,38.391974071015746,565.3007950212136,1131.7461190174224
2023-10-13 09:00:00,SOLAR-BETA-02,1142.0283284686639,24.74090516378518,40.69115718692732,606.0744453661997,1199.129744892097
2023-10-13 09:15:00,SOLAR-BETA-02,1239.732778454838,22.028867822076588,36.37036414590333,644.9745640526268,1301.71941737758
2023-10-13 09:30:00,SOLAR-BETA-02,1207.9809941764397,21.69482300370521,37.67428334841675,639.2951742883346,1268.3800438852618
2023-10-13 09:45:00,SOLAR-BETA-02,1278.3474141669394,26.63005894880718,43.61364391597011,693.2891222723284,1342.2647848752865
2023-10-13 10:00:00,SOLAR-BETA-02,1340.8280819669164,22.455012284483796,39.34459750623387,710.1008097058783,1407.8694860652624
2023-10-13 10:15:00,SOLAR-BETA-02,1418.6181472577573,21.028597788021024,41.3988641140746,763.6507316861555,1489.5490546206452
2023-10-13 10:30:00,SOLAR-BETA-02,1420.1128256268148,26.479348324320718,45.77153644277189,771.0468993854599,1491.1184669081556
2023-10-13 10:45:00,SOLAR-BETA-02,1354.8191530270071,24.929240870606726,42.60411056365933,727.0054799698657,1422.5601106783577
2023-10-13 11:00:00,SOLAR-BETA-02,1397.7909465726436,25.535247506285582,42.72944779347456,753.960427262056,1467.680493901276
2023-10-13 11:15:00,SOLAR-BETA-02,1532.5017262506108,28.799169222875257,51.06266157178815,852.7179588490875,1609.1268125631414
2023-10-13 11:30:00,SOLAR-BETA-02,1510.771298881918,26.473191245187728,47.74307421271531,832.7807774780986,1586.309863826014
2023-10-13 11:45:00,SOLAR-BETA-02,1437.8696423738425,28.662579936465214,47.7640680235139,792.0989047181569,1509.7631244925346
2023-10-13 12:00:00,SOLAR-BETA-02,1485.5953767049928,30.984286742835966,50.63446758119548,824.760238557048,1559.8751455402426
2023-10-13 12:15:00,SOLAR-BETA-02,1641.4720134083414,27.355978040542247,50.015562963637876,914.2606331656816,1723.5456140787585
2023-10-13 12:30:00,SOLAR-BETA-02,1536.4891940514815,30.634653102382725,53.17225828367178,868.2936033092094,1613.3136537540556
2023-10-13 12:45:00,SOLAR-BETA-02,1678.0940205856914,24.698343612047932,48.940283412439044,923.3110608021225,1761.9987216149761
2023-10-13 13:00:00,SOLAR-BETA-02,1458.9054586590046,30.340678769455522,50.74577768348889,821.9858893616047,1531.8507315919549
2023-10-13 13:15:00,SOLAR-BETA-02,1399.130640315443,30.963049491921275,50.197307695945234,776.0881363820546,1469.0871723312152
2023-10-13 13:30:00,SOLAR-BETA-02,1311.360883676157,32.12770196326864,49.35087586697774,728.2000514326161,1376.928927859965
2023-10-13 13:45:00,SOLAR-BETA-02,1317.5331856929254,29.299313338192942,47.220486394755504,730.6058271252216,1383.4098449775718
2023-10-13 14:00:00,SOLAR-BETA-02,1392.2902966938561,26.923862697296855,45.30166879881576,756.110194928071,1461.904811528549
2023-10-13 14:15:00,SOLAR-BETA-02,1186.294207099578,27.096858109211592,42.52914479728838,635.1040571801477,1245.6089174545568
2023-10-13 14:30:00,SOLAR-BETA-02,1075.6583021760448,33.492437579957596,47.76979377305625,600.8102423085151,1129.4412172848472
2023-10-13 14:45:00,SOLAR-BETA-02,1234.9869303442654,26.959973534627974,43.912675471961975,664.1384036843737,1296.7362768614787
2023-10-13 15:00:00,SOLAR-BETA-02,988.405268336156,31.956633610103097,44.76167796328173,548.120978776137,1037.8255317529638
2023-10-13 15:15:00,SOLAR-BETA-02,1021.9852868609102,31.293002684486726,45.97458864856197,562.3559820973433,1073.0845512039557
2023-10-13 15:30:00,SOLAR-BETA-02,907.6603026125306,33.144884581566956,45.65471402862062,497.1058083884231,953.0433177431571
2023-10-13 15:45:00,SOLAR-BETA-02,884.2174063361077,29.218819956082044,39.80789525890874,469.9496025227609,928.4282766529132
2023-10-13 16:00:00,SOLAR-BETA-02,869.9995001765367,29.517783253282253,40.304383304258636,461.54443145145905,913.4994751853635
2023-10-13 16:15:00,SOLAR-BETA-02,716.6363696463159,26.379213528282175,36.194189538165524,373.2700820677922,752.4681881286317
2023-10-13 16:30:00,SOLAR-BETA-02,710.5651884116048,24.84087223900157,35.522895831501536,382.54718455135037,746.0934478321851
2023-10-13 16:45:00,SOLAR-BETA-02,408.84005088887466,27.53186878336563,32.854850446126925,204.7706901718642,429.2820534333184
2023-10-13 17:00:00,SOLAR-BETA-02,276.64063125559414,29.811289002392172,33.76141899517221,146.37060093450344,290.47266281837386
2023-10-13 17:15:00,SOLAR-BETA-02,157.40481997357588,27.10506248069047,29.147960966451958,92.25443459187896,165.2750609722547
2023-10-13 17:30:00,SOLAR-BETA-02,147.49193970526414,24.087250691497953,27.289503026948328,79.83108679844314,154.86653669052737
2023-10-13 17:45:00,SOLAR-BETA-02,0.0,26.959326478905307,27.47438624710184,15.31014298326842,0.0
2023-10-13 18:00:00,SOLAR-BETA-02,0.0,28.333240206317825,27.600203171635016,11.503639515026615,0.0
2023-10-13 18:15:00,SOLAR-BETA-02,0.0,20.77528634976263,21.088180036030582,0.0,0.0
2023-10-13 18:30:00,SOLAR-BETA-02,0.0,24.750336234289982,23.771030410152513,0.0,0.0
2023-10-13 18:45:00,SOLAR-BETA-02,0.0,22.891484676190874,22.93686451352493,0.0,0.0
2023-10-13 19:00:00,SOLAR-BETA-02,0.0,22.897123587812125,22.80084165649983,0.0,0.0
2023-10-13 19:15:00,SOLAR-BETA-02,0.0,22.41762626752656,23.170951934682314,0.0,0.0
2023-10-13 19:30:00,SOLAR-BETA-02,0.0,21.53188370108333,22.019388310411944,0.0,0.0
2023-10-13 19:45:00,SOLAR-BETA-02,0.0,20.527415356886813,18.869299926875804,0.0,0.0
2023-10-13 20:00:00,SOLAR-BETA-02,0.0,17.802494847622505,17.33342050157007,0.0,0.0
2023-10-13 20:15:00,SOLAR-BETA-02,0.0,19.882589414700007,20.300519892601905,0.0,0.0
2023-10-13 20:30:00,SOLAR-BETA-02,0.0,16.11182969707339,15.373504514953382,0.0,0.0
2023-10-13 20:45:00,SOLAR-BETA-02,0.0,19.695829142528368,18.767100909782496,0.0,0.0
2023-10-13 21:00:00,SOLAR-BETA-02,0.0,16.304867868948833,15.56183698943197,0.0,0.0
2023-10-13 21:15:00,SOLAR-BETA-02,0.0,15.750033665761203,15.6428543554679,0.0,0.0
2023-10-13 21:30:00,SOLAR-BETA-02,0.0,13.752913870236648,15.062188991741785,0.0,0.0
2023-10-13 21:45:00,SOLAR-BETA-02,0.0,14.390573188600818,13.908298882382516,0.0,0.0
2023-10-13 22:00:00,SOLAR-BETA-02,0.0,12.046835845198629,10.406440911261521,0.0,0.0
2023-10-13 22:15:00,SOLAR-BETA-02,0.0,15.677937464641088,15.229302496716187,0.0,0.0
2023-10-13 22:30:00,SOLAR-BETA-02,0.0,15.12704331883009,16.77426621313024,0.0,0.0
2023-10-13 22:45:00,SOLAR-BETA-02,0.0,13.935993119558672,16.294314368877938,0.0,0.0
2023-10-13 23:00:00,SOLAR-BETA-02,0.0,15.09134139319669,14.445674669527577,0.0,0.0
2023-10-13 23:15:00,SOLAR-BETA-02,0.0,13.512355519294328,13.651432686598888,0.0,0.0
2023-10-13 23:30:00,SOLAR-BETA-02,0.0,11.049536265405372,11.415593283465842,0.0,0.0
2023-10-13 23:45:00,SOLAR-BETA-02,0.0,12.923661296304607,12.448969675585118,0.0,0.0
2023-10-14 00:00:00,SOLAR-BETA-02,0.0,11.062942400461873,10.9696486797283,0.0,0.0
2023-10-14 00:15:00,SOLAR-BETA-02,0.0,14.477265481427525,15.051440783502647,0.0,0.0
2023-10-14 00:30:00,SOLAR-BETA-02,0.0,10.0,10.084713706181033,0.0,0.0
2023-10-14 00:45:00,SOLAR-BETA-02,0.0,10.602516569859345,10.535133789072967,0.0,0.0
2023-10-14 01:00:00,SOLAR-BETA-02,0.0,10.0,9.353801544645929,0.0,0.0
2023-10-14 01:15:00,SOLAR-BETA-02,0.0,11.101455097514883,9.239938618070937,0.0,0.0
2023-10-14 01:30:00,SOLAR-BETA-02,0.0,10.0,8.232585138843168,0.0,0.0
2023-10-14 01:45:00,SOLAR-BETA-02,0.0,10.0,11.277732509965851,0.0,0.0
2023-10-14 02:00:00,SOLAR-BETA-02,0.0,10.0,10.842355969526874,0.0,0.0
2023-10-14 02:15:00,SOLAR-BETA-02,0.0,10.978448607366694,10.242177102233407,0.0,0.0
2023-10-14 02:30:00,SOLAR-BETA-02,0.0,13.273908110182585,13.461891868809936,0.0,0.0
2023-10-14 02:45:00,SOLAR-BETA-02,0.0,10.367307543821626,10.654968934032626,0.0,0.0
2023-10-14 03:00:00,SOLAR-BETA-02,0.0,10.0,9.416509205278844,0.0,0.0
2023-10-14 03:15:00,SOLAR-BETA-02,0.0,11.345301375435003,13.089096182378722,0.0,0.0
2023-10-14 03:30:00,SOLAR-BETA-02,0.0,10.0,11.839539730018855,0.0,0.0
2023-10-14 03:45:00,SOLAR-BETA-02,0.0,10.0,9.474036789350032,0.0,0.0
2023-10-14 04:00:00,SOLAR-BETA-02,0.0,11.218353911935717,9.24294088326876,0.0,0.0
2023-10-14 04:15:00,SOLAR-BETA-02,0.0,10.0,8.620284413697748,0.0,0.0
2023-10-14 04:30:00,SOLAR-BETA-02,0.0,12.262839844693763,12.91393817627641,0.0,0.0
2023-10-14 04:45:00,SOLAR-BETA-02,0.0,14.645609486218827,15.647769066831128,0.0,0.0
2023-10-14 05:00:00,SOLAR-BETA-02,0.0,12.404579337174823,14.420791848119531,0.0,0.0
2023-10-14 05:15:00,SOLAR-BETA-02,0.0,11.011216937209184,9.376199640800232,0.0,0.0
2023-10-14 05:30:00,SOLAR-BETA-02,0.0,16.211267520471576,18.00008399866328,0.0,0.0
2023-10-14 05:45:00,SOLAR-BETA-02,0.0,14.608310968044416,15.2181309505875,0.0,0.0
2023-10-14 06:00:00,SOLAR-BETA-02,160.26043610546623,13.287649513184665,15.7574894400932,67.57799363474322,168.27345791073955
2023-10-14 06:15:00,SOLAR-BETA-02,0.0,13.465312341235453,13.085287419029063,9.702658329782778,0.0
2023-10-14 06:30:00,SOLAR-BETA-02,0.0,18.97453790783019,21.24677277318859,49.31264716207432,0.0
2023-10-14 06:45:00,SOLAR-BETA-02,299.4604464279754,13.066824291679271,16.593087076178655,148.1839587572175,314.4334687493742
2023-10-14 07:00:00,SOLAR-BETA-02,457.7532109283352,16.81965370019799,21.09430246382105,228.0930103132271,480.640871474752
2023-10-14 07:15:00,SOLAR-BETA-02,578.9291177658039,17.414267286938298,24.176595351058474,289.1598109977937,607.8755736540941
2023-10-14 07:30:00,SOLAR-BETA-02,633.9464737571456,20.48239196175854,27.145377740778162,323.4303885843256,665.6437974450029
2023-10-14 07:45:00,SOLAR-BETA-02,671.96064120327,18.73863820636459,27.098728940614258,339.8094529876929,705.5586732634335
2023-10-14 08:00:00,SOLAR-BETA-02,907.3603886954263,21.960558012271544,33.4580636280359,480.5483299034422,952.7284081301976
2023-10-14 08:15:00,SOLAR-BETA-02,958.1340124668351,18.37206855713894,30.853826373782837,489.274817442932,1006.0407130901768
2023-10-14 08:30:00,SOLAR-BETA-02,856.6194278039042,22.28954420039732,31.8974147672739,452.15983320130186,899.4503991940994
2023-10-14 08:45:00,SOLAR-BETA-02,1037.4092378223506,20.36191066601667,34.44895851361912,532.3630758796338,1089.2796997134683
2023-10-14 09:00:00,SOLAR-BETA-02,885.5259086741751,27.13096054862092,40.348211598122596,470.7849910310044,929.8022041078839
2023-10-14 09:15:00,SOLAR-BETA-02,1147.7891456162806,24.776739057747484,39.90552945775737,620.2207996122286,1205.1786028970946
2023-10-14 09:30:00,SOLAR-BETA-02,1154.6079519646194,22.765409590426245,39.92482741597843,617.0251450230053,1212.3383495628505
2023-10-14 09:45:00,SOLAR-BETA-02,1271.3289202591834,27.36296867024724,44.48407943716111,686.4826704881716,1334.8953662721426
2023-10-14 10:00:00,SOLAR-BETA-02,1487.9856232809286,22.626691415199797,43.58588110380018,797.3458762328324,1562.384904444975
2023-10-14 10:15:00,SOLAR-BETA-02,1424.0666975104368,23.620982359001054,43.57303829808636,762.2024279039483,1495.2700323859588
2023-10-14 10:30:00,SOLAR-BETA-02,1295.0336866189168,25.29172170035212,42.423680980161635,706.065480090815,1359.7853709498627
2023-10-14 10:45:00,SOLAR-BETA-02,1366.7160502958232,22.978396974609616,41.936824518767686,734.19352902308,1435.0518528106143
2023-10-14 11:00:00,SOLAR-BETA-02,1510.4339473560144,28.196270610889293,48.56638129128728,826.7562881925963,1585.955644723815
2023-10-14 11:15:00,SOLAR-BETA-02,1410.2753241768744,23.69234836047701,42.399408628528086,752.2557861905099,1480.7890903857183
2023-10-14 11:30:00,SOLAR-BETA-02,1456.5748994710261,26.92979727160563,47.34380635131599,793.9984443856113,1529.4036444445776
2023-10-14 11:45:00,SOLAR-BETA-02,1411.724286023534,27.91275538925147,45.77738897555047,773.1755454331557,1482.3105003247108
2023-10-14 12:00:00,SOLAR-BETA-02,1296.39353173863,28.599469179529606,46.10147893193048,709.4638310093975,1361.2132083255615
2023-10-14 12:15:00,SOLAR-BETA-02,1601.379272122171,27.427413874450384,51.55192173719931,894.6853526551963,1681.4482357282795
2023-10-14 12:30:00,SOLAR-BETA-02,1427.4956422384926,27.43417166062289,48.32414353639507,790.7185609204442,1498.8704243504174
2023-10-14 12:45:00,SOLAR-BETA-02,1469.6624930914852,27.289069709020584,50.08042501551041,811.2228956361575,1543.1456177460595
2023-10-14 13:00:00,SOLAR-BETA-02,1380.7261900653384,30.625677244439217,51.895976967314695,767.2762051123992,1449.7624995686053
2023-10-14 13:15:00,SOLAR-BETA-02,1453.4827042028062,29.938373485592013,49.5323415568591,807.565385066614,1526.1568394129465
2023-10-14 13:30:00,SOLAR-BETA-02,1281.9913303952728,32.86242172834877,50.68032485859542,709.8421884780787,1346.0908969150366
2023-10-14 13:45:00,SOLAR-BETA-02,1275.7583872729733,32.777338538018554,52.156410912606546,712.422419261773,1339.5463066366221
2023-10-14 14:00:00,SOLAR-BETA-02,1184.3360993652832,31.71845997001104,46.785741740568824,650.6132561286684,1243.5529043335473
2023-10-14 14:15:00,SOLAR-BETA-02,1280.4602874918924,28.951246760912714,45.7362755476369,687.935559703171,1344.483301866487
2023-10-14 14:30:00,SOLAR-BETA-02,1181.011839568285,29.634851130661993,45.340887240393876,647.1234488431542,1240.0624315466994
2023-10-14 14:45:00,SOLAR-BETA-02,1081.2075754888433,33.0330064928835,47.95165586661448,596.9697271690088,1135.2679542632854
2023-10-14 15:00:00,SOLAR-BETA-02,986.0605400339746,29.895170825797038,42.30765254510975,525.056558564079,1035.3635670356734
2023-10-14 15:15:00,SOLAR-BETA-02,1025.4684478957156,30.530868431267155,44.40322377817745,558.7915312897875,1076.7418702905015
2023-10-14 15:30:00,SOLAR-BETA-02,774.1780146168087,32.762624376818664,43.409401003934974,421.15274687743386,812.8869153476492
2023-10-14 15:45:00,SOLAR-BETA-02,813.9418042923214,28.412257508044583,39.556033026632406,424.66353929403664,854.6388945069375
2023-10-14 16:00:00,SOLAR-BETA-02,675.9990368595406,25.891177848240854,36.19649045445649,349.58990017587735,709.7989887025177
2023-10-14 16:15:00,SOLAR-BETA-02,893.3191421123671,28.738314936317764,39.19020444854544,478.9401376338173,937.9850992179855
2023-10-14 16:30:00,SOLAR-BETA-02,555.2863047270885,29.902846402835962,36.32452009328121,290.21714225797064,583.050619963443
2023-10-14 16:45:00,SOLAR-BETA-02,481.8751212270289,25.500702528439867,31.131426462976194,249.02061744771598,505.9688772883804
2023-10-14 17:00:00,SOLAR-BETA-02,464.8325793804688,26.57234365739833,33.628727002402215,243.30314999536188,488.07420834949227
2023-10-14 17:15:00,SOLAR-BETA-02,335.4798139667535,26.464144844691596,29.727800596129416,166.53873209202084,352.2538046650912
2023-10-14 17:30:00,SOLAR-BETA-02,270.39285754261493,27.11667922451069,30.043967480967996,132.49131410698396,283.9125004197457
2023-10-14 17:45:00,SOLAR-BETA-02,122.42494042799463,27.15162613137584,29.190890876911162,56.16699851975052,128.54618744939435
2023-10-14 18:00:00,SOLAR-BETA-02,140.28191271769768,26.60477285731648,26.981661194745627,74.39600032887957,147.29600835358258
2023-10-14 18:15:00,SOLAR-BETA-02,0.0,26.285936376072012,25.41031943162414,0.0,0.0
2023-10-14 18:30:00,SOLAR-BETA-02,0.0,25.123232802594938,24.553753359645114,0.0,0.0
2023-10-14 18:45:00,SOLAR-BETA-02,0.0,25.305490107211877,27.21385830285404,0.0,0.0
2023-10-14 19:00:00,SOLAR-BETA-02,0.0,27.646108485194205,28.932444874884073,0.0,0.0
2023-10-14 19:15:00,SOLAR-BETA-02,0.0,20.5195170897304,20.694818051201914,0.0,0.0
2023-10-14 19:30:00,SOLAR-BETA-02,0.0,18.623077357943377,17.207333128900547,0.0,0.0
2023-10-14 19:45:00,SOLAR-BETA-02,0.0,18.13553627189915,18.305077830660977,0.0,0.0
2023-10-14 20:00:00,SOLAR-BETA-02,0.0,18.34599592063842,18.587732672693875,0.0,0.0
2023-10-14 20:15:00,SOLAR-BETA-02,0.0,18.646337352142936,21.731283323592173,0.0,0.0
2023-10-14 20:30:00,SOLAR-BETA-02,0.0,17.534858126052338,16.077027540009205,0.0,0.0
2023-10-14 20:45:00,SOLAR-BETA-02,0.0,17.3848890554876,18.77506671150346,0.0,0.0
2023-10-14 21:00:00,SOLAR-BETA-02,0.0,24.847382636991522,25.041619752623262,0.0,0.0
2023-10-14 21:15:00,SOLAR-BETA-02,0.0,17.279884881332006,16.681322881123243,0.0,0.0
2023-10-14 21:30:00,SOLAR-BETA-02,0.0,16.86729424080173,16.990577516089942,0.0,0.0
2023-10-14 21:45:00,SOLAR-BETA-02,0.0,16.90196009251671,16.404570615795286,0.0,0.0
2023-10-14 22:00:00,SOLAR-BETA-02,0.0,14.930983135559996,13.576088012235802,0.0,0.0
2023-10-14 22:15:00,SOLAR-BETA-02,0.0,12.716919241800394,12.967666849110284,0.0,0.0
2023-10-14 22:30:00,SOLAR-BETA-02,0.0,16.63488834693374,17.65399873720015,0.0,0.0
2023-10-14 22:45:00,SOLAR-BETA-02,0.0,14.051459936657471,12.48664146950414,0.0,0.0
2023-10-14 23:00:00,SOLAR-BETA-02,0.0,15.89617721110192,17.093795697166257,0.0,0.0
2023-10-14 23:15:00,SOLAR-BETA-02,0.0,10.865964735657466,9.698969959081989,0.0,0.0
2023-10-14 23:30:00,SOLAR-BETA-02,0.0,10.0,9.074718015624425,0.0,0.0
2023-10-14 23:45:00,SOLAR-BETA-02,0.0,14.513046025542735,12.501888296069863,0.0,0.0
2023-10-15 00:00:00,SOLAR-BETA-02,0.0,13.56511355628647,12.260567293003309,0.0,0.0
2023-10-15 00:15:00,SOLAR-BETA-02,0.0,11.606118635535315,11.83469939817655,0.0,0.0
2023-10-15 00:30:00,SOLAR-BETA-02,0.0,10.0,10.474013881577205,0.0,0.0
2023-10-15 00:45:00,SOLAR-BETA-02,0.0,13.214079713338771,13.202849944557231,0.0,0.0
2023-10-15 01:00:00,SOLAR-BETA-02,0.0,10.0,9.21125805261241,0.0,0.0
2023-10-15 01:15:00,SOLAR-BETA-02,0.0,10.0,9.253657480379001,0.0,0.0
2023-10-15 01:30:00,SOLAR-BETA-02,0.0,10.0,8.102442901923713,0.0,0.0
2023-10-15 01:45:00,SOLAR-BETA-02,0.0,11.069860694469467,10.846258898867577,0.0,0.0
2023-10-15 02:00:00,SOLAR-BETA-02,0.0,10.0,9.742529230767571,0.0,0.0
2023-10-15 02:15:00,SOLAR-BETA-02,0.0,10.169684032548458,10.415634310279405,0.0,0.0
2023-10-15 02:30:00,SOLAR-BETA-02,0.0,11.539369968360921,9.82797605680532,0.0,0.0
2023-10-15 02:45:00,SOLAR-BETA-02,0.0,12.33774788026694,13.390335307063339,0.0,0.0
2023-10-15 03:00:00,SOLAR-BETA-02,0.0,10.0,9.47817433736113,0.0,0.0
2023-10-15 03:15:00,SOLAR-BETA-02,0.0,10.506098033991428,11.174117250940265,0.0,0.0
2023-10-15 03:30:00,SOLAR-BETA-02,0.0,11.399018037029805,10.882269634608184,0.0,0.0
2023-10-15 03:45:00,SOLAR-BETA-02,0.0,10.0,9.707856207635459,0.0,0.0
2023-10-15 04:00:00,SOLAR-BETA-02,0.0,10.617127209326064,10.608572503702927,0.0,0.0
2023-10-15 04:15:00,SOLAR-BETA-02,0.0,12.677505264914604,13.398751011831228,0.0,0.0
2023-10-15 04:30:00,SOLAR-BETA-02,0.0,13.531658733166754,14.125859671590156,0.0,0.0
2023-10-15 04:45:00,SOLAR-BETA-02,0.0,15.959043017937763,15.851980047687174,0.0,0.0
2023-10-15 05:00:00,SOLAR-BETA-02,0.0,10.0,9.498452799667527,0.0,0.0
2023-10-15 05:15:00,SOLAR-BETA-02,0.0,15.02461829711758,16.79258552550468,0.0,0.0
2023-10-15 05:30:00,SOLAR-BETA-02,0.0,12.309614022548265,12.543042583943441,0.0,0.0
2023-10-15 05:45:00,SOLAR-BETA-02,0.0,16.220065685071344,15.883526325605624,0.0,0.0
2023-10-15 06:00:00,SOLAR-BETA-02,0.0,16.162840777190052,17.069728938580294,0.0,0.0
2023-10-15 06:15:00,SOLAR-BETA-02,187.04602122296654,15.82507851430159,18.69080052446876,96.15162853830454,196.39832228411487
2023-10-15 06:30:00,SOLAR-BETA-02,272.4273353872555,13.120122568137237,17.36748495713362,133.32597588222185,286.0487021566183
2023-10-15 06:45:00,SOLAR-BETA-02,395.1459582190631,17.24131551561218,24.17713402440519,198.3062511518787,414.9032561300163
2023-10-15 07:00:00,SOLAR-BETA-02,239.49492368656794,16.72197907835915,20.623957442546484,114.76212737954988,251.46966987089635
2023-10-15 07:15:00,SOLAR-BETA-02,467.8111828087413,20.334485949099854,26.852013767978946,236.9659074248651,491.20174194917837
2023-10-15 07:30:00,SOLAR-BETA-02,674.559938108655,20.76456434436691,28.908563178783602,347.14836793855943,708.2879350140878
2023-10-15 07:45:00,SOLAR-BETA-02,652.7003688270717,21.451393076521,30.46537856214469,337.47007477588545,685.3353872684253
2023-10-15 08:00:00,SOLAR-BETA-02,683.8771883924375,20.322308746379047,30.65185663956612,350.34327455688737,718.0710478120594
2023-10-15 08:15:00,SOLAR-BETA-02,870.4208995965712,22.552570460962738,32.875921921285034,451.9568894944735,913.9419445763998
2023-10-15 08:30:00,SOLAR-BETA-02,871.0860531766712,22.76026650906766,34.59635627037157,457.78719633843036,914.6403558355048
2023-10-15 08:45:00,SOLAR-BETA-02,987.4692738460973,22.699764652280848,37.10713472277293,526.9697032762398,1036.8427375384022
2023-10-15 09:00:00,SOLAR-BETA-02,988.5027435743743,24.427095182082883,37.799483572701064,512.6206816779325,1037.9278807530932
2023-10-15 09:15:00,SOLAR-BETA-02,1039.9567476380232,20.614840471279393,31.84798169827247,534.9097990829156,1091.9545850199245
2023-10-15 09:30:00,SOLAR-BETA-02,1386.4659990040436,17.33883987845453,35.99661981318296,722.0850817652494,1455.7892989542459
2023-10-15 09:45:00,SOLAR-BETA-02,1308.7443417214713,22.78328147039359,40.50423063259698,693.5917206336187,1374.181558807545
2023-10-15 10:00:00,SOLAR-BETA-02,1312.6199959850408,25.756326733851626,43.490480394861514,712.8210528858974,1378.2509957842929
2023-10-15 10:15:00,SOLAR-BETA-02,1414.8906838939647,23.162385319200915,42.7879710073209,763.6543593818284,1485.635218088663
2023-10-15 10:30:00,SOLAR-BETA-02,1408.3761584325057,24.347294651520617,43.711155360436926,762.1637622655734,1478.794966354131
2023-10-15 10:45:00,SOLAR-BETA-02,1385.450084625515,25.44534388291945,42.68081281848539,746.7887930403623,1454.722588856791
2023-10-15 11:00:00,SOLAR-BETA-02,1348.8494988620869,25.90006770333194,46.212394428321595,743.3883404614954,1416.2919738051912
2023-10-15 11:15:00,SOLAR-BETA-02,1530.3889787372077,28.43390924631149,49.57830232766207,847.559017435123,1606.9084276740682
2023-10-15 11:30:00,SOLAR-BETA-02,1505.02555139503,27.937257737920923,48.01168821264453,826.4188554006162,1580.2768289647818
2023-10-15 11:45:00,SOLAR-BETA-02,1570.2989293970825,26.01196911688251,48.24606994025764,866.2607420831903,1648.8138758669368
2023-10-15 12:00:00,SOLAR-BETA-02,1406.0557102293735,27.30394050209279,45.67581425872459,766.1489143676573,1476.3584957408423
2023-10-15 12:15:00,SOLAR-BETA-02,1423.2931459802946,31.2761806312835,51.00261047650039,790.0569544854393,1494.4578032793095
2023-10-15 12:30:00,SOLAR-BETA-02,1333.8002722049484,29.930013786732985,49.35463263779643,740.8759357591875,1400.4902858151959
2023-10-15 12:45:00,SOLAR-BETA-02,1504.5754983497682,28.894928746457964,47.16866148354957,825.3800018954696,1579.8042732672566
2023-10-15 13:00:00,SOLAR-BETA-02,1242.6014252610003,29.555948523912335,47.04651177675274,682.5173821533776,1304.7314965240503
2023-10-15 13:15:00,SOLAR-BETA-02,1259.3255021708835,27.542150755231347,45.27270740827092,687.2529963064497,1322.2917772794278
2023-10-15 13:30:00,SOLAR-BETA-02,1435.426560555911,28.764752210347766,48.73809719405647,792.2765058465267,1507.1978885837066
2023-10-15 13:45:00,SOLAR-BETA-02,1289.6920951346342,31.865505217227298,49.16102021792346,711.7654298742848,1354.176699891366
2023-10-15 14:00:00,SOLAR-BETA-02,1171.4740767382752,30.32023398823362,46.81947070919566,644.8713686955978,1230.047780575189
2023-10-15 14:15:00,SOLAR-BETA-02,1187.1374620859924,31.925255290279008,48.57742156543277,645.3364937318327,1246.494335190292
2023-10-15 14:30:00,SOLAR-BETA-02,1158.0783120685733,29.393696560738693,43.91032933786448,623.2952199659903,1215.982227672002
2023-10-15 14:45:00,SOLAR-BETA-02,970.894281761945,27.156198557789644,41.078580015434596,521.6022384878082,1019.4389958500423
2023-10-15 15:00:00,SOLAR-BETA-02,1092.7231838184198,29.67531592507653,43.65102941241119,591.8106392836766,1147.3593430093408
2023-10-15 15:15:00,SOLAR-BETA-02,1116.077692130321,31.71117834851535,46.61668728456234,611.242314748841,1171.8815767368371
2023-10-15 15:30:00,SOLAR-BETA-02,825.0330115710079,27.166598885951654,37.999370438923194,444.48285496871875,866.2846621495584
2023-10-15 15:45:00,SOLAR-BETA-02,910.3879202368998,26.715479471927576,37.9744364227658,478.7827142580474,955.9073162487449
2023-10-15 16:00:00,SOLAR-BETA-02,719.6376138109204,28.708573809513506,37.51129405222288,374.9311739363344,755.6194945014664
2023-10-15 16:15:00,SOLAR-BETA-02,700.6193274052683,28.920121673247365,37.733176403470054,374.9239947729793,735.6502937755317
2023-10-15 16:30:00,SOLAR-BETA-02,482.57736251555286,23.50961689786574,28.484915262439074,242.85100588442083,506.70623064133054
2023-10-15 16:45:00,SOLAR-BETA-02,550.1092812065597,26.6310833238897,35.5120913616979,282.5219710375079,577.6147452668877
2023-10-15 17:00:00,SOLAR-BETA-02,150.04941202616115,28.466297673796312,32.648492411607705,80.32121940269822,157.5518826274692
2023-10-15 17:15:00,SOLAR-BETA-02,238.36948674626774,23.347040730377948,26.275265544520472,114.2189662557322,250.28796108358114
2023-10-15 17:30:00,SOLAR-BETA-02,117.6892555720874,27.224905820177437,29.089636436854338,60.04641033042999,123.57371835069178
2023-10-15 17:45:00,SOLAR-BETA-02,0.0,29.536082472421867,28.839280799180834,42.19016125589804,0.0
2023-10-15 18:00:00,SOLAR-BETA-02,0.0,23.64047181706181,25.304558267753634,0.0,0.0
2023-10-15 18:15:00,SOLAR-BETA-02,0.0,27.746082798534243,28.75990593220706,0.0,0.0
2023-10-15 18:30:00,SOLAR-BETA-02,0.0,23.659055513027344,25.416683860723065,0.0,0.0
2023-10-15 18:45:00,SOLAR-BETA-02,0.0,25.78477081781178,24.720803496448497,0.0,0.0
2023-10-15 19:00:00,SOLAR-BETA-02,0.0,22.76492777422923,23.092155072222575,0.0,0.0
2023-10-15 19:15:00,SOLAR-BETA-02,0.0,22.07313833800963,23.564575885019995,0.0,0.0
2023-10-15 19:30:00,SOLAR-BETA-02,0.0,23.405513326595088,22.63259226525493,0.0,0.0
2023-10-15 19:45:00,SOLAR-BETA-02,0.0,19.165042725953,19.990414413381544,0.0,0.0
2023-10-15 20:00:00,SOLAR-BETA-02,0.0,21.838805341334382,23.39420998120363,0.0,0.0
2023-10-15 20:15:00,SOLAR-BETA-02,0.0,23.377204693097887,23.92304404015283,0.0,0.0
2023-10-15 20:30:00,SOLAR-BETA-02,0.0,18.74790802540974,18.997731502424195,0.0,0.0
2023-10-15 20:45:00,SOLAR-BETA-02,0.0,15.889170420989375,17.580217760170267,0.0,0.0
2023-10-15 21:00:00,SOLAR-BETA-02,0.0,18.433896050881675,17.636970808347208,0.0,0.0
2023-10-15 21:15:00,SOLAR-BETA-02,0.0,14.93877555235994,15.737586861472625,0.0,0.0
2023-10-15 21:30:00,SOLAR-BETA-02,0.0,17.52574504734853,17.01459346078681,0.0,0.0
2023-10-15 21:45:00,SOLAR-BETA-02,0.0,14.546314920500798,13.351481849591977,0.0,0.0
2023-10-15 22:00:00,SOLAR-BETA-02,0.0,11.806919023322838,11.194389799337472,0.0,0.0
2023-10-15 22:15:00,SOLAR-BETA-02,0.0,13.773990987098761,12.839354612966668,0.0,0.0
2023-10-15 22:30:00,SOLAR-BETA-02,0.0,13.158811722119207,13.885111313769094,0.0,0.0
2023-10-15 22:45:00,SOLAR-BETA-02,0.0,14.878902146910459,14.602106657322796,0.0,0.0
2023-10-15 23:00:00,SOLAR-BETA-02,0.0,13.566328948524026,13.846040576294737,0.0,0.0
2023-10-15 23:15:00,SOLAR-BETA-02,0.0,10.66449965864922,11.207772571227569,0.0,0.0
2023-10-15 23:30:00,SOLAR-BETA-02,0.0,10.059149715656666,9.301123371903957,0.0,0.0
2023-10-15 23:45:00,SOLAR-BETA-02,0.0,10.0,10.146639655345703,0.0,0.0
2023-10-16 00:00:00,SOLAR-BETA-02,0.0,10.963032429881041,11.19033437502831,0.0,0.0
2023-10-16 00:15:00,SOLAR-BETA-02,0.0,10.759205365558751,8.700210303927594,0.0,0.0
2023-10-16 00:30:00,SOLAR-BETA-02,0.0,10.372837346143344,10.690780897644505,0.0,0.0
2023-10-16 00:45:00,SOLAR-BETA-02,0.0,12.51739342472561,12.739269798610591,0.0,0.0
2023-10-16 01:00:00,SOLAR-BETA-02,0.0,10.0,11.250015666270627,0.0,0.0
2023-10-16 01:15:00,SOLAR-BETA-02,0.0,10.0,10.121809971286647,0.0,0.0
2023-10-16 01:30:00,SOLAR-BETA-02,0.0,10.871223677159403,10.24577510870199,0.0,0.0
2023-10-16 01:45:00,SOLAR-BETA-02,0.0,10.0,9.925186946246352,0.0,0.0
2023-10-16 02:00:00,SOLAR-BETA-02,0.0,10.0,10.95088632811621,0.0,0.0
2023-10-16 02:15:00,SOLAR-BETA-02,0.0,10.0,9.496408962398647,0.0,0.0
2023-10-16 02:30:00,SOLAR-BETA-02,0.0,10.0,9.051494663511576,0.0,0.0
2023-10-16 02:45:00,SOLAR-BETA-02,0.0,10.0,10.109276209324333,0.0,0.0
2023-10-16 03:00:00,SOLAR-BETA-02,0.0,11.17100276663177,11.274025742068876,0.0,0.0
2023-10-16 03:15:00,SOLAR-BETA-02,0.0,10.0,9.700575699624505,0.0,0.0
2023-10-16 03:30:00,SOLAR-BETA-02,0.0,12.923648602598044,13.086660452947513,0.0,0.0
2023-10-16 03:45:00,SOLAR-BETA-02,0.0,12.673918131997734,13.19947104598701,0.0,0.0
2023-10-16 04:00:00,SOLAR-BETA-02,0.0,10.0,10.45679347895317,0.0,0.0
2023-10-16 04:15:00,SOLAR-BETA-02,0.0,10.555769791851851,9.637025841614225,0.0,0.0
2023-10-16 04:30:00,SOLAR-BETA-02,0.0,10.223881962425935,8.991885264828891,0.0,0.0
2023-10-16 04:45:00,SOLAR-BETA-02,0.0,12.248927961291303,13.741679503024905,0.0,0.0
2023-10-16 05:00:00,SOLAR-BETA-02,0.0,15.424563652036145,16.342481730524863,0.0,0.0
2023-10-16 05:15:00,SOLAR-BETA-02,0.0,14.133528931263065,14.139340675387631,0.0,0.0
2023-10-16 05:30:00,SOLAR-BETA-02,0.0,14.3054468344725,14.774851355166836,0.0,0.0
2023-10-16 05:45:00,SOLAR-BETA-02,0.0,16.099235750091296,16.27225803803355,0.0,0.0
2023-10-16 06:00:00,SOLAR-BETA-02,0.0,17.50793013938077,17.01514389041923,0.0,0.0
2023-10-16 06:15:00,SOLAR-BETA-02,205.18399830510205,19.552098010488386,20.571513058395805,102.9017327283945,215.44319822035717
2023-10-16 06:30:00,SOLAR-BETA-02,255.7981611928699,16.87902815195175,18.172759229919585,125.25326320541055,268.58806925251344
2023-10-16 06:45:00,SOLAR-BETA-02,349.12496706717127,16.13776654406378,19.52239424482723,174.59067508243328,366.5812154205299
2023-10-16 07:00:00,SOLAR-BETA-02,369.7928179358738,18.721248349523798,23.836498709249216,182.66756949247292,388.28245883266754
2023-10-16 07:15:00,SOLAR-BETA-02,460.71856603702906,17.98521230227568,22.447202468683084,234.35329797839918,483.75449433888053
2023-10-16 07:30:00,SOLAR-BETA-02,576.1969174997671,17.38869760798018,23.50574170683624,292.65758203961036,605.0067633747555
2023-10-16 07:45:00,SOLAR-BETA-02,468.6019357128068,19.945633427481376,26.95741716203557,241.5816227796235,492.03203249844717
2023-10-16 08:00:00,SOLAR-BETA-02,876.1011002721347,17.400534538643683,28.642182506262298,443.6818211505082,919.9061552857414
2023-10-16 08:15:00,SOLAR-BETA-02,910.3465793601167,22.709154263024217,34.984084803462345,474.7509882359956,955.8639083281226
2023-10-16 08:30:00,SOLAR-BETA-02,942.7380269058303,20.642499265615555,32.74631348390252,486.7422901130673,989.8749282511219
2023-10-16 08:45:00,SOLAR-BETA-02,1010.1776379496313,26.156711984111766,36.24948715563422,527.461114860666,1060.6865198471128
2023-10-16 09:00:00,SOLAR-BETA-02,1063.5740730812943,24.761653609348482,39.12977083430429,556.3560803249873,1116.752776735359
2023-10-16 09:15:00,SOLAR-BETA-02,1172.9624306443682,24.84919972670681,41.65937711714618,630.9532747543205,1231.6105521765867
2023-10-16 09:30:00,SOLAR-BETA-02,1176.3759527968675,22.15291109148063,37.56135833318514,619.068907137998,1235.194750436711
2023-10-16 09:45:00,SOLAR-BETA-02,1220.071073877432,23.51389243755678,40.48674065769059,646.7520047271785,1281.0746275713036
2023-10-16 10:00:00,SOLAR-BETA-02,1262.4348918229657,23.684508878618214,40.286621823373636,673.166919978827,1325.556636414114
2023-10-16 10:15:00,SOLAR-BETA-02,1337.3095010978172,29.960332889107256,47.674837991693465,739.2673533396447,1404.1749761527083
2023-10-16 10:30:00,SOLAR-BETA-02,1358.8642122607428,24.60897726155668,43.53787789483357,739.2015931834167,1426.80742287378
2023-10-16 10:45:00,SOLAR-BETA-02,1378.8550720710102,25.476312822592757,46.06774240814491,747.6659554781002,1447.7978256745607
2023-10-16 11:00:00,SOLAR-BETA-02,1397.8754243607066,27.466870050747143,45.1719743924862,758.7486665673342,1467.769195578742
2023-10-16 11:15:00,SOLAR-BETA-02,1474.9642975976885,26.108198600187585,45.374593056151554,812.7082037476192,1548.712512477573
2023-10-16 11:30:00,SOLAR-BETA-02,1413.2488596573676,28.471412234040002,48.41111251348863,773.3761434335993,1483.911302640236
2023-10-16 11:45:00,SOLAR-BETA-02,1403.9698354971308,29.386739980178998,49.82346920600071,777.4348055159733,1474.1683272719874
2023-10-16 12:00:00,SOLAR-BETA-02,1448.87563578158,30.535012293483998,50.82010545354359,805.1454940953671,1521.3194175706592
2023-10-16 12:15:00,SOLAR-BETA-02,1324.8370467334648,33.88518482151559,53.67153789268533,748.245134413241,1391.078899070138
2023-10-16 12:30:00,SOLAR-BETA-02,1444.24226147864,28.169900207688936,47.384603818555604,800.1617266755283,1516.454374552572
2023-10-16 12:45:00,SOLAR-BETA-02,1433.1815910029216,29.599720542442807,48.957893529883144,792.3097011980813,1504.8406705530676
2023-10-16 13:00:00,SOLAR-BETA-02,1473.7130490749444,31.152170161742653,50.00587885054159,816.7801594145643,1547.3987015286916
2023-10-16 13:15:00,SOLAR-BETA-02,1368.835930309465,28.108735127895937,46.187346000210226,744.1615183813692,1437.2777268249383
2023-10-16 13:30:00,SOLAR-BETA-02,1438.442345570553,28.121489140510054,47.76051834746279,792.1152412767466,1510.3644628490808
2023-10-16 13:45:00,SOLAR-BETA-02,1462.6716108422634,31.927277339770395,52.88987893590785,815.8313586702766,1535.8051913843765
2023-10-16 14:00:00,SOLAR-BETA-02,1164.5651580045298,31.267382142787028,46.08985095641657,637.8336223650774,1222.7934159047563
2023-10-16 14:15:00,SOLAR-BETA-02,1205.588825815417,29.700660890760844,45.30686573200775,656.0802555277435,1265.868267106188
2023-10-16 14:30:00,SOLAR-BETA-02,1163.3936944608936,28.79209628471454,45.77254086732871,634.2697462685645,1221.5633791839384
2023-10-16 14:45:00,SOLAR-BETA-02,1107.4258344504958,29.361939836305766,43.68019840181186,603.3349645898184,1162.7971261730206
